All Data,,,,https://docs.google.com/spreadsheets/d/1h0duUBjW9TodESqnlJPdLuK9jl0RrSVYBI7R_S05M0M/edit#gid=2025921830,Filtered Data,,Full Data,,,First 2 Lines,,,First 3 Lines,,,First 4 Lines,
Weekday,Formation,Region,Patpm,,,,Weekday,Count,,Weekday,Count,,Weekday,Count,,Weekday,Count
Sunday,41341,EU,3.6,3str,413,,,,,,,,,,,,
Sunday,41342,EU,3.6,3str,413,,,,,,,,,,,,
Sunday,41342,EU,3.6,3str,413,,,,,,,,,,,,
Sunday,42230,EU,3.6,2str,42,,,,,,,,,,,,
Sunday,42241,EU,3.6,3str,422,,,,,,,,,,,,
Sunday,42321,EU,3.6,3str,423,,,,,,,,,,,,
Sunday,43221,EU,3.6,3str,432,,,,,,,,,,,,
Sunday,43313,EU,3.6,3str,433,,,,,,,,,,,,
Sunday,44134,EU,3.6,3str,441,,,,,,,,,,,,
Sunday,44144,EU,3.6,3str,441,,,,,,,,,,,,
Sunday,44334,EU,3.6,3str,443,,,,,,,,,,,,
Sunday,44444,EU,3.6,3str,444,,,,,,,,,,,,
Monday,41121,EU,3.6,3str,411,,,,,,,,,,,,
Monday,44232,EU,3.6,3str,442,,,,,,,,,,,,
Monday,44234,EU,3.6,3str,442,,,,,,,,,,,,
Monday,44433,EU,3.6,3str,444,,,,,,,,,,,,
Monday,44444,EU,3.6,3str,444,,,,,,,,,,,,
Tuesday,41133,EU,3.6,3str,411,,,,,,,,,,,,
Tuesday,41142,EU,3.6,3str,411,,,,,,,,,,,,
Tuesday,41211,EU,3.6,3str,412,,,,,,,,,,,,
Tuesday,42232,EU,3.6,3str,422,,,,,,,,,,,,
Tuesday,44421,EU,3.6,3str,444,,,,,,,,,,,,
Wednesday,41114,EU,3.6,3str,411,,,,,,,,,,,,
Wednesday,41122,EU,3.6,3str,411,,,,,,,,,,,,
Wednesday,41412,EU,3.6,3str,414,,,,,,,,,,,,
Wednesday,41432,EU,3.6,3str,414,,,,,,,,,,,,
Wednesday,42413,EU,3.6,3str,424,,,,,,,,,,,,
Wednesday,43132,EU,3.6,3str,431,,,,,,,,,,,,
Wednesday,43210,EU,3.6,2str,43,,,,,,,,,,,,
Wednesday,43432,EU,3.6,3str,434,,,,,,,,,,,,
Wednesday,44113,EU,3.6,3str,441,,,,,,,,,,,,
Wednesday,44313,EU,3.6,3str,443,,,,,,,,,,,,
Wednesday,44331,EU,3.6,3str,443,,,,,,,,,,,,
Wednesday,44432,EU,3.6,3str,444,,,,,,,,,,,,
Thursday,41140,EU,3.6,2str,41,,,,,,,,,,,,
Thursday,41312,EU,3.6,3str,413,,,,,,,,,,,,
Thursday,41344,EU,3.6,3str,413,,,,,,,,,,,,
Thursday,41421,EU,3.6,3str,414,,,,,,,,,,,,
Thursday,42124,EU,3.6,3str,421,,,,,,,,,,,,
Thursday,42143,EU,3.6,3str,421,,,,,,,,,,,,
Thursday,42212,EU,3.6,3str,422,,,,,,,,,,,,
Thursday,42411,EU,3.6,3str,424,,,,,,,,,,,,
Thursday,42412,EU,3.6,3str,424,,,,,,,,,,,,
Thursday,42434,EU,3.6,3str,424,,,,,,,,,,,,
Thursday,42441,EU,3.6,3str,424,,,,,,,,,,,,
Thursday,43144,EU,3.6,3str,431,,,,,,,,,,,,
Thursday,43231,EU,3.6,3str,432,,,,,,,,,,,,
Thursday,43243,EU,3.6,3str,432,,,,,,,,,,,,
Thursday,43320,EU,3.6,2str,43,,,,,,,,,,,,
Thursday,43331,EU,3.6,3str,433,,,,,,,,,,,,
Thursday,43443,EU,3.6,3str,434,,,,,,,,,,,,
Thursday,44242,EU,3.6,3str,442,,,,,,,,,,,,
Thursday,44322,EU,3.6,3str,443,,,,,,,,,,,,
Thursday,44323,EU,3.6,3str,443,,,,,,,,,,,,
Thursday,44332,EU,3.6,3str,443,,,,,,,,,,,,
Thursday,44341,EU,3.6,3str,443,,,,,,,,,,,,
Friday,41113,EU,3.6,3str,411,,,,,,,,,,,,
Friday,42141,EU,3.6,3str,421,,,,,,,,,,,,
Friday,42322,EU,3.6,3str,423,,,,,,,,,,,,
Friday,42334,EU,3.6,3str,423,,,,,,,,,,,,
Friday,43121,EU,3.6,3str,431,,,,,,,,,,,,
Friday,43233,EU,3.6,3str,432,,,,,,,,,,,,
Friday,44131,EU,3.6,3str,441,,,,,,,,,,,,
Saturday,41112,EU,3.6,3str,411,,,,,,,,,,,,
Saturday,41134,EU,3.6,3str,411,,,,,,,,,,,,
Saturday,41244,EU,3.6,3str,412,,,,,,,,,,,,
Saturday,41311,EU,3.6,3str,413,,,,,,,,,,,,
Saturday,41322,EU,3.6,3str,413,,,,,,,,,,,,
Saturday,41411,EU,3.6,3str,414,,,,,,,,,,,,
Saturday,41424,EU,3.6,3str,414,,,,,,,,,,,,
Saturday,41442,EU,3.6,3str,414,,,,,,,,,,,,
Saturday,42132,EU,3.6,3str,421,,,,,,,,,,,,
Saturday,42224,EU,3.6,3str,422,,,,,,,,,,,,
Saturday,42313,EU,3.6,3str,423,,,,,,,,,,,,
Saturday,43123,EU,3.6,3str,431,,,,,,,,,,,,
Saturday,43142,EU,3.6,3str,431,,,,,,,,,,,,
Saturday,43211,EU,3.6,3str,432,,,,,,,,,,,,
Saturday,43322,EU,3.6,3str,433,,,,,,,,,,,,
Saturday,43342,EU,3.6,3str,433,,,,,,,,,,,,
Saturday,44124,EU,3.6,3str,441,,,,,,,,,,,,
Saturday,44212,EU,3.6,3str,442,,,,,,,,,,,,
Saturday,44423,EU,3.6,3str,444,,,,,,,,,,,,
Sunday,41100,EU,3.6,2str,41,,,,,,,,,,,,
Sunday,41310,EU,3.6,2str,41,,,,,,,,,,,,
Sunday,41320,EU,3.6,2str,41,,,,,,,,,,,,
Sunday,41341,EU,3.6,3str,413,,,,,,,,,,,,
Sunday,41342,EU,3.6,3str,413,,,,,,,,,,,,
Sunday,41342,EU,3.6,3str,413,,,,,,,,,,,,
Sunday,41410,EU,3.6,2str,41,,,,,,,,,,,,
Sunday,42230,EU,3.6,2str,42,,,,,,,,,,,,
Sunday,42241,EU,3.6,3str,422,,,,,,,,,,,,
Sunday,42310,EU,3.6,2str,42,,,,,,,,,,,,
Sunday,42321,EU,3.6,3str,423,,,,,,,,,,,,
Sunday,42420,EU,3.6,2str,42,,,,,,,,,,,,
Sunday,43220,EU,3.6,2str,43,,,,,,,,,,,,
Sunday,43221,EU,3.6,3str,432,,,,,,,,,,,,
Sunday,43230,EU,3.6,2str,43,,,,,,,,,,,,
Sunday,43230,EU,3.6,2str,43,,,,,,,,,,,,
Sunday,43313,EU,3.6,3str,433,,,,,,,,,,,,
Sunday,43320,EU,3.6,2str,43,,,,,,,,,,,,
Sunday,44134,EU,3.6,3str,441,,,,,,,,,,,,
Sunday,44140,EU,3.6,2str,44,,,,,,,,,,,,
Sunday,44144,EU,3.6,3str,441,,,,,,,,,,,,
Sunday,44334,EU,3.6,3str,443,,,,,,,,,,,,
Sunday,44340,EU,3.6,2str,44,,,,,,,,,,,,
Sunday,44340,EU,3.6,2str,44,,,,,,,,,,,,
Sunday,44444,EU,3.6,3str,444,,,,,,,,,,,,
Monday,41121,EU,3.6,3str,411,,,,,,,,,,,,
Monday,41242,EU,3.6,3str,412,,,,,,,,,,,,
Monday,41320,EU,3.6,2str,41,,,,,,,,,,,,
Monday,41420,EU,3.6,2str,41,,,,,,,,,,,,
Monday,42130,EU,3.6,2str,42,,,,,,,,,,,,
Monday,42320,EU,3.6,2str,42,,,,,,,,,,,,
Monday,42340,EU,3.6,2str,42,,,,,,,,,,,,
Monday,42430,EU,3.6,2str,42,,,,,,,,,,,,
Monday,43000,EU,3.6,2str,43,,,,,,,,,,,,
Monday,43110,EU,3.6,2str,43,,,,,,,,,,,,
Monday,43130,EU,3.6,2str,43,,,,,,,,,,,,
Monday,43210,EU,3.6,2str,43,,,,,,,,,,,,
Monday,43240,EU,3.6,2str,43,,,,,,,,,,,,
Monday,43310,EU,3.6,2str,43,,,,,,,,,,,,
Monday,44232,EU,3.6,3str,442,,,,,,,,,,,,
Monday,44232,EU,3.6,3str,442,,,,,,,,,,,,
Monday,44234,EU,3.6,3str,442,,,,,,,,,,,,
Monday,44320,EU,3.6,2str,44,,,,,,,,,,,,
Monday,44433,EU,3.6,3str,444,,,,,,,,,,,,
Monday,44434,EU,3.6,3str,444,,,,,,,,,,,,
Monday,44444,EU,3.6,3str,444,,,,,,,,,,,,
Tuesday,41130,EU,3.6,2str,41,,,,,,,,,,,,
Tuesday,41133,EU,3.6,3str,411,,,,,,,,,,,,
Tuesday,41142,EU,3.6,3str,411,,,,,,,,,,,,
Tuesday,41211,EU,3.6,3str,412,,,,,,,,,,,,
Tuesday,41220,EU,3.6,2str,41,,,,,,,,,,,,
Tuesday,41400,EU,3.6,2str,41,,,,,,,,,,,,
Tuesday,42220,EU,3.6,2str,42,,,,,,,,,,,,
Tuesday,42232,EU,3.6,3str,422,,,,,,,,,,,,
Tuesday,42320,EU,3.6,2str,42,,,,,,,,,,,,
Tuesday,42424,EU,3.6,3str,424,,,,,,,,,,,,
Tuesday,43220,EU,3.6,2str,43,,,,,,,,,,,,
Tuesday,43240,EU,3.6,2str,43,,,,,,,,,,,,
Tuesday,43334,EU,3.6,3str,433,,,,,,,,,,,,
Tuesday,44421,EU,3.6,3str,444,,,,,,,,,,,,
Wednesday,41114,EU,3.6,3str,411,,,,,,,,,,,,
Wednesday,41120,EU,3.6,2str,41,,,,,,,,,,,,
Wednesday,41122,EU,3.6,3str,411,,,,,,,,,,,,
Wednesday,41220,EU,3.6,2str,41,,,,,,,,,,,,
Wednesday,41220,EU,3.6,2str,41,,,,,,,,,,,,
Wednesday,41221,EU,3.6,3str,412,,,,,,,,,,,,
Wednesday,41320,EU,3.6,2str,41,,,,,,,,,,,,
Wednesday,41330,EU,3.6,2str,41,,,,,,,,,,,,
Wednesday,41330,EU,3.6,2str,41,,,,,,,,,,,,
Wednesday,41400,EU,3.6,2str,41,,,,,,,,,,,,
Wednesday,41412,EU,3.6,3str,414,,,,,,,,,,,,
Wednesday,41420,EU,3.6,2str,41,,,,,,,,,,,,
Wednesday,41432,EU,3.6,3str,414,,,,,,,,,,,,
Wednesday,42100,EU,3.6,2str,42,,,,,,,,,,,,
Wednesday,42100,EU,3.6,2str,42,,,,,,,,,,,,
Wednesday,42111,EU,3.6,3str,421,,,,,,,,,,,,
Wednesday,42120,EU,3.6,2str,42,,,,,,,,,,,,
Wednesday,42210,EU,3.6,2str,42,,,,,,,,,,,,
Wednesday,42220,EU,3.6,2str,42,,,,,,,,,,,,
Wednesday,42240,EU,3.6,2str,42,,,,,,,,,,,,
Wednesday,42300,EU,3.6,2str,42,,,,,,,,,,,,
Wednesday,42300,EU,3.6,2str,42,,,,,,,,,,,,
Wednesday,42320,EU,3.6,2str,42,,,,,,,,,,,,
Wednesday,42330,EU,3.6,2str,42,,,,,,,,,,,,
Wednesday,42413,EU,3.6,3str,424,,,,,,,,,,,,
Wednesday,43110,EU,3.6,2str,43,,,,,,,,,,,,
Wednesday,43110,EU,3.6,2str,43,,,,,,,,,,,,
Wednesday,43130,EU,3.6,2str,43,,,,,,,,,,,,
Wednesday,43132,EU,3.6,3str,431,,,,,,,,,,,,
Wednesday,43140,EU,3.6,2str,43,,,,,,,,,,,,
Wednesday,43210,EU,3.6,2str,43,,,,,,,,,,,,
Wednesday,43330,EU,3.6,2str,43,,,,,,,,,,,,
Wednesday,43334,EU,3.6,3str,433,,,,,,,,,,,,
Wednesday,43340,EU,3.6,2str,43,,,,,,,,,,,,
Wednesday,43430,EU,3.6,2str,43,,,,,,,,,,,,
Wednesday,43432,EU,3.6,3str,434,,,,,,,,,,,,
Wednesday,43434,EU,3.6,3str,434,,,,,,,,,,,,
Wednesday,44110,EU,3.6,2str,44,,,,,,,,,,,,
Wednesday,44110,EU,3.6,2str,44,,,,,,,,,,,,
Wednesday,44113,EU,3.6,3str,441,,,,,,,,,,,,
Wednesday,44120,EU,3.6,2str,44,,,,,,,,,,,,
Wednesday,44130,EU,3.6,2str,44,,,,,,,,,,,,
Wednesday,44240,EU,3.6,2str,44,,,,,,,,,,,,
Wednesday,44313,EU,3.6,3str,443,,,,,,,,,,,,
Wednesday,44320,EU,3.6,2str,44,,,,,,,,,,,,
Wednesday,44331,EU,3.6,3str,443,,,,,,,,,,,,
Wednesday,44340,EU,3.6,2str,44,,,,,,,,,,,,
Wednesday,44340,EU,3.6,2str,44,,,,,,,,,,,,
Wednesday,44410,EU,3.6,2str,44,,,,,,,,,,,,
Wednesday,44420,EU,3.6,2str,44,,,,,,,,,,,,
Wednesday,44432,EU,3.6,3str,444,,,,,,,,,,,,
Wednesday,44440,EU,3.6,2str,44,,,,,,,,,,,,
Wednesday,44440,EU,3.6,2str,44,,,,,,,,,,,,
Thursday,41140,EU,3.6,2str,41,,,,,,,,,,,,
Thursday,41312,EU,3.6,3str,413,,,,,,,,,,,,
Thursday,41344,EU,3.6,3str,413,,,,,,,,,,,,
Thursday,41421,EU,3.6,3str,414,,,,,,,,,,,,
Thursday,42000,EU,3.6,2str,42,,,,,,,,,,,,
Thursday,42124,EU,3.6,3str,421,,,,,,,,,,,,
Thursday,42143,EU,3.6,3str,421,,,,,,,,,,,,
Thursday,42212,EU,3.6,3str,422,,,,,,,,,,,,
Thursday,42411,EU,3.6,3str,424,,,,,,,,,,,,
Thursday,42412,EU,3.6,3str,424,,,,,,,,,,,,
Thursday,42434,EU,3.6,3str,424,,,,,,,,,,,,
Thursday,42441,EU,3.6,3str,424,,,,,,,,,,,,
Thursday,42443,EU,3.6,3str,424,,,,,,,,,,,,
Thursday,43144,EU,3.6,3str,431,,,,,,,,,,,,
Thursday,43231,EU,3.6,3str,432,,,,,,,,,,,,
Thursday,43243,EU,3.6,3str,432,,,,,,,,,,,,
Thursday,43320,EU,3.6,2str,43,,,,,,,,,,,,
Thursday,43331,EU,3.6,3str,433,,,,,,,,,,,,
Thursday,43443,EU,3.6,3str,434,,,,,,,,,,,,
Thursday,44233,EU,3.6,3str,442,,,,,,,,,,,,
Thursday,44242,EU,3.6,3str,442,,,,,,,,,,,,
Thursday,44322,EU,3.6,3str,443,,,,,,,,,,,,
Thursday,44323,EU,3.6,3str,443,,,,,,,,,,,,
Thursday,44332,EU,3.6,3str,443,,,,,,,,,,,,
Thursday,44341,EU,3.6,3str,443,,,,,,,,,,,,
Friday,41113,EU,3.6,3str,411,,,,,,,,,,,,
Friday,41120,EU,3.6,2str,41,,,,,,,,,,,,
Friday,41130,EU,3.6,2str,41,,,,,,,,,,,,
Friday,41222,EU,3.6,3str,412,,,,,,,,,,,,
Friday,42141,EU,3.6,3str,421,,,,,,,,,,,,
Friday,42322,EU,3.6,3str,423,,,,,,,,,,,,
Friday,42334,EU,3.6,3str,423,,,,,,,,,,,,
Friday,43121,EU,3.6,3str,431,,,,,,,,,,,,
Friday,43233,EU,3.6,3str,432,,,,,,,,,,,,
Friday,43441,EU,3.6,3str,434,,,,,,,,,,,,
Friday,44120,EU,3.6,2str,44,,,,,,,,,,,,
Friday,44131,EU,3.6,3str,441,,,,,,,,,,,,
Friday,44320,EU,3.6,2str,44,,,,,,,,,,,,
Saturday,41100,EU,3.6,2str,41,,,,,,,,,,,,
Saturday,41112,EU,3.6,3str,411,,,,,,,,,,,,
Saturday,41120,EU,3.6,2str,41,,,,,,,,,,,,
Saturday,41120,EU,3.6,2str,41,,,,,,,,,,,,
Saturday,41134,EU,3.6,3str,411,,,,,,,,,,,,
Saturday,41220,EU,3.6,2str,41,,,,,,,,,,,,
Saturday,41220,EU,3.6,2str,41,,,,,,,,,,,,
Saturday,41220,EU,3.6,2str,41,,,,,,,,,,,,
Saturday,41220,EU,3.6,2str,41,,,,,,,,,,,,
Saturday,41220,EU,3.6,2str,41,,,,,,,,,,,,
Saturday,41220,EU,3.6,2str,41,,,,,,,,,,,,
Saturday,41244,EU,3.6,3str,412,,,,,,,,,,,,
Saturday,41311,EU,3.6,3str,413,,,,,,,,,,,,
Saturday,41322,EU,3.6,3str,413,,,,,,,,,,,,
Saturday,41410,EU,3.6,2str,41,,,,,,,,,,,,
Saturday,41410,EU,3.6,2str,41,,,,,,,,,,,,
Saturday,41411,EU,3.6,3str,414,,,,,,,,,,,,
Saturday,41420,EU,3.6,2str,41,,,,,,,,,,,,
Saturday,41424,EU,3.6,3str,414,,,,,,,,,,,,
Saturday,41430,EU,3.6,2str,41,,,,,,,,,,,,
Saturday,41430,EU,3.6,2str,41,,,,,,,,,,,,
Saturday,41442,EU,3.6,3str,414,,,,,,,,,,,,
Saturday,42110,EU,3.6,2str,42,,,,,,,,,,,,
Saturday,42110,EU,3.6,2str,42,,,,,,,,,,,,
Saturday,42132,EU,3.6,3str,421,,,,,,,,,,,,
Saturday,42224,EU,3.6,3str,422,,,,,,,,,,,,
Saturday,42230,EU,3.6,2str,42,,,,,,,,,,,,
Saturday,42230,EU,3.6,2str,42,,,,,,,,,,,,
Saturday,42310,EU,3.6,2str,42,,,,,,,,,,,,
Saturday,42313,EU,3.6,3str,423,,,,,,,,,,,,
Saturday,42320,EU,3.6,2str,42,,,,,,,,,,,,
Saturday,42320,EU,3.6,2str,42,,,,,,,,,,,,
Saturday,42410,EU,3.6,2str,42,,,,,,,,,,,,
Saturday,42420,EU,3.6,2str,42,,,,,,,,,,,,
Saturday,42420,EU,3.6,2str,42,,,,,,,,,,,,
Saturday,42430,EU,3.6,2str,42,,,,,,,,,,,,
Saturday,42430,EU,3.6,2str,42,,,,,,,,,,,,
Saturday,42440,EU,3.6,2str,42,,,,,,,,,,,,
Saturday,42440,EU,3.6,2str,42,,,,,,,,,,,,
Saturday,42440,EU,3.6,2str,42,,,,,,,,,,,,
Saturday,43120,EU,3.6,2str,43,,,,,,,,,,,,
Saturday,43120,EU,3.6,2str,43,,,,,,,,,,,,
Saturday,43123,EU,3.6,3str,431,,,,,,,,,,,,
Saturday,43142,EU,3.6,3str,431,,,,,,,,,,,,
Saturday,43210,EU,3.6,2str,43,,,,,,,,,,,,
Saturday,43210,EU,3.6,2str,43,,,,,,,,,,,,
Saturday,43211,EU,3.6,3str,432,,,,,,,,,,,,
Saturday,43230,EU,3.6,2str,43,,,,,,,,,,,,
Saturday,43240,EU,3.6,2str,43,,,,,,,,,,,,
Saturday,43240,EU,3.6,2str,43,,,,,,,,,,,,
Saturday,43240,EU,3.6,2str,43,,,,,,,,,,,,
Saturday,43310,EU,3.6,2str,43,,,,,,,,,,,,
Saturday,43310,EU,3.6,2str,43,,,,,,,,,,,,
Saturday,43310,EU,3.6,2str,43,,,,,,,,,,,,
Saturday,43320,EU,3.6,2str,43,,,,,,,,,,,,
Saturday,43322,EU,3.6,3str,433,,,,,,,,,,,,
Saturday,43342,EU,3.6,3str,433,,,,,,,,,,,,
Saturday,43410,EU,3.6,2str,43,,,,,,,,,,,,
Saturday,43410,EU,3.6,2str,43,,,,,,,,,,,,
Saturday,43410,EU,3.6,2str,43,,,,,,,,,,,,
Saturday,43420,EU,3.6,2str,43,,,,,,,,,,,,
Saturday,43420,EU,3.6,2str,43,,,,,,,,,,,,
Saturday,43430,EU,3.6,2str,43,,,,,,,,,,,,
Saturday,44110,EU,3.6,2str,44,,,,,,,,,,,,
Saturday,44124,EU,3.6,3str,441,,,,,,,,,,,,
Saturday,44130,EU,3.6,2str,44,,,,,,,,,,,,
Saturday,44130,EU,3.6,2str,44,,,,,,,,,,,,
Saturday,44130,EU,3.6,2str,44,,,,,,,,,,,,
Saturday,44210,EU,3.6,2str,44,,,,,,,,,,,,
Saturday,44210,EU,3.6,2str,44,,,,,,,,,,,,
Saturday,44210,EU,3.6,2str,44,,,,,,,,,,,,
Saturday,44210,EU,3.6,2str,44,,,,,,,,,,,,
Saturday,44212,EU,3.6,3str,442,,,,,,,,,,,,
Saturday,44220,EU,3.6,2str,44,,,,,,,,,,,,
Saturday,44240,EU,3.6,2str,44,,,,,,,,,,,,
Saturday,44320,EU,3.6,2str,44,,,,,,,,,,,,
Saturday,44322,EU,3.6,3str,443,,,,,,,,,,,,
Saturday,44330,EU,3.6,2str,44,,,,,,,,,,,,
Saturday,44330,EU,3.6,2str,44,,,,,,,,,,,,
Saturday,44420,EU,3.6,2str,44,,,,,,,,,,,,
Saturday,44420,EU,3.6,2str,44,,,,,,,,,,,,
Saturday,44423,EU,3.6,3str,444,,,,,,,,,,,,
Wednesday,43400,EU,3.6,2str,43,,,,,,,,,,,,
Wednesday,42300,EU,3.6,2str,42,,,,,,,,,,,,
Wednesday,44100,EU,3.6,2str,44,,,,,,,,,,,,
Wednesday,41100,EU,3.6,2str,41,,,,,,,,,,,,
Wednesday,42330,EU,3.6,2str,42,,,,,,,,,,,,
Thursday,42440,EU,3.6,2str,42,,,,,,,,,,,,
Thursday,44100,EU,3.6,2str,44,,,,,,,,,,,,
Thursday,44000,EU,3.6,2str,44,,,,,,,,,,,,
Thursday,44400,EU,3.6,2str,44,,,,,,,,,,,,
Thursday,41300,EU,3.6,2str,41,,,,,,,,,,,,
Thursday,44110,EU,3.6,2str,44,,,,,,,,,,,,
Friday,43000,EU,3.6,2str,43,,,,,,,,,,,,
Friday,41000,EU,3.6,2str,41,,,,,,,,,,,,
Friday,41000,EU,3.6,2str,41,,,,,,,,,,,,
Friday,41000,EU,3.6,2str,41,,,,,,,,,,,,
Friday,41000,EU,3.6,2str,41,,,,,,,,,,,,
Friday,44000,EU,3.6,2str,44,,,,,,,,,,,,
Friday,41000,EU,3.6,2str,41,,,,,,,,,,,,
Friday,41000,EU,3.6,2str,41,,,,,,,,,,,,
Friday,43000,EU,3.6,2str,43,,,,,,,,,,,,
Friday,44000,EU,3.6,2str,44,,,,,,,,,,,,
Friday,44000,EU,3.6,2str,44,,,,,,,,,,,,
Friday,43400,EU,3.6,2str,43,,,,,,,,,,,,
Friday,42000,EU,3.6,2str,42,,,,,,,,,,,,
Friday,44000,EU,3.6,2str,44,,,,,,,,,,,,
Friday,41000,EU,3.6,2str,41,,,,,,,,,,,,
Friday,42200,EU,3.6,2str,42,,,,,,,,,,,,
Friday,43000,EU,3.6,2str,43,,,,,,,,,,,,
Friday,42200,EU,3.6,2str,42,,,,,,,,,,,,
Friday,43000,EU,3.6,2str,43,,,,,,,,,,,,
Friday,42400,EU,3.6,2str,42,,,,,,,,,,,,
Friday,41400,EU,3.6,2str,41,,,,,,,,,,,,
Friday,44400,EU,3.6,2str,44,,,,,,,,,,,,
Friday,42400,EU,3.6,2str,42,,,,,,,,,,,,
Friday,43000,EU,3.6,2str,43,,,,,,,,,,,,
Friday,42120,EU,3.6,2str,42,,,,,,,,,,,,
Friday,44100,EU,3.6,2str,44,,,,,,,,,,,,
Friday,44100,EU,3.6,2str,44,,,,,,,,,,,,
Friday,43100,EU,3.6,2str,43,,,,,,,,,,,,
Friday,44200,EU,3.6,2str,44,,,,,,,,,,,,
Friday,44400,EU,3.6,2str,44,,,,,,,,,,,,
Friday,42100,EU,3.6,2str,42,,,,,,,,,,,,
Friday,44000,EU,3.6,2str,44,,,,,,,,,,,,
Friday,44000,EU,3.6,2str,44,,,,,,,,,,,,
Friday,43000,EU,3.6,2str,43,,,,,,,,,,,,
Friday,42400,EU,3.6,2str,42,,,,,,,,,,,,
Friday,41400,EU,3.6,2str,41,,,,,,,,,,,,
Friday,44440,EU,3.6,2str,44,,,,,,,,,,,,
Friday,43230,EU,3.6,2str,43,,,,,,,,,,,,
Friday,42200,EU,3.6,2str,42,,,,,,,,,,,,
Friday,41400,EU,3.6,2str,41,,,,,,,,,,,,
Friday,44440,EU,3.6,2str,44,,,,,,,,,,,,
Friday,43230,EU,3.6,2str,43,,,,,,,,,,,,
Friday,42200,EU,3.6,2str,42,,,,,,,,,,,,
Friday,42100,EU,3.6,2str,42,,,,,,,,,,,,
Friday,41410,EU,3.6,2str,41,,,,,,,,,,,,
Friday,41000,EU,3.6,2str,41,,,,,,,,,,,,
Friday,43100,EU,3.6,2str,43,,,,,,,,,,,,
Friday,42000,EU,3.6,2str,42,,,,,,,,,,,,
Friday,43000,EU,3.6,2str,43,,,,,,,,,,,,
Friday,41200,EU,3.6,2str,41,,,,,,,,,,,,
Friday,42100,EU,3.6,2str,42,,,,,,,,,,,,
Friday,42310,EU,3.6,2str,42,,,,,,,,,,,,
Friday,42000,EU,3.6,2str,42,,,,,,,,,,,,
Friday,41200,EU,3.6,2str,41,,,,,,,,,,,,
Friday,42100,EU,3.6,2str,42,,,,,,,,,,,,
Friday,42310,EU,3.6,2str,42,,,,,,,,,,,,
Friday,42000,EU,3.6,2str,42,,,,,,,,,,,,
Friday,44000,EU,3.6,2str,44,,,,,,,,,,,,
Friday,42230,EU,3.6,2str,42,,,,,,,,,,,,
Friday,43000,EU,3.6,2str,43,,,,,,,,,,,,
Friday,43000,EU,3.6,2str,43,,,,,,,,,,,,
Friday,43300,EU,3.6,2str,43,,,,,,,,,,,,
Friday,43300,EU,3.6,2str,43,,,,,,,,,,,,
Friday,43000,EU,3.6,2str,43,,,,,,,,,,,,
Friday,42200,EU,3.6,2str,42,,,,,,,,,,,,
Friday,43000,EU,3.6,2str,43,,,,,,,,,,,,
Friday,42400,EU,3.6,2str,42,,,,,,,,,,,,
Friday,41400,EU,3.6,2str,41,,,,,,,,,,,,
Friday,44400,EU,3.6,2str,44,,,,,,,,,,,,
Friday,42400,EU,3.6,2str,42,,,,,,,,,,,,
Friday,43000,EU,3.6,2str,43,,,,,,,,,,,,
Friday,42120,EU,3.6,2str,42,,,,,,,,,,,,
Friday,41100,EU,3.6,2str,41,,,,,,,,,,,,
Friday,44200,EU,3.6,2str,44,,,,,,,,,,,,
Friday,42000,EU,3.6,2str,42,,,,,,,,,,,,
Friday,42000,EU,3.6,2str,42,,,,,,,,,,,,
Friday,44000,EU,3.6,2str,44,,,,,,,,,,,,
Friday,44200,EU,3.6,2str,44,,,,,,,,,,,,
Friday,43210,EU,3.6,2str,43,,,,,,,,,,,,
Friday,42300,EU,3.6,2str,42,,,,,,,,,,,,
Friday,42000,EU,3.6,2str,42,,,,,,,,,,,,
Friday,44000,EU,3.6,2str,44,,,,,,,,,,,,
Friday,44000,EU,3.6,2str,44,,,,,,,,,,,,
Friday,41000,EU,3.6,2str,41,,,,,,,,,,,,
Friday,41100,EU,3.6,2str,41,,,,,,,,,,,,
Friday,41000,EU,3.6,2str,41,,,,,,,,,,,,
Friday,41000,EU,3.6,2str,41,,,,,,,,,,,,
Friday,44000,EU,3.6,2str,44,,,,,,,,,,,,
Friday,43000,EU,3.6,2str,43,,,,,,,,,,,,
Friday,44000,EU,3.6,2str,44,,,,,,,,,,,,
Friday,43000,EU,3.6,2str,43,,,,,,,,,,,,
Friday,41000,EU,3.6,2str,41,,,,,,,,,,,,
Friday,41000,EU,3.6,2str,41,,,,,,,,,,,,
Friday,42300,EU,3.6,2str,42,,,,,,,,,,,,
Friday,42000,EU,3.6,2str,42,,,,,,,,,,,,
Friday,43000,EU,3.6,2str,43,,,,,,,,,,,,
Friday,42200,EU,3.6,2str,42,,,,,,,,,,,,
Friday,41000,EU,3.6,2str,41,,,,,,,,,,,,
Friday,41000,EU,3.6,2str,41,,,,,,,,,,,,
Friday,42100,EU,3.6,2str,42,,,,,,,,,,,,
Friday,43000,EU,3.6,2str,43,,,,,,,,,,,,
Friday,43000,EU,3.6,2str,43,,,,,,,,,,,,
Friday,41000,EU,3.6,2str,41,,,,,,,,,,,,
Friday,41000,EU,3.6,2str,41,,,,,,,,,,,,
Friday,41000,EU,3.6,2str,41,,,,,,,,,,,,
Friday,41000,EU,3.6,2str,41,,,,,,,,,,,,
Friday,44000,EU,3.6,2str,44,,,,,,,,,,,,
Friday,41000,EU,3.6,2str,41,,,,,,,,,,,,
Friday,41000,EU,3.6,2str,41,,,,,,,,,,,,
Friday,43000,EU,3.6,2str,43,,,,,,,,,,,,
Friday,44000,EU,3.6,2str,44,,,,,,,,,,,,
Friday,44000,EU,3.6,2str,44,,,,,,,,,,,,
Friday,43400,EU,3.6,2str,43,,,,,,,,,,,,
Friday,42000,EU,3.6,2str,42,,,,,,,,,,,,
Friday,44000,EU,3.6,2str,44,,,,,,,,,,,,
Friday,41000,EU,3.6,2str,41,,,,,,,,,,,,
Friday,42200,EU,3.6,2str,42,,,,,,,,,,,,
Friday,43000,EU,3.6,2str,43,,,,,,,,,,,,
Friday,42200,EU,3.6,2str,42,,,,,,,,,,,,
Friday,43000,EU,3.6,2str,43,,,,,,,,,,,,
Friday,42400,EU,3.6,2str,42,,,,,,,,,,,,
Friday,41400,EU,3.6,2str,41,,,,,,,,,,,,
Friday,44400,EU,3.6,2str,44,,,,,,,,,,,,
Friday,42400,EU,3.6,2str,42,,,,,,,,,,,,
Friday,43000,EU,3.6,2str,43,,,,,,,,,,,,
Friday,42120,EU,3.6,2str,42,,,,,,,,,,,,
Friday,44100,EU,3.6,2str,44,,,,,,,,,,,,
Friday,44100,EU,3.6,2str,44,,,,,,,,,,,,
Friday,43100,EU,3.6,2str,43,,,,,,,,,,,,
Friday,44200,EU,3.6,2str,44,,,,,,,,,,,,
Friday,44400,EU,3.6,2str,44,,,,,,,,,,,,
Friday,42100,EU,3.6,2str,42,,,,,,,,,,,,
Friday,44000,EU,3.6,2str,44,,,,,,,,,,,,
Friday,44000,EU,3.6,2str,44,,,,,,,,,,,,
Friday,43000,EU,3.6,2str,43,,,,,,,,,,,,
Friday,42400,EU,3.6,2str,42,,,,,,,,,,,,
Friday,41400,EU,3.6,2str,41,,,,,,,,,,,,
Friday,44440,EU,3.6,2str,44,,,,,,,,,,,,
Friday,43230,EU,3.6,2str,43,,,,,,,,,,,,
Friday,42200,EU,3.6,2str,42,,,,,,,,,,,,
Friday,41400,EU,3.6,2str,41,,,,,,,,,,,,
Friday,44440,EU,3.6,2str,44,,,,,,,,,,,,
Friday,43230,EU,3.6,2str,43,,,,,,,,,,,,
Friday,42200,EU,3.6,2str,42,,,,,,,,,,,,
Friday,42100,EU,3.6,2str,42,,,,,,,,,,,,
Friday,41410,EU,3.6,2str,41,,,,,,,,,,,,
Friday,41000,EU,3.6,2str,41,,,,,,,,,,,,
Friday,43100,EU,3.6,2str,43,,,,,,,,,,,,
Friday,42000,EU,3.6,2str,42,,,,,,,,,,,,
Friday,43000,EU,3.6,2str,43,,,,,,,,,,,,
Friday,41200,EU,3.6,2str,41,,,,,,,,,,,,
Friday,42100,EU,3.6,2str,42,,,,,,,,,,,,
Friday,42310,EU,3.6,2str,42,,,,,,,,,,,,
Friday,42000,EU,3.6,2str,42,,,,,,,,,,,,
Friday,41200,EU,3.6,2str,41,,,,,,,,,,,,
Friday,42100,EU,3.6,2str,42,,,,,,,,,,,,
Friday,42310,EU,3.6,2str,42,,,,,,,,,,,,
Friday,42000,EU,3.6,2str,42,,,,,,,,,,,,
Friday,44000,EU,3.6,2str,44,,,,,,,,,,,,
Friday,42230,EU,3.6,2str,42,,,,,,,,,,,,
Friday,43000,EU,3.6,2str,43,,,,,,,,,,,,
Friday,43000,EU,3.6,2str,43,,,,,,,,,,,,
Friday,43300,EU,3.6,2str,43,,,,,,,,,,,,
Friday,43300,EU,3.6,2str,43,,,,,,,,,,,,
Friday,43000,EU,3.6,2str,43,,,,,,,,,,,,
Friday,42200,EU,3.6,2str,42,,,,,,,,,,,,
Friday,43000,EU,3.6,2str,43,,,,,,,,,,,,
Friday,42400,EU,3.6,2str,42,,,,,,,,,,,,
Friday,41400,EU,3.6,2str,41,,,,,,,,,,,,
Friday,44400,EU,3.6,2str,44,,,,,,,,,,,,
Friday,42400,EU,3.6,2str,42,,,,,,,,,,,,
Friday,43000,EU,3.6,2str,43,,,,,,,,,,,,
Friday,42120,EU,3.6,2str,42,,,,,,,,,,,,
Friday,41100,EU,3.6,2str,41,,,,,,,,,,,,
Friday,44200,EU,3.6,2str,44,,,,,,,,,,,,
Friday,42000,EU,3.6,2str,42,,,,,,,,,,,,
Friday,42000,EU,3.6,2str,42,,,,,,,,,,,,
Friday,44000,EU,3.6,2str,44,,,,,,,,,,,,
Friday,44200,EU,3.6,2str,44,,,,,,,,,,,,
Friday,43210,EU,3.6,2str,43,,,,,,,,,,,,
Friday,42300,EU,3.6,2str,42,,,,,,,,,,,,
Friday,42000,EU,3.6,2str,42,,,,,,,,,,,,
Friday,44000,EU,3.6,2str,44,,,,,,,,,,,,
Friday,44000,EU,3.6,2str,44,,,,,,,,,,,,
Friday,41000,EU,3.6,2str,41,,,,,,,,,,,,
Friday,41100,EU,3.6,2str,41,,,,,,,,,,,,
Friday,41000,EU,3.6,2str,41,,,,,,,,,,,,
Friday,41000,EU,3.6,2str,41,,,,,,,,,,,,
Friday,44000,EU,3.6,2str,44,,,,,,,,,,,,
Friday,43000,EU,3.6,2str,43,,,,,,,,,,,,
Friday,44000,EU,3.6,2str,44,,,,,,,,,,,,
Friday,43000,EU,3.6,2str,43,,,,,,,,,,,,
Friday,41000,EU,3.6,2str,41,,,,,,,,,,,,
Friday,41000,EU,3.6,2str,41,,,,,,,,,,,,
Friday,42300,EU,3.6,2str,42,,,,,,,,,,,,
Friday,42000,EU,3.6,2str,42,,,,,,,,,,,,
Friday,43000,EU,3.6,2str,43,,,,,,,,,,,,
Friday,42200,EU,3.6,2str,42,,,,,,,,,,,,
Friday,41000,EU,3.6,2str,41,,,,,,,,,,,,
Friday,41000,EU,3.6,2str,41,,,,,,,,,,,,
Friday,42100,EU,3.6,2str,42,,,,,,,,,,,,
Friday,43000,EU,3.6,2str,43,,,,,,,,,,,,
Friday,42100,EU,3.6,2str,42,,,,,,,,,,,,
Friday,43200,EU,3.6,2str,43,,,,,,,,,,,,
Friday,43200,EU,3.6,2str,43,,,,,,,,,,,,
Friday,41100,EU,3.6,2str,41,,,,,,,,,,,,
Friday,44400,EU,3.6,2str,44,,,,,,,,,,,,
Friday,42400,EU,3.6,2str,42,,,,,,,,,,,,
Friday,42400,EU,3.6,2str,42,,,,,,,,,,,,
Friday,43400,EU,3.6,2str,43,,,,,,,,,,,,
Friday,42100,EU,3.6,2str,42,,,,,,,,,,,,
Friday,42300,EU,3.6,2str,42,,,,,,,,,,,,
Friday,41400,EU,3.6,2str,41,,,,,,,,,,,,
Friday,42100,EU,3.6,2str,42,,,,,,,,,,,,
Friday,42200,EU,3.6,2str,42,,,,,,,,,,,,
Friday,41300,EU,3.6,2str,41,,,,,,,,,,,,
Friday,42000,EU,3.6,2str,42,,,,,,,,,,,,
Friday,43400,EU,3.6,2str,43,,,,,,,,,,,,
Friday,43300,EU,3.6,2str,43,,,,,,,,,,,,
Friday,44220,EU,3.6,2str,44,,,,,,,,,,,,
Friday,43000,EU,3.6,2str,43,,,,,,,,,,,,
Friday,41300,EU,3.6,2str,41,,,,,,,,,,,,
Friday,44300,EU,3.6,2str,44,,,,,,,,,,,,
Friday,41000,EU,3.6,2str,41,,,,,,,,,,,,
Friday,42300,EU,3.6,2str,42,,,,,,,,,,,,
Friday,42200,EU,3.6,2str,42,,,,,,,,,,,,
Friday,43300,EU,3.6,2str,43,,,,,,,,,,,,
Friday,42200,EU,3.6,2str,42,,,,,,,,,,,,
Friday,43300,EU,3.6,2str,43,,,,,,,,,,,,
Friday,41340,EU,3.6,2str,41,,,,,,,,,,,,
Friday,41000,EU,3.6,2str,41,,,,,,,,,,,,
Friday,41000,EU,3.6,2str,41,,,,,,,,,,,,
Friday,44000,EU,3.6,2str,44,,,,,,,,,,,,
Friday,44000,EU,3.6,2str,44,,,,,,,,,,,,
Friday,42100,EU,3.6,2str,42,,,,,,,,,,,,
Friday,44000,EU,3.6,2str,44,,,,,,,,,,,,
Friday,42000,EU,3.6,2str,42,,,,,,,,,,,,
Friday,43000,EU,3.6,2str,43,,,,,,,,,,,,
Friday,44000,EU,3.6,2str,44,,,,,,,,,,,,
Friday,44420,EU,3.6,2str,44,,,,,,,,,,,,
Friday,41330,EU,3.6,2str,41,,,,,,,,,,,,
Friday,43300,EU,3.6,2str,43,,,,,,,,,,,,
Friday,44000,EU,3.6,2str,44,,,,,,,,,,,,
Friday,43000,EU,3.6,2str,43,,,,,,,,,,,,
Friday,43100,EU,3.6,2str,43,,,,,,,,,,,,
Friday,41200,EU,3.6,2str,41,,,,,,,,,,,,
Friday,42400,EU,3.6,2str,42,,,,,,,,,,,,
Friday,43110,EU,3.6,2str,43,,,,,,,,,,,,
Friday,42000,EU,3.6,2str,42,,,,,,,,,,,,
Friday,41240,EU,3.6,2str,41,,,,,,,,,,,,
Friday,44300,EU,3.6,2str,44,,,,,,,,,,,,
Friday,42200,EU,3.6,2str,42,,,,,,,,,,,,
Friday,43400,EU,3.6,2str,43,,,,,,,,,,,,
Friday,41000,EU,3.6,2str,41,,,,,,,,,,,,
Friday,43000,EU,3.6,2str,43,,,,,,,,,,,,
Friday,44000,EU,3.6,2str,44,,,,,,,,,,,,
Friday,43400,EU,3.6,2str,43,,,,,,,,,,,,
Friday,42400,EU,3.6,2str,42,,,,,,,,,,,,
Friday,42200,EU,3.6,2str,42,,,,,,,,,,,,
Friday,42100,EU,3.6,2str,42,,,,,,,,,,,,
Friday,44240,EU,3.6,2str,44,,,,,,,,,,,,
Friday,41400,EU,3.6,2str,41,,,,,,,,,,,,
Friday,43300,EU,3.6,2str,43,,,,,,,,,,,,
Friday,42300,EU,3.6,2str,42,,,,,,,,,,,,
Friday,42200,EU,3.6,2str,42,,,,,,,,,,,,
Friday,43300,EU,3.6,2str,43,,,,,,,,,,,,
Friday,42200,EU,3.6,2str,42,,,,,,,,,,,,
Friday,43300,EU,3.6,2str,43,,,,,,,,,,,,
Friday,41340,EU,3.6,2str,41,,,,,,,,,,,,
Friday,41000,EU,3.6,2str,41,,,,,,,,,,,,
Friday,41000,EU,3.6,2str,41,,,,,,,,,,,,
Friday,44000,EU,3.6,2str,44,,,,,,,,,,,,
Friday,44000,EU,3.6,2str,44,,,,,,,,,,,,
Friday,42100,EU,3.6,2str,42,,,,,,,,,,,,
Friday,44000,EU,3.6,2str,44,,,,,,,,,,,,
Friday,42000,EU,3.6,2str,42,,,,,,,,,,,,
Friday,43000,EU,3.6,2str,43,,,,,,,,,,,,
Friday,44000,EU,3.6,2str,44,,,,,,,,,,,,
Friday,44420,EU,3.6,2str,44,,,,,,,,,,,,
Friday,41330,EU,3.6,2str,41,,,,,,,,,,,,
Friday,43300,EU,3.6,2str,43,,,,,,,,,,,,
Friday,44000,EU,3.6,2str,44,,,,,,,,,,,,
Friday,43000,EU,3.6,2str,43,,,,,,,,,,,,
Friday,43100,EU,3.6,2str,43,,,,,,,,,,,,
Friday,41200,EU,3.6,2str,41,,,,,,,,,,,,
Friday,42400,EU,3.6,2str,42,,,,,,,,,,,,
Friday,43110,EU,3.6,2str,43,,,,,,,,,,,,
Friday,42000,EU,3.6,2str,42,,,,,,,,,,,,
Friday,41240,EU,3.6,2str,41,,,,,,,,,,,,
Friday,44300,EU,3.6,2str,44,,,,,,,,,,,,
Friday,42200,EU,3.6,2str,42,,,,,,,,,,,,
Friday,43400,EU,3.6,2str,43,,,,,,,,,,,,
Friday,41000,EU,3.6,2str,41,,,,,,,,,,,,
Friday,43000,EU,3.6,2str,43,,,,,,,,,,,,
Friday,44000,EU,3.6,2str,44,,,,,,,,,,,,
Friday,43400,EU,3.6,2str,43,,,,,,,,,,,,
Friday,42400,EU,3.6,2str,42,,,,,,,,,,,,
Friday,42200,EU,3.6,2str,42,,,,,,,,,,,,
Friday,42100,EU,3.6,2str,42,,,,,,,,,,,,
Friday,44240,EU,3.6,2str,44,,,,,,,,,,,,
Friday,41400,EU,3.6,2str,41,,,,,,,,,,,,
Friday,43300,EU,3.6,2str,43,,,,,,,,,,,,
Friday,43300,EU,3.6,2str,43,,,,,,,,,,,,
Friday,43210,EU,3.6,2str,43,,,,,,,,,,,,
Friday,43000,EU,3.6,2str,43,,,,,,,,,,,,
Friday,43100,EU,3.6,2str,43,,,,,,,,,,,,
Friday,41100,EU,3.6,2str,41,,,,,,,,,,,,
Friday,43400,EU,3.6,2str,43,,,,,,,,,,,,
Friday,43200,EU,3.6,2str,43,,,,,,,,,,,,
Friday,41000,EU,3.6,2str,41,,,,,,,,,,,,
Friday,43000,EU,3.6,2str,43,,,,,,,,,,,,
Friday,41000,EU,3.6,2str,41,,,,,,,,,,,,
Friday,42000,EU,3.6,2str,42,,,,,,,,,,,,
Friday,43400,EU,3.6,2str,43,,,,,,,,,,,,
Friday,44000,EU,3.6,2str,44,,,,,,,,,,,,
Friday,44200,EU,3.6,2str,44,,,,,,,,,,,,
Friday,41200,EU,3.6,2str,41,,,,,,,,,,,,
Friday,41000,EU,3.6,2str,41,,,,,,,,,,,,
Friday,44000,EU,3.6,2str,44,,,,,,,,,,,,
Friday,44000,EU,3.6,2str,44,,,,,,,,,,,,
Friday,41000,EU,3.6,2str,41,,,,,,,,,,,,
Friday,44000,EU,3.6,2str,44,,,,,,,,,,,,
Friday,42100,EU,3.6,2str,42,,,,,,,,,,,,
Friday,43000,EU,3.6,2str,43,,,,,,,,,,,,
Friday,41400,EU,3.6,2str,41,,,,,,,,,,,,
Friday,43100,EU,3.6,2str,43,,,,,,,,,,,,
Friday,41000,EU,3.6,2str,41,,,,,,,,,,,,
Friday,43420,EU,3.6,2str,43,,,,,,,,,,,,
Friday,42220,EU,3.6,2str,42,,,,,,,,,,,,
Friday,43000,EU,3.6,2str,43,,,,,,,,,,,,
Friday,44400,EU,3.6,2str,44,,,,,,,,,,,,
Friday,43000,EU,3.6,2str,43,,,,,,,,,,,,
Friday,43000,EU,3.6,2str,43,,,,,,,,,,,,
Friday,41000,EU,3.6,2str,41,,,,,,,,,,,,
Friday,43300,EU,3.6,2str,43,,,,,,,,,,,,
Friday,43200,EU,3.6,2str,43,,,,,,,,,,,,
Friday,43400,EU,3.6,2str,43,,,,,,,,,,,,
Friday,42000,EU,3.6,2str,42,,,,,,,,,,,,
Friday,43000,EU,3.6,2str,43,,,,,,,,,,,,
Friday,41300,EU,3.6,2str,41,,,,,,,,,,,,
Friday,43000,EU,3.6,2str,43,,,,,,,,,,,,
Friday,44400,EU,3.6,2str,44,,,,,,,,,,,,
Friday,43300,EU,3.6,2str,43,,,,,,,,,,,,
Friday,43300,EU,3.6,2str,43,,,,,,,,,,,,
Friday,41000,EU,3.6,2str,41,,,,,,,,,,,,
Friday,42000,EU,3.6,2str,42,,,,,,,,,,,,
Friday,42000,EU,3.6,2str,42,,,,,,,,,,,,
Friday,43200,EU,3.6,2str,43,,,,,,,,,,,,
Friday,41000,EU,3.6,2str,41,,,,,,,,,,,,
Friday,44000,EU,3.6,2str,44,,,,,,,,,,,,
Friday,44000,EU,3.6,2str,44,,,,,,,,,,,,
Friday,41400,EU,3.6,2str,41,,,,,,,,,,,,
Friday,41000,EU,3.6,2str,41,,,,,,,,,,,,
Friday,42000,EU,3.6,2str,42,,,,,,,,,,,,
Friday,41000,EU,3.6,2str,41,,,,,,,,,,,,
Friday,41000,EU,3.6,2str,41,,,,,,,,,,,,
Friday,43000,EU,3.6,2str,43,,,,,,,,,,,,
Friday,44000,EU,3.6,2str,44,,,,,,,,,,,,
Sunday,42211,EU,3.7,3str,422,,,,,,,,,,,,
Sunday,43221,EU,3.7,3str,432,,,,,,,,,,,,
Sunday,44200,EU,3.7,2str,44,,,,,,,,,,,,
Sunday,44200,EU,3.7,2str,44,,,,,,,,,,,,
Sunday,44313,EU,3.7,3str,443,,,,,,,,,,,,
Sunday,44314,EU,3.7,3str,443,,,,,,,,,,,,
Sunday,44432,EU,3.7,3str,444,,,,,,,,,,,,
Sunday,44442,EU,3.7,3str,444,,,,,,,,,,,,
Monday,43411,EU,3.7,3str,434,,,,,,,,,,,,
Monday,43442,EU,3.7,3str,434,,,,,,,,,,,,
Monday,44112,EU,3.7,3str,441,,,,,,,,,,,,
Monday,44210,EU,3.7,2str,44,,,,,,,,,,,,
Monday,44243,EU,3.7,3str,442,,,,,,,,,,,,
Tuesday,41321,EU,3.7,3str,413,,,,,,,,,,,,
Tuesday,43111,EU,3.7,3str,431,,,,,,,,,,,,
Tuesday,43211,EU,3.7,3str,432,,,,,,,,,,,,
Wednesday,41413,EU,3.7,3str,414,,,,,,,,,,,,
Wednesday,42224,EU,3.7,3str,422,,,,,,,,,,,,
Wednesday,42414,EU,3.7,3str,424,,,,,,,,,,,,
Wednesday,43231,EU,3.7,3str,432,,,,,,,,,,,,
Wednesday,43342,EU,3.7,3str,433,,,,,,,,,,,,
Wednesday,43433,EU,3.7,3str,434,,,,,,,,,,,,
Wednesday,44213,EU,3.7,3str,442,,,,,,,,,,,,
Wednesday,44310,EU,3.7,2str,44,,,,,,,,,,,,
Wednesday,44412,EU,3.7,3str,444,,,,,,,,,,,,
Thursday,41232,EU,3.7,3str,412,,,,,,,,,,,,
Thursday,41422,EU,3.7,3str,414,,,,,,,,,,,,
Thursday,41424,EU,3.7,3str,414,,,,,,,,,,,,
Thursday,42230,EU,3.7,2str,42,,,,,,,,,,,,
Thursday,43234,EU,3.7,3str,432,,,,,,,,,,,,
Friday,41221,EU,3.7,3str,412,,,,,,,,,,,,
Friday,41242,EU,3.7,3str,412,,,,,,,,,,,,
Friday,42111,EU,3.7,3str,421,,,,,,,,,,,,
Friday,42243,EU,3.7,3str,422,,,,,,,,,,,,
Friday,43122,EU,3.7,3str,431,,,,,,,,,,,,
Friday,43224,EU,3.7,3str,432,,,,,,,,,,,,
Saturday,43224,EU,3.7,3str,432,,,,,,,,,,,,
Saturday,43224,EU,3.7,3str,432,,,,,,,,,,,,
Sunday,42211,EU,3.7,3str,422,,,,,,,,,,,,
Sunday,43221,EU,3.7,3str,432,,,,,,,,,,,,
Sunday,44200,EU,3.7,2str,44,,,,,,,,,,,,
Sunday,44200,EU,3.7,2str,44,,,,,,,,,,,,
Sunday,44313,EU,3.7,3str,443,,,,,,,,,,,,
Sunday,44314,EU,3.7,3str,443,,,,,,,,,,,,
Sunday,44432,EU,3.7,3str,444,,,,,,,,,,,,
Sunday,44442,EU,3.7,3str,444,,,,,,,,,,,,
Monday,43411,EU,3.7,3str,434,,,,,,,,,,,,
Monday,43442,EU,3.7,3str,434,,,,,,,,,,,,
Monday,44112,EU,3.7,3str,441,,,,,,,,,,,,
Monday,44210,EU,3.7,2str,44,,,,,,,,,,,,
Monday,44243,EU,3.7,3str,442,,,,,,,,,,,,
Tuesday,41321,EU,3.7,3str,413,,,,,,,,,,,,
Tuesday,43111,EU,3.7,3str,431,,,,,,,,,,,,
Tuesday,43211,EU,3.7,3str,432,,,,,,,,,,,,
Wednesday,41413,EU,3.7,3str,414,,,,,,,,,,,,
Wednesday,42224,EU,3.7,3str,422,,,,,,,,,,,,
Wednesday,42414,EU,3.7,3str,424,,,,,,,,,,,,
Wednesday,43231,EU,3.7,3str,432,,,,,,,,,,,,
Wednesday,43242,EU,3.7,3str,432,,,,,,,,,,,,
Wednesday,43322,EU,3.7,3str,433,,,,,,,,,,,,
Wednesday,43342,EU,3.7,3str,433,,,,,,,,,,,,
Wednesday,43423,EU,3.7,3str,434,,,,,,,,,,,,
Wednesday,43433,EU,3.7,3str,434,,,,,,,,,,,,
Wednesday,44213,EU,3.7,3str,442,,,,,,,,,,,,
Wednesday,44310,EU,3.7,2str,44,,,,,,,,,,,,
Wednesday,44412,EU,3.7,3str,444,,,,,,,,,,,,
Thursday,41232,EU,3.7,3str,412,,,,,,,,,,,,
Thursday,41422,EU,3.7,3str,414,,,,,,,,,,,,
Thursday,41424,EU,3.7,3str,414,,,,,,,,,,,,
Thursday,42230,EU,3.7,2str,42,,,,,,,,,,,,
Thursday,43234,EU,3.7,3str,432,,,,,,,,,,,,
Friday,41221,EU,3.7,3str,412,,,,,,,,,,,,
Friday,41241,EU,3.7,3str,412,,,,,,,,,,,,
Friday,41242,EU,3.7,3str,412,,,,,,,,,,,,
Friday,42111,EU,3.7,3str,421,,,,,,,,,,,,
Friday,42243,EU,3.7,3str,422,,,,,,,,,,,,
Friday,43122,EU,3.7,3str,431,,,,,,,,,,,,
Friday,43224,EU,3.7,3str,432,,,,,,,,,,,,
Saturday,43224,EU,3.7,3str,432,,,,,,,,,,,,
Saturday,43224,EU,3.7,3str,432,,,,,,,,,,,,
Sunday,42400,EU,3.7,2str,42,,,,,,,,,,,,
Sunday,41300,EU,3.7,2str,41,,,,,,,,,,,,
Sunday,43400,EU,3.7,2str,43,,,,,,,,,,,,
Monday,41000,EU,3.7,2str,41,,,,,,,,,,,,
Monday,44000,EU,3.7,2str,44,,,,,,,,,,,,
Monday,43120,EU,3.7,2str,43,,,,,,,,,,,,
Monday,41243,EU,3.7,3str,412,,,,,,,,,,,,
Monday,44200,EU,3.7,2str,44,,,,,,,,,,,,
Monday,43220,EU,3.7,2str,43,,,,,,,,,,,,
Monday,41200,EU,3.7,2str,41,,,,,,,,,,,,
Tuesday,44200,EU,3.7,2str,44,,,,,,,,,,,,
Tuesday,44440,EU,3.7,2str,44,,,,,,,,,,,,
Wednesday,41100,EU,3.7,2str,41,,,,,,,,,,,,
Wednesday,44200,EU,3.7,2str,44,,,,,,,,,,,,
Wednesday,44200,EU,3.7,2str,44,,,,,,,,,,,,
Wednesday,42233,EU,3.7,3str,422,,,,,,,,,,,,
Wednesday,44432,EU,3.7,3str,444,,,,,,,,,,,,
Wednesday,41434,EU,3.7,3str,414,,,,,,,,,,,,
Wednesday,41000,EU,3.7,2str,41,,,,,,,,,,,,
Wednesday,44110,EU,3.7,2str,44,,,,,,,,,,,,
Friday,41300,EU,3.7,2str,41,,,,,,,,,,,,
Friday,44200,EU,3.7,2str,44,,,,,,,,,,,,
Friday,42400,EU,3.7,2str,42,,,,,,,,,,,,
Friday,42200,EU,3.7,2str,42,,,,,,,,,,,,
Friday,42100,EU,3.7,2str,42,,,,,,,,,,,,
Friday,44100,EU,3.7,2str,44,,,,,,,,,,,,
Friday,43300,EU,3.7,2str,43,,,,,,,,,,,,
Friday,41300,EU,3.7,2str,41,,,,,,,,,,,,
Friday,41200,EU,3.7,2str,41,,,,,,,,,,,,
Saturday,44000,EU,3.7,2str,44,,,,,,,,,,,,
Saturday,41400,EU,3.7,2str,41,,,,,,,,,,,,
Saturday,43300,EU,3.7,2str,43,,,,,,,,,,,,
Saturday,42141,EU,3.7,3str,421,,,,,,,,,,,,
Saturday,42000,EU,3.7,2str,42,,,,,,,,,,,,
Saturday,42000,EU,3.7,2str,42,,,,,,,,,,,,
Saturday,41000,EU,3.7,2str,41,,,,,,,,,,,,
Saturday,42000,EU,3.7,2str,42,,,,,,,,,,,,
Saturday,41300,EU,3.7,2str,41,,,,,,,,,,,,
Saturday,43000,EU,3.7,2str,43,,,,,,,,,,,,
Saturday,41320,EU,3.7,2str,41,,,,,,,,,,,,
Saturday,41400,EU,3.7,2str,41,,,,,,,,,,,,
Saturday,43330,EU,3.7,2str,43,,,,,,,,,,,,
Saturday,41000,EU,3.7,2str,41,,,,,,,,,,,,
Saturday,42420,EU,3.7,2str,42,,,,,,,,,,,,
Saturday,43100,EU,3.7,2str,43,,,,,,,,,,,,
Wednesday,41300,EU,3.7,2str,41,,,,,,,,,,,,
Sunday,42400,EU,3.7,2str,42,,,,,,,,,,,,
Sunday,41300,EU,3.7,2str,41,,,,,,,,,,,,
Sunday,43400,EU,3.7,2str,43,,,,,,,,,,,,
Monday,41000,EU,3.7,2str,41,,,,,,,,,,,,
Monday,44000,EU,3.7,2str,44,,,,,,,,,,,,
Monday,43120,EU,3.7,2str,43,,,,,,,,,,,,
Monday,41243,EU,3.7,3str,412,,,,,,,,,,,,
Monday,44200,EU,3.7,2str,44,,,,,,,,,,,,
Monday,43220,EU,3.7,2str,43,,,,,,,,,,,,
Monday,41200,EU,3.7,2str,41,,,,,,,,,,,,
Tuesday,44200,EU,3.7,2str,44,,,,,,,,,,,,
Tuesday,44440,EU,3.7,2str,44,,,,,,,,,,,,
Wednesday,41100,EU,3.7,2str,41,,,,,,,,,,,,
Wednesday,44200,EU,3.7,2str,44,,,,,,,,,,,,
Wednesday,44200,EU,3.7,2str,44,,,,,,,,,,,,
Wednesday,42233,EU,3.7,3str,422,,,,,,,,,,,,
Wednesday,44432,EU,3.7,3str,444,,,,,,,,,,,,
Wednesday,41434,EU,3.7,3str,414,,,,,,,,,,,,
Wednesday,41000,EU,3.7,2str,41,,,,,,,,,,,,
Wednesday,44110,EU,3.7,2str,44,,,,,,,,,,,,
Friday,41300,EU,3.7,2str,41,,,,,,,,,,,,
Friday,44200,EU,3.7,2str,44,,,,,,,,,,,,
Friday,42400,EU,3.7,2str,42,,,,,,,,,,,,
Friday,42200,EU,3.7,2str,42,,,,,,,,,,,,
Friday,42100,EU,3.7,2str,42,,,,,,,,,,,,
Friday,44100,EU,3.7,2str,44,,,,,,,,,,,,
Friday,43300,EU,3.7,2str,43,,,,,,,,,,,,
Friday,41300,EU,3.7,2str,41,,,,,,,,,,,,
Friday,41200,EU,3.7,2str,41,,,,,,,,,,,,
Saturday,44000,EU,3.7,2str,44,,,,,,,,,,,,
Saturday,41400,EU,3.7,2str,41,,,,,,,,,,,,
Saturday,43300,EU,3.7,2str,43,,,,,,,,,,,,
Saturday,42141,EU,3.7,3str,421,,,,,,,,,,,,
Saturday,42000,EU,3.7,2str,42,,,,,,,,,,,,
Saturday,42000,EU,3.7,2str,42,,,,,,,,,,,,
Saturday,41000,EU,3.7,2str,41,,,,,,,,,,,,
Saturday,42000,EU,3.7,2str,42,,,,,,,,,,,,
Saturday,41300,EU,3.7,2str,41,,,,,,,,,,,,
Saturday,43000,EU,3.7,2str,43,,,,,,,,,,,,
Saturday,41320,EU,3.7,2str,41,,,,,,,,,,,,
Saturday,41400,EU,3.7,2str,41,,,,,,,,,,,,
Saturday,43330,EU,3.7,2str,43,,,,,,,,,,,,
Saturday,41000,EU,3.7,2str,41,,,,,,,,,,,,
Saturday,42420,EU,3.7,2str,42,,,,,,,,,,,,
Saturday,43100,EU,3.7,2str,43,,,,,,,,,,,,
Wednesday,41300,EU,3.7,2str,41,,,,,,,,,,,,
Friday,43000,EU,3.7,2str,43,,,,,,,,,,,,
Friday,44000,EU,3.7,2str,44,,,,,,,,,,,,
Friday,42000,EU,3.7,2str,42,,,,,,,,,,,,
Friday,42000,EU,3.7,2str,42,,,,,,,,,,,,
Friday,41000,EU,3.7,2str,41,,,,,,,,,,,,
Friday,42000,EU,3.7,2str,42,,,,,,,,,,,,
Friday,43000,EU,3.7,2str,43,,,,,,,,,,,,
Friday,43110,EU,3.7,2str,43,,,,,,,,,,,,
Friday,43000,EU,3.7,2str,43,,,,,,,,,,,,
Friday,44000,EU,3.7,2str,44,,,,,,,,,,,,
Friday,44000,EU,3.7,2str,44,,,,,,,,,,,,
Friday,44000,EU,3.7,2str,44,,,,,,,,,,,,
Friday,43000,EU,3.7,2str,43,,,,,,,,,,,,
Friday,41000,EU,3.7,2str,41,,,,,,,,,,,,
Friday,43000,EU,3.7,2str,43,,,,,,,,,,,,
Friday,41000,EU,3.7,2str,41,,,,,,,,,,,,
Friday,42000,EU,3.7,2str,42,,,,,,,,,,,,
Friday,41120,EU,3.7,2str,41,,,,,,,,,,,,
Friday,43200,EU,3.7,2str,43,,,,,,,,,,,,
Friday,41000,EU,3.7,2str,41,,,,,,,,,,,,
Friday,44000,EU,3.7,2str,44,,,,,,,,,,,,
Friday,41000,EU,3.7,2str,41,,,,,,,,,,,,
Friday,44440,EU,3.7,2str,44,,,,,,,,,,,,
Friday,44420,EU,3.7,2str,44,,,,,,,,,,,,
Friday,41000,EU,3.7,2str,41,,,,,,,,,,,,
Friday,44440,EU,3.7,2str,44,,,,,,,,,,,,
Friday,41420,EU,3.7,2str,41,,,,,,,,,,,,
Friday,44100,EU,3.7,2str,44,,,,,,,,,,,,
Friday,44400,EU,3.7,2str,44,,,,,,,,,,,,
Friday,44420,EU,3.7,2str,44,,,,,,,,,,,,
Friday,43000,EU,3.7,2str,43,,,,,,,,,,,,
Friday,42200,EU,3.7,2str,42,,,,,,,,,,,,
Friday,41400,EU,3.7,2str,41,,,,,,,,,,,,
Friday,44000,EU,3.7,2str,44,,,,,,,,,,,,
Friday,44300,EU,3.7,2str,44,,,,,,,,,,,,
Friday,42320,EU,3.7,2str,42,,,,,,,,,,,,
Friday,44200,EU,3.7,2str,44,,,,,,,,,,,,
Friday,42000,EU,3.7,2str,42,,,,,,,,,,,,
Friday,43300,EU,3.7,2str,43,,,,,,,,,,,,
Friday,44400,EU,3.7,2str,44,,,,,,,,,,,,
Friday,44400,EU,3.7,2str,44,,,,,,,,,,,,
Friday,43000,EU,3.7,2str,43,,,,,,,,,,,,
Friday,42000,EU,3.7,2str,42,,,,,,,,,,,,
Friday,41000,EU,3.7,2str,41,,,,,,,,,,,,
Friday,43300,EU,3.7,2str,43,,,,,,,,,,,,
Friday,42000,EU,3.7,2str,42,,,,,,,,,,,,
Friday,42000,EU,3.7,2str,42,,,,,,,,,,,,
Friday,42000,EU,3.7,2str,42,,,,,,,,,,,,
Friday,41000,EU,3.7,2str,41,,,,,,,,,,,,
Friday,43200,EU,3.7,2str,43,,,,,,,,,,,,
Friday,43000,EU,3.7,2str,43,,,,,,,,,,,,
Friday,41000,EU,3.7,2str,41,,,,,,,,,,,,
Friday,43100,EU,3.7,2str,43,,,,,,,,,,,,
Friday,42300,EU,3.7,2str,42,,,,,,,,,,,,
Friday,42200,EU,3.7,2str,42,,,,,,,,,,,,
Friday,44100,EU,3.7,2str,44,,,,,,,,,,,,
Friday,43000,EU,3.7,2str,43,,,,,,,,,,,,
Friday,44100,EU,3.7,2str,44,,,,,,,,,,,,
Friday,42130,EU,3.7,2str,42,,,,,,,,,,,,
Friday,44000,EU,3.7,2str,44,,,,,,,,,,,,
Friday,43000,EU,3.7,2str,43,,,,,,,,,,,,
Friday,42000,EU,3.7,2str,42,,,,,,,,,,,,
Friday,43000,EU,3.7,2str,43,,,,,,,,,,,,
Friday,44000,EU,3.7,2str,44,,,,,,,,,,,,
Friday,41400,EU,3.7,2str,41,,,,,,,,,,,,
Friday,44300,EU,3.7,2str,44,,,,,,,,,,,,
Friday,43000,EU,3.7,2str,43,,,,,,,,,,,,
Friday,44300,EU,3.7,2str,44,,,,,,,,,,,,
Friday,43000,EU,3.7,2str,43,,,,,,,,,,,,
Friday,44300,EU,3.7,2str,44,,,,,,,,,,,,
Friday,44000,EU,3.7,2str,44,,,,,,,,,,,,
Friday,42100,EU,3.7,2str,42,,,,,,,,,,,,
Friday,44300,EU,3.7,2str,44,,,,,,,,,,,,
Friday,44400,EU,3.7,2str,44,,,,,,,,,,,,
Friday,44200,EU,3.7,2str,44,,,,,,,,,,,,
Friday,42300,EU,3.7,2str,42,,,,,,,,,,,,
Friday,43300,EU,3.7,2str,43,,,,,,,,,,,,
Friday,41000,EU,3.7,2str,41,,,,,,,,,,,,
Friday,44400,EU,3.7,2str,44,,,,,,,,,,,,
Friday,44000,EU,3.7,2str,44,,,,,,,,,,,,
Friday,43230,EU,3.7,2str,43,,,,,,,,,,,,
Friday,41122,EU,3.7,3str,411,,,,,,,,,,,,
Friday,44300,EU,3.7,2str,44,,,,,,,,,,,,
Friday,41210,EU,3.7,2str,41,,,,,,,,,,,,
Friday,41000,EU,3.7,2str,41,,,,,,,,,,,,
Friday,44400,EU,3.7,2str,44,,,,,,,,,,,,
Friday,43110,EU,3.7,2str,43,,,,,,,,,,,,
Friday,43000,EU,3.7,2str,43,,,,,,,,,,,,
Friday,43140,EU,3.7,2str,43,,,,,,,,,,,,
Friday,41330,EU,3.7,2str,41,,,,,,,,,,,,
Friday,42300,EU,3.7,2str,42,,,,,,,,,,,,
Friday,42000,EU,3.7,2str,42,,,,,,,,,,,,
Friday,43000,EU,3.7,2str,43,,,,,,,,,,,,
Friday,41000,EU,3.7,2str,41,,,,,,,,,,,,
Friday,43000,EU,3.7,2str,43,,,,,,,,,,,,
Friday,41000,EU,3.7,2str,41,,,,,,,,,,,,
Friday,41000,EU,3.7,2str,41,,,,,,,,,,,,
Friday,42000,EU,3.7,2str,42,,,,,,,,,,,,
Friday,41000,EU,3.7,2str,41,,,,,,,,,,,,
Friday,41300,EU,3.7,2str,41,,,,,,,,,,,,
Friday,44000,EU,3.7,2str,44,,,,,,,,,,,,
Friday,43000,EU,3.7,2str,43,,,,,,,,,,,,
Friday,44000,EU,3.7,2str,44,,,,,,,,,,,,
Friday,44000,EU,3.7,2str,44,,,,,,,,,,,,
Friday,44300,EU,3.7,2str,44,,,,,,,,,,,,
Friday,43000,EU,3.7,2str,43,,,,,,,,,,,,
Friday,44000,EU,3.7,2str,44,,,,,,,,,,,,
Friday,43000,EU,3.7,2str,43,,,,,,,,,,,,
Friday,44400,EU,3.7,2str,44,,,,,,,,,,,,
Friday,43100,EU,3.7,2str,43,,,,,,,,,,,,
Friday,43000,EU,3.7,2str,43,,,,,,,,,,,,
Friday,41210,EU,3.7,2str,41,,,,,,,,,,,,
Friday,44300,EU,3.7,2str,44,,,,,,,,,,,,
Friday,42000,EU,3.7,2str,42,,,,,,,,,,,,
Friday,41000,EU,3.7,2str,41,,,,,,,,,,,,
Friday,44100,EU,3.7,2str,44,,,,,,,,,,,,
Friday,44300,EU,3.7,2str,44,,,,,,,,,,,,
Friday,42300,EU,3.7,2str,42,,,,,,,,,,,,
Friday,44200,EU,3.7,2str,44,,,,,,,,,,,,
Friday,44200,EU,3.7,2str,44,,,,,,,,,,,,
Friday,42230,EU,3.7,2str,42,,,,,,,,,,,,
Friday,42000,EU,3.7,2str,42,,,,,,,,,,,,
Monday,44330,EU,3.7,2str,44,,,,,,,,,,,,
Monday,42240,EU,3.7,2str,42,,,,,,,,,,,,
Monday,42330,EU,3.7,2str,42,,,,,,,,,,,,
Monday,41210,EU,3.7,2str,41,,,,,,,,,,,,
Monday,42340,EU,3.7,2str,42,,,,,,,,,,,,
Monday,42310,EU,3.7,2str,42,,,,,,,,,,,,
Monday,41200,EU,3.7,2str,41,,,,,,,,,,,,
Monday,42200,EU,3.7,2str,42,,,,,,,,,,,,
Monday,41410,EU,3.7,2str,41,,,,,,,,,,,,
Monday,42110,EU,3.7,2str,42,,,,,,,,,,,,
Monday,43140,EU,3.7,2str,43,,,,,,,,,,,,
Monday,42100,EU,3.7,2str,42,,,,,,,,,,,,
Monday,43400,EU,3.7,2str,43,,,,,,,,,,,,
Monday,43300,EU,3.7,2str,43,,,,,,,,,,,,
Monday,41200,EU,3.7,2str,41,,,,,,,,,,,,
Monday,41410,EU,3.7,2str,41,,,,,,,,,,,,
Monday,42230,EU,3.7,2str,42,,,,,,,,,,,,
Monday,43220,EU,3.7,2str,43,,,,,,,,,,,,
Monday,44330,EU,3.7,2str,44,,,,,,,,,,,,
Monday,41130,EU,3.7,2str,41,,,,,,,,,,,,
Monday,42440,EU,3.7,2str,42,,,,,,,,,,,,
Monday,41230,EU,3.7,2str,41,,,,,,,,,,,,
Monday,44110,EU,3.7,2str,44,,,,,,,,,,,,
Monday,42310,EU,3.7,2str,42,,,,,,,,,,,,
Monday,42440,EU,3.7,2str,42,,,,,,,,,,,,
Monday,44340,EU,3.7,2str,44,,,,,,,,,,,,
Monday,42110,EU,3.7,2str,42,,,,,,,,,,,,
Monday,42120,EU,3.7,2str,42,,,,,,,,,,,,
Monday,41430,EU,3.7,2str,41,,,,,,,,,,,,
Monday,42410,EU,3.7,2str,42,,,,,,,,,,,,
Monday,41110,EU,3.7,2str,41,,,,,,,,,,,,
Monday,44330,EU,3.7,2str,44,,,,,,,,,,,,
Monday,42130,EU,3.7,2str,42,,,,,,,,,,,,
Monday,44440,EU,3.7,2str,44,,,,,,,,,,,,
Monday,42110,EU,3.7,2str,42,,,,,,,,,,,,
Monday,43410,EU,3.7,2str,43,,,,,,,,,,,,
Friday,42100,EU,3.7,2str,42,,,,,,,,,,,,
Friday,44000,EU,3.7,2str,44,,,,,,,,,,,,
Friday,42000,EU,3.7,2str,42,,,,,,,,,,,,
Friday,44000,EU,3.7,2str,44,,,,,,,,,,,,
Friday,44000,EU,3.7,2str,44,,,,,,,,,,,,
Friday,43000,EU,3.7,2str,43,,,,,,,,,,,,
Friday,44000,EU,3.7,2str,44,,,,,,,,,,,,
Friday,43000,EU,3.7,2str,43,,,,,,,,,,,,
Friday,41000,EU,3.7,2str,41,,,,,,,,,,,,
Friday,41444,EU,3.7,3str,414,,,,,,,,,,,,
Friday,41000,EU,3.7,2str,41,,,,,,,,,,,,
Friday,42100,EU,3.7,2str,42,,,,,,,,,,,,
Friday,41000,EU,3.7,2str,41,,,,,,,,,,,,
Friday,43341,EU,3.7,3str,433,,,,,,,,,,,,
Friday,41412,EU,3.7,3str,414,,,,,,,,,,,,
Friday,43100,EU,3.7,2str,43,,,,,,,,,,,,
Friday,42110,EU,3.7,2str,42,,,,,,,,,,,,
Friday,43000,EU,3.7,2str,43,,,,,,,,,,,,
Friday,42320,EU,3.7,2str,42,,,,,,,,,,,,
Friday,42442,EU,3.7,3str,424,,,,,,,,,,,,
Friday,42124,EU,3.7,3str,421,,,,,,,,,,,,
Friday,44000,EU,3.7,2str,44,,,,,,,,,,,,
Friday,43000,EU,3.7,2str,43,,,,,,,,,,,,
Friday,41113,EU,3.7,3str,411,,,,,,,,,,,,
Friday,41300,EU,3.7,2str,41,,,,,,,,,,,,
Friday,41000,EU,3.7,2str,41,,,,,,,,,,,,
Friday,43400,EU,3.7,2str,43,,,,,,,,,,,,
Friday,43100,EU,3.7,2str,43,,,,,,,,,,,,
Friday,43300,EU,3.7,2str,43,,,,,,,,,,,,
Friday,42000,EU,3.7,2str,42,,,,,,,,,,,,
Friday,44400,EU,3.7,2str,44,,,,,,,,,,,,
Friday,43310,EU,3.7,2str,43,,,,,,,,,,,,
Friday,43000,EU,3.7,2str,43,,,,,,,,,,,,
Friday,42000,EU,3.7,2str,42,,,,,,,,,,,,
Friday,44300,EU,3.7,2str,44,,,,,,,,,,,,
Friday,42100,EU,3.7,2str,42,,,,,,,,,,,,
Friday,44200,EU,3.7,2str,44,,,,,,,,,,,,
Friday,42000,EU,3.7,2str,42,,,,,,,,,,,,
Friday,44200,EU,3.7,2str,44,,,,,,,,,,,,
Friday,41320,EU,3.7,2str,41,,,,,,,,,,,,
Friday,41000,EU,3.7,2str,41,,,,,,,,,,,,
Friday,43200,EU,3.7,2str,43,,,,,,,,,,,,
Friday,41400,EU,3.7,2str,41,,,,,,,,,,,,
Friday,44000,EU,3.7,2str,44,,,,,,,,,,,,
Friday,42000,EU,3.7,2str,42,,,,,,,,,,,,
Friday,41300,EU,3.7,2str,41,,,,,,,,,,,,
Friday,44000,EU,3.7,2str,44,,,,,,,,,,,,
Friday,43000,EU,3.7,2str,43,,,,,,,,,,,,
Friday,44000,EU,3.7,2str,44,,,,,,,,,,,,
Friday,41000,EU,3.7,2str,41,,,,,,,,,,,,
Friday,43000,EU,3.7,2str,43,,,,,,,,,,,,
Friday,41000,EU,3.7,2str,41,,,,,,,,,,,,
Friday,44000,EU,3.7,2str,44,,,,,,,,,,,,
Friday,42000,EU,3.7,2str,42,,,,,,,,,,,,
Friday,41000,EU,3.7,2str,41,,,,,,,,,,,,
Friday,42000,EU,3.7,2str,42,,,,,,,,,,,,
Friday,41000,EU,3.7,2str,41,,,,,,,,,,,,
Friday,42000,EU,3.7,2str,42,,,,,,,,,,,,
Friday,43400,EU,3.7,2str,43,,,,,,,,,,,,
Friday,43210,EU,3.7,2str,43,,,,,,,,,,,,
Friday,44100,EU,3.7,2str,44,,,,,,,,,,,,
Friday,41000,EU,3.7,2str,41,,,,,,,,,,,,
Friday,42300,EU,3.7,2str,42,,,,,,,,,,,,
Friday,41300,EU,3.7,2str,41,,,,,,,,,,,,
Friday,44300,EU,3.7,2str,44,,,,,,,,,,,,
Friday,44324,EU,3.7,3str,443,,,,,,,,,,,,
Friday,43100,EU,3.7,2str,43,,,,,,,,,,,,
Friday,42000,EU,3.7,2str,42,,,,,,,,,,,,
Friday,44220,EU,3.7,2str,44,,,,,,,,,,,,
Friday,42300,EU,3.7,2str,42,,,,,,,,,,,,
Friday,44100,EU,3.7,2str,44,,,,,,,,,,,,
Friday,41000,EU,3.7,2str,41,,,,,,,,,,,,
Friday,44411,EU,3.7,3str,444,,,,,,,,,,,,
Friday,41100,EU,3.7,2str,41,,,,,,,,,,,,
Friday,41000,EU,3.7,2str,41,,,,,,,,,,,,
Friday,44000,EU,3.7,2str,44,,,,,,,,,,,,
Friday,41400,EU,3.7,2str,41,,,,,,,,,,,,
Friday,42000,EU,3.7,2str,42,,,,,,,,,,,,
Friday,41000,EU,3.7,2str,41,,,,,,,,,,,,
Friday,41000,EU,3.7,2str,41,,,,,,,,,,,,
Friday,41000,EU,3.7,2str,41,,,,,,,,,,,,
Friday,41000,EU,3.7,2str,41,,,,,,,,,,,,
Friday,41000,EU,3.7,2str,41,,,,,,,,,,,,
Friday,41300,EU,3.7,2str,41,,,,,,,,,,,,
Friday,43000,EU,3.7,2str,43,,,,,,,,,,,,
Friday,43200,EU,3.7,2str,43,,,,,,,,,,,,
Friday,41300,EU,3.7,2str,41,,,,,,,,,,,,
Friday,42123,EU,3.7,3str,421,,,,,,,,,,,,
Friday,43000,EU,3.7,2str,43,,,,,,,,,,,,
Friday,44330,EU,3.7,2str,44,,,,,,,,,,,,
Friday,42000,EU,3.7,2str,42,,,,,,,,,,,,
Friday,42000,EU,3.7,2str,42,,,,,,,,,,,,
Friday,41400,EU,3.7,2str,41,,,,,,,,,,,,
Friday,43241,EU,3.7,3str,432,,,,,,,,,,,,
Friday,43200,EU,3.7,2str,43,,,,,,,,,,,,
Friday,41310,EU,3.7,2str,41,,,,,,,,,,,,
Friday,41100,EU,3.7,2str,41,,,,,,,,,,,,
Friday,42400,EU,3.7,2str,42,,,,,,,,,,,,
Friday,41300,EU,3.7,2str,41,,,,,,,,,,,,
Friday,43200,EU,3.7,2str,43,,,,,,,,,,,,
Friday,43200,EU,3.7,2str,43,,,,,,,,,,,,
Friday,41200,EU,3.7,2str,41,,,,,,,,,,,,
Friday,44000,EU,3.7,2str,44,,,,,,,,,,,,
Friday,44000,EU,3.7,2str,44,,,,,,,,,,,,
Friday,42000,EU,3.7,2str,42,,,,,,,,,,,,
Friday,43000,EU,3.7,2str,43,,,,,,,,,,,,
Friday,41000,EU,3.7,2str,41,,,,,,,,,,,,
Friday,43000,EU,3.7,2str,43,,,,,,,,,,,,
Friday,43000,EU,3.7,2str,43,,,,,,,,,,,,
Friday,41000,EU,3.7,2str,41,,,,,,,,,,,,
Friday,43000,EU,3.7,2str,43,,,,,,,,,,,,
Friday,44300,EU,3.7,2str,44,,,,,,,,,,,,
Friday,43300,EU,3.7,2str,43,,,,,,,,,,,,
Friday,41300,EU,3.7,2str,41,,,,,,,,,,,,
Friday,41100,EU,3.7,2str,41,,,,,,,,,,,,
Friday,43000,EU,3.7,2str,43,,,,,,,,,,,,
Friday,42000,EU,3.7,2str,42,,,,,,,,,,,,
Friday,41200,EU,3.7,2str,41,,,,,,,,,,,,
Friday,41400,EU,3.7,2str,41,,,,,,,,,,,,
Friday,44200,EU,3.7,2str,44,,,,,,,,,,,,
Friday,43000,EU,3.7,2str,43,,,,,,,,,,,,
Friday,42200,EU,3.7,2str,42,,,,,,,,,,,,
Friday,43400,EU,3.7,2str,43,,,,,,,,,,,,
Friday,42100,EU,3.7,2str,42,,,,,,,,,,,,
Friday,44000,EU,3.7,2str,44,,,,,,,,,,,,
Sunday,41341,EU,3.6,3str,413,,,,,,,,,,,,
Sunday,41342,EU,3.6,3str,413,,,,,,,,,,,,
Sunday,41342,EU,3.6,3str,413,,,,,,,,,,,,
Sunday,42230,EU,3.6,2str,42,,,,,,,,,,,,
Sunday,42241,EU,3.6,3str,422,,,,,,,,,,,,
Sunday,42321,EU,3.6,3str,423,,,,,,,,,,,,
Sunday,43221,EU,3.6,3str,432,,,,,,,,,,,,
Sunday,43313,EU,3.6,3str,433,,,,,,,,,,,,
Sunday,44134,EU,3.6,3str,441,,,,,,,,,,,,
Sunday,44144,EU,3.6,3str,441,,,,,,,,,,,,
Sunday,44334,EU,3.6,3str,443,,,,,,,,,,,,
Sunday,44444,EU,3.6,3str,444,,,,,,,,,,,,
Monday,41121,EU,3.6,3str,411,,,,,,,,,,,,
Monday,44232,EU,3.6,3str,442,,,,,,,,,,,,
Monday,44234,EU,3.6,3str,442,,,,,,,,,,,,
Monday,44433,EU,3.6,3str,444,,,,,,,,,,,,
Monday,44444,EU,3.6,3str,444,,,,,,,,,,,,
Tuesday,41133,EU,3.6,3str,411,,,,,,,,,,,,
Tuesday,41142,EU,3.6,3str,411,,,,,,,,,,,,
Tuesday,41211,EU,3.6,3str,412,,,,,,,,,,,,
Tuesday,42232,EU,3.6,3str,422,,,,,,,,,,,,
Tuesday,44421,EU,3.6,3str,444,,,,,,,,,,,,
Wednesday,41114,EU,3.6,3str,411,,,,,,,,,,,,
Wednesday,41122,EU,3.6,3str,411,,,,,,,,,,,,
Wednesday,41412,EU,3.6,3str,414,,,,,,,,,,,,
Wednesday,41432,EU,3.6,3str,414,,,,,,,,,,,,
Wednesday,42413,EU,3.6,3str,424,,,,,,,,,,,,
Wednesday,43132,EU,3.6,3str,431,,,,,,,,,,,,
Wednesday,43210,EU,3.6,2str,43,,,,,,,,,,,,
Wednesday,43432,EU,3.6,3str,434,,,,,,,,,,,,
Wednesday,44113,EU,3.6,3str,441,,,,,,,,,,,,
Wednesday,44313,EU,3.6,3str,443,,,,,,,,,,,,
Wednesday,44331,EU,3.6,3str,443,,,,,,,,,,,,
Wednesday,44432,EU,3.6,3str,444,,,,,,,,,,,,
Thursday,41140,EU,3.6,2str,41,,,,,,,,,,,,
Thursday,41312,EU,3.6,3str,413,,,,,,,,,,,,
Thursday,41344,EU,3.6,3str,413,,,,,,,,,,,,
Thursday,41421,EU,3.6,3str,414,,,,,,,,,,,,
Thursday,42124,EU,3.6,3str,421,,,,,,,,,,,,
Thursday,42143,EU,3.6,3str,421,,,,,,,,,,,,
Thursday,42212,EU,3.6,3str,422,,,,,,,,,,,,
Thursday,42411,EU,3.6,3str,424,,,,,,,,,,,,
Thursday,42412,EU,3.6,3str,424,,,,,,,,,,,,
Thursday,42434,EU,3.6,3str,424,,,,,,,,,,,,
Thursday,42441,EU,3.6,3str,424,,,,,,,,,,,,
Thursday,43144,EU,3.6,3str,431,,,,,,,,,,,,
Thursday,43231,EU,3.6,3str,432,,,,,,,,,,,,
Thursday,43243,EU,3.6,3str,432,,,,,,,,,,,,
Thursday,43320,EU,3.6,2str,43,,,,,,,,,,,,
Thursday,43331,EU,3.6,3str,433,,,,,,,,,,,,
Thursday,43443,EU,3.6,3str,434,,,,,,,,,,,,
Thursday,44242,EU,3.6,3str,442,,,,,,,,,,,,
Thursday,44322,EU,3.6,3str,443,,,,,,,,,,,,
Thursday,44323,EU,3.6,3str,443,,,,,,,,,,,,
Thursday,44332,EU,3.6,3str,443,,,,,,,,,,,,
Thursday,44341,EU,3.6,3str,443,,,,,,,,,,,,
Friday,41113,EU,3.6,3str,411,,,,,,,,,,,,
Friday,42141,EU,3.6,3str,421,,,,,,,,,,,,
Friday,42322,EU,3.6,3str,423,,,,,,,,,,,,
Friday,42334,EU,3.6,3str,423,,,,,,,,,,,,
Friday,43121,EU,3.6,3str,431,,,,,,,,,,,,
Friday,43233,EU,3.6,3str,432,,,,,,,,,,,,
Friday,44131,EU,3.6,3str,441,,,,,,,,,,,,
Saturday,41112,EU,3.6,3str,411,,,,,,,,,,,,
Saturday,41134,EU,3.6,3str,411,,,,,,,,,,,,
Saturday,41244,EU,3.6,3str,412,,,,,,,,,,,,
Saturday,41311,EU,3.6,3str,413,,,,,,,,,,,,
Saturday,41322,EU,3.6,3str,413,,,,,,,,,,,,
Saturday,41411,EU,3.6,3str,414,,,,,,,,,,,,
Saturday,41424,EU,3.6,3str,414,,,,,,,,,,,,
Saturday,41442,EU,3.6,3str,414,,,,,,,,,,,,
Saturday,42132,EU,3.6,3str,421,,,,,,,,,,,,
Saturday,42224,EU,3.6,3str,422,,,,,,,,,,,,
Saturday,42313,EU,3.6,3str,423,,,,,,,,,,,,
Saturday,43123,EU,3.6,3str,431,,,,,,,,,,,,
Saturday,43142,EU,3.6,3str,431,,,,,,,,,,,,
Saturday,43211,EU,3.6,3str,432,,,,,,,,,,,,
Saturday,43322,EU,3.6,3str,433,,,,,,,,,,,,
Saturday,43342,EU,3.6,3str,433,,,,,,,,,,,,
Saturday,44124,EU,3.6,3str,441,,,,,,,,,,,,
Saturday,44212,EU,3.6,3str,442,,,,,,,,,,,,
Saturday,44423,EU,3.6,3str,444,,,,,,,,,,,,
Sunday,41100,EU,3.6,2str,41,,,,,,,,,,,,
Sunday,41310,EU,3.6,2str,41,,,,,,,,,,,,
Sunday,41320,EU,3.6,2str,41,,,,,,,,,,,,
Sunday,41341,EU,3.6,3str,413,,,,,,,,,,,,
Sunday,41342,EU,3.6,3str,413,,,,,,,,,,,,
Sunday,41342,EU,3.6,3str,413,,,,,,,,,,,,
Sunday,41410,EU,3.6,2str,41,,,,,,,,,,,,
Sunday,42230,EU,3.6,2str,42,,,,,,,,,,,,
Sunday,42241,EU,3.6,3str,422,,,,,,,,,,,,
Sunday,42310,EU,3.6,2str,42,,,,,,,,,,,,
Sunday,42321,EU,3.6,3str,423,,,,,,,,,,,,
Sunday,42420,EU,3.6,2str,42,,,,,,,,,,,,
Sunday,43220,EU,3.6,2str,43,,,,,,,,,,,,
Sunday,43221,EU,3.6,3str,432,,,,,,,,,,,,
Sunday,43230,EU,3.6,2str,43,,,,,,,,,,,,
Sunday,43230,EU,3.6,2str,43,,,,,,,,,,,,
Sunday,43313,EU,3.6,3str,433,,,,,,,,,,,,
Sunday,43320,EU,3.6,2str,43,,,,,,,,,,,,
Sunday,44134,EU,3.6,3str,441,,,,,,,,,,,,
Sunday,44140,EU,3.6,2str,44,,,,,,,,,,,,
Sunday,44144,EU,3.6,3str,441,,,,,,,,,,,,
Sunday,44334,EU,3.6,3str,443,,,,,,,,,,,,
Sunday,44340,EU,3.6,2str,44,,,,,,,,,,,,
Sunday,44340,EU,3.6,2str,44,,,,,,,,,,,,
Sunday,44444,EU,3.6,3str,444,,,,,,,,,,,,
Monday,41121,EU,3.6,3str,411,,,,,,,,,,,,
Monday,41242,EU,3.6,3str,412,,,,,,,,,,,,
Monday,41320,EU,3.6,2str,41,,,,,,,,,,,,
Monday,41420,EU,3.6,2str,41,,,,,,,,,,,,
Monday,42130,EU,3.6,2str,42,,,,,,,,,,,,
Monday,42320,EU,3.6,2str,42,,,,,,,,,,,,
Monday,42340,EU,3.6,2str,42,,,,,,,,,,,,
Monday,42430,EU,3.6,2str,42,,,,,,,,,,,,
Monday,43000,EU,3.6,2str,43,,,,,,,,,,,,
Monday,43110,EU,3.6,2str,43,,,,,,,,,,,,
Monday,43130,EU,3.6,2str,43,,,,,,,,,,,,
Monday,43210,EU,3.6,2str,43,,,,,,,,,,,,
Monday,43240,EU,3.6,2str,43,,,,,,,,,,,,
Monday,43310,EU,3.6,2str,43,,,,,,,,,,,,
Monday,44232,EU,3.6,3str,442,,,,,,,,,,,,
Monday,44232,EU,3.6,3str,442,,,,,,,,,,,,
Monday,44234,EU,3.6,3str,442,,,,,,,,,,,,
Monday,44320,EU,3.6,2str,44,,,,,,,,,,,,
Monday,44433,EU,3.6,3str,444,,,,,,,,,,,,
Monday,44434,EU,3.6,3str,444,,,,,,,,,,,,
Monday,44444,EU,3.6,3str,444,,,,,,,,,,,,
Tuesday,41130,EU,3.6,2str,41,,,,,,,,,,,,
Tuesday,41133,EU,3.6,3str,411,,,,,,,,,,,,
Tuesday,41142,EU,3.6,3str,411,,,,,,,,,,,,
Tuesday,41211,EU,3.6,3str,412,,,,,,,,,,,,
Tuesday,41220,EU,3.6,2str,41,,,,,,,,,,,,
Tuesday,41400,EU,3.6,2str,41,,,,,,,,,,,,
Tuesday,42220,EU,3.6,2str,42,,,,,,,,,,,,
Tuesday,42232,EU,3.6,3str,422,,,,,,,,,,,,
Tuesday,42320,EU,3.6,2str,42,,,,,,,,,,,,
Tuesday,42424,EU,3.6,3str,424,,,,,,,,,,,,
Tuesday,43220,EU,3.6,2str,43,,,,,,,,,,,,
Tuesday,43240,EU,3.6,2str,43,,,,,,,,,,,,
Tuesday,43334,EU,3.6,3str,433,,,,,,,,,,,,
Tuesday,44421,EU,3.6,3str,444,,,,,,,,,,,,
Wednesday,41114,EU,3.6,3str,411,,,,,,,,,,,,
Wednesday,41120,EU,3.6,2str,41,,,,,,,,,,,,
Wednesday,41122,EU,3.6,3str,411,,,,,,,,,,,,
Wednesday,41220,EU,3.6,2str,41,,,,,,,,,,,,
Wednesday,41220,EU,3.6,2str,41,,,,,,,,,,,,
Wednesday,41221,EU,3.6,3str,412,,,,,,,,,,,,
Wednesday,41320,EU,3.6,2str,41,,,,,,,,,,,,
Wednesday,41330,EU,3.6,2str,41,,,,,,,,,,,,
Wednesday,41330,EU,3.6,2str,41,,,,,,,,,,,,
Wednesday,41400,EU,3.6,2str,41,,,,,,,,,,,,
Wednesday,41412,EU,3.6,3str,414,,,,,,,,,,,,
Wednesday,41420,EU,3.6,2str,41,,,,,,,,,,,,
Wednesday,41432,EU,3.6,3str,414,,,,,,,,,,,,
Wednesday,42100,EU,3.6,2str,42,,,,,,,,,,,,
Wednesday,42100,EU,3.6,2str,42,,,,,,,,,,,,
Wednesday,42111,EU,3.6,3str,421,,,,,,,,,,,,
Wednesday,42120,EU,3.6,2str,42,,,,,,,,,,,,
Wednesday,42210,EU,3.6,2str,42,,,,,,,,,,,,
Wednesday,42220,EU,3.6,2str,42,,,,,,,,,,,,
Wednesday,42240,EU,3.6,2str,42,,,,,,,,,,,,
Wednesday,42300,EU,3.6,2str,42,,,,,,,,,,,,
Wednesday,42300,EU,3.6,2str,42,,,,,,,,,,,,
Wednesday,42320,EU,3.6,2str,42,,,,,,,,,,,,
Wednesday,42330,EU,3.6,2str,42,,,,,,,,,,,,
Wednesday,42413,EU,3.6,3str,424,,,,,,,,,,,,
Wednesday,43110,EU,3.6,2str,43,,,,,,,,,,,,
Wednesday,43110,EU,3.6,2str,43,,,,,,,,,,,,
Wednesday,43130,EU,3.6,2str,43,,,,,,,,,,,,
Wednesday,43132,EU,3.6,3str,431,,,,,,,,,,,,
Wednesday,43140,EU,3.6,2str,43,,,,,,,,,,,,
Wednesday,43210,EU,3.6,2str,43,,,,,,,,,,,,
Wednesday,43330,EU,3.6,2str,43,,,,,,,,,,,,
Wednesday,43334,EU,3.6,3str,433,,,,,,,,,,,,
Wednesday,43340,EU,3.6,2str,43,,,,,,,,,,,,
Wednesday,43430,EU,3.6,2str,43,,,,,,,,,,,,
Wednesday,43432,EU,3.6,3str,434,,,,,,,,,,,,
Wednesday,43434,EU,3.6,3str,434,,,,,,,,,,,,
Wednesday,44110,EU,3.6,2str,44,,,,,,,,,,,,
Wednesday,44110,EU,3.6,2str,44,,,,,,,,,,,,
Wednesday,44113,EU,3.6,3str,441,,,,,,,,,,,,
Wednesday,44120,EU,3.6,2str,44,,,,,,,,,,,,
Wednesday,44130,EU,3.6,2str,44,,,,,,,,,,,,
Wednesday,44240,EU,3.6,2str,44,,,,,,,,,,,,
Wednesday,44313,EU,3.6,3str,443,,,,,,,,,,,,
Wednesday,44320,EU,3.6,2str,44,,,,,,,,,,,,
Wednesday,44331,EU,3.6,3str,443,,,,,,,,,,,,
Wednesday,44340,EU,3.6,2str,44,,,,,,,,,,,,
Wednesday,44340,EU,3.6,2str,44,,,,,,,,,,,,
Wednesday,44410,EU,3.6,2str,44,,,,,,,,,,,,
Wednesday,44420,EU,3.6,2str,44,,,,,,,,,,,,
Wednesday,44432,EU,3.6,3str,444,,,,,,,,,,,,
Wednesday,44440,EU,3.6,2str,44,,,,,,,,,,,,
Wednesday,44440,EU,3.6,2str,44,,,,,,,,,,,,
Thursday,41140,EU,3.6,2str,41,,,,,,,,,,,,
Thursday,41312,EU,3.6,3str,413,,,,,,,,,,,,
Thursday,41344,EU,3.6,3str,413,,,,,,,,,,,,
Thursday,41421,EU,3.6,3str,414,,,,,,,,,,,,
Thursday,42000,EU,3.6,2str,42,,,,,,,,,,,,
Thursday,42124,EU,3.6,3str,421,,,,,,,,,,,,
Thursday,42143,EU,3.6,3str,421,,,,,,,,,,,,
Thursday,42212,EU,3.6,3str,422,,,,,,,,,,,,
Thursday,42411,EU,3.6,3str,424,,,,,,,,,,,,
Thursday,42412,EU,3.6,3str,424,,,,,,,,,,,,
Thursday,42434,EU,3.6,3str,424,,,,,,,,,,,,
Thursday,42441,EU,3.6,3str,424,,,,,,,,,,,,
Thursday,42443,EU,3.6,3str,424,,,,,,,,,,,,
Thursday,43144,EU,3.6,3str,431,,,,,,,,,,,,
Thursday,43231,EU,3.6,3str,432,,,,,,,,,,,,
Thursday,43243,EU,3.6,3str,432,,,,,,,,,,,,
Thursday,43320,EU,3.6,2str,43,,,,,,,,,,,,
Thursday,43331,EU,3.6,3str,433,,,,,,,,,,,,
Thursday,43443,EU,3.6,3str,434,,,,,,,,,,,,
Thursday,44233,EU,3.6,3str,442,,,,,,,,,,,,
Thursday,44242,EU,3.6,3str,442,,,,,,,,,,,,
Thursday,44322,EU,3.6,3str,443,,,,,,,,,,,,
Thursday,44323,EU,3.6,3str,443,,,,,,,,,,,,
Thursday,44332,EU,3.6,3str,443,,,,,,,,,,,,
Thursday,44341,EU,3.6,3str,443,,,,,,,,,,,,
Friday,41113,EU,3.6,3str,411,,,,,,,,,,,,
Friday,41120,EU,3.6,2str,41,,,,,,,,,,,,
Friday,41130,EU,3.6,2str,41,,,,,,,,,,,,
Friday,41222,EU,3.6,3str,412,,,,,,,,,,,,
Friday,42141,EU,3.6,3str,421,,,,,,,,,,,,
Friday,42322,EU,3.6,3str,423,,,,,,,,,,,,
Friday,42334,EU,3.6,3str,423,,,,,,,,,,,,
Friday,43121,EU,3.6,3str,431,,,,,,,,,,,,
Friday,43233,EU,3.6,3str,432,,,,,,,,,,,,
Friday,43441,EU,3.6,3str,434,,,,,,,,,,,,
Friday,44120,EU,3.6,2str,44,,,,,,,,,,,,
Friday,44131,EU,3.6,3str,441,,,,,,,,,,,,
Friday,44320,EU,3.6,2str,44,,,,,,,,,,,,
Saturday,41100,EU,3.6,2str,41,,,,,,,,,,,,
Saturday,41112,EU,3.6,3str,411,,,,,,,,,,,,
Saturday,41120,EU,3.6,2str,41,,,,,,,,,,,,
Saturday,41120,EU,3.6,2str,41,,,,,,,,,,,,
Saturday,41134,EU,3.6,3str,411,,,,,,,,,,,,
Saturday,41220,EU,3.6,2str,41,,,,,,,,,,,,
Saturday,41220,EU,3.6,2str,41,,,,,,,,,,,,
Saturday,41220,EU,3.6,2str,41,,,,,,,,,,,,
Saturday,41220,EU,3.6,2str,41,,,,,,,,,,,,
Saturday,41220,EU,3.6,2str,41,,,,,,,,,,,,
Saturday,41220,EU,3.6,2str,41,,,,,,,,,,,,
Saturday,41244,EU,3.6,3str,412,,,,,,,,,,,,
Saturday,41311,EU,3.6,3str,413,,,,,,,,,,,,
Saturday,41322,EU,3.6,3str,413,,,,,,,,,,,,
Saturday,41410,EU,3.6,2str,41,,,,,,,,,,,,
Saturday,41410,EU,3.6,2str,41,,,,,,,,,,,,
Saturday,41411,EU,3.6,3str,414,,,,,,,,,,,,
Saturday,41420,EU,3.6,2str,41,,,,,,,,,,,,
Saturday,41424,EU,3.6,3str,414,,,,,,,,,,,,
Saturday,41430,EU,3.6,2str,41,,,,,,,,,,,,
Saturday,41430,EU,3.6,2str,41,,,,,,,,,,,,
Saturday,41442,EU,3.6,3str,414,,,,,,,,,,,,
Saturday,42110,EU,3.6,2str,42,,,,,,,,,,,,
Saturday,42110,EU,3.6,2str,42,,,,,,,,,,,,
Saturday,42132,EU,3.6,3str,421,,,,,,,,,,,,
Saturday,42224,EU,3.6,3str,422,,,,,,,,,,,,
Saturday,42230,EU,3.6,2str,42,,,,,,,,,,,,
Saturday,42230,EU,3.6,2str,42,,,,,,,,,,,,
Saturday,42310,EU,3.6,2str,42,,,,,,,,,,,,
Saturday,42313,EU,3.6,3str,423,,,,,,,,,,,,
Saturday,42320,EU,3.6,2str,42,,,,,,,,,,,,
Saturday,42320,EU,3.6,2str,42,,,,,,,,,,,,
Saturday,42410,EU,3.6,2str,42,,,,,,,,,,,,
Saturday,42420,EU,3.6,2str,42,,,,,,,,,,,,
Saturday,42420,EU,3.6,2str,42,,,,,,,,,,,,
Saturday,42430,EU,3.6,2str,42,,,,,,,,,,,,
Saturday,42430,EU,3.6,2str,42,,,,,,,,,,,,
Saturday,42440,EU,3.6,2str,42,,,,,,,,,,,,
Saturday,42440,EU,3.6,2str,42,,,,,,,,,,,,
Saturday,42440,EU,3.6,2str,42,,,,,,,,,,,,
Saturday,43120,EU,3.6,2str,43,,,,,,,,,,,,
Saturday,43120,EU,3.6,2str,43,,,,,,,,,,,,
Saturday,43123,EU,3.6,3str,431,,,,,,,,,,,,
Saturday,43142,EU,3.6,3str,431,,,,,,,,,,,,
Saturday,43210,EU,3.6,2str,43,,,,,,,,,,,,
Saturday,43210,EU,3.6,2str,43,,,,,,,,,,,,
Saturday,43211,EU,3.6,3str,432,,,,,,,,,,,,
Saturday,43230,EU,3.6,2str,43,,,,,,,,,,,,
Saturday,43240,EU,3.6,2str,43,,,,,,,,,,,,
Saturday,43240,EU,3.6,2str,43,,,,,,,,,,,,
Saturday,43240,EU,3.6,2str,43,,,,,,,,,,,,
Saturday,43310,EU,3.6,2str,43,,,,,,,,,,,,
Saturday,43310,EU,3.6,2str,43,,,,,,,,,,,,
Saturday,43310,EU,3.6,2str,43,,,,,,,,,,,,
Saturday,43320,EU,3.6,2str,43,,,,,,,,,,,,
Saturday,43322,EU,3.6,3str,433,,,,,,,,,,,,
Saturday,43342,EU,3.6,3str,433,,,,,,,,,,,,
Saturday,43410,EU,3.6,2str,43,,,,,,,,,,,,
Saturday,43410,EU,3.6,2str,43,,,,,,,,,,,,
Saturday,43410,EU,3.6,2str,43,,,,,,,,,,,,
Saturday,43420,EU,3.6,2str,43,,,,,,,,,,,,
Saturday,43420,EU,3.6,2str,43,,,,,,,,,,,,
Saturday,43430,EU,3.6,2str,43,,,,,,,,,,,,
Saturday,44110,EU,3.6,2str,44,,,,,,,,,,,,
Saturday,44124,EU,3.6,3str,441,,,,,,,,,,,,
Saturday,44130,EU,3.6,2str,44,,,,,,,,,,,,
Saturday,44130,EU,3.6,2str,44,,,,,,,,,,,,
Saturday,44130,EU,3.6,2str,44,,,,,,,,,,,,
Saturday,44210,EU,3.6,2str,44,,,,,,,,,,,,
Saturday,44210,EU,3.6,2str,44,,,,,,,,,,,,
Saturday,44210,EU,3.6,2str,44,,,,,,,,,,,,
Saturday,44210,EU,3.6,2str,44,,,,,,,,,,,,
Saturday,44212,EU,3.6,3str,442,,,,,,,,,,,,
Saturday,44220,EU,3.6,2str,44,,,,,,,,,,,,
Saturday,44240,EU,3.6,2str,44,,,,,,,,,,,,
Saturday,44320,EU,3.6,2str,44,,,,,,,,,,,,
Saturday,44322,EU,3.6,3str,443,,,,,,,,,,,,
Saturday,44330,EU,3.6,2str,44,,,,,,,,,,,,
Saturday,44330,EU,3.6,2str,44,,,,,,,,,,,,
Saturday,44420,EU,3.6,2str,44,,,,,,,,,,,,
Saturday,44420,EU,3.6,2str,44,,,,,,,,,,,,
Saturday,44423,EU,3.6,3str,444,,,,,,,,,,,,
Wednesday,43400,EU,3.6,2str,43,,,,,,,,,,,,
Wednesday,42300,EU,3.6,2str,42,,,,,,,,,,,,
Wednesday,44100,EU,3.6,2str,44,,,,,,,,,,,,
Wednesday,41100,EU,3.6,2str,41,,,,,,,,,,,,
Wednesday,42330,EU,3.6,2str,42,,,,,,,,,,,,
Thursday,42440,EU,3.6,2str,42,,,,,,,,,,,,
Thursday,44100,EU,3.6,2str,44,,,,,,,,,,,,
Thursday,44000,EU,3.6,2str,44,,,,,,,,,,,,
Thursday,44400,EU,3.6,2str,44,,,,,,,,,,,,
Thursday,41300,EU,3.6,2str,41,,,,,,,,,,,,
Thursday,44110,EU,3.6,2str,44,,,,,,,,,,,,
Friday,43000,EU,3.6,2str,43,,,,,,,,,,,,
Friday,41000,EU,3.6,2str,41,,,,,,,,,,,,
Friday,41000,EU,3.6,2str,41,,,,,,,,,,,,
Friday,41000,EU,3.6,2str,41,,,,,,,,,,,,
Friday,41000,EU,3.6,2str,41,,,,,,,,,,,,
Friday,44000,EU,3.6,2str,44,,,,,,,,,,,,
Friday,41000,EU,3.6,2str,41,,,,,,,,,,,,
Friday,41000,EU,3.6,2str,41,,,,,,,,,,,,
Friday,43000,EU,3.6,2str,43,,,,,,,,,,,,
Friday,44000,EU,3.6,2str,44,,,,,,,,,,,,
Friday,44000,EU,3.6,2str,44,,,,,,,,,,,,
Friday,43400,EU,3.6,2str,43,,,,,,,,,,,,
Friday,42000,EU,3.6,2str,42,,,,,,,,,,,,
Friday,44000,EU,3.6,2str,44,,,,,,,,,,,,
Friday,41000,EU,3.6,2str,41,,,,,,,,,,,,
Friday,42200,EU,3.6,2str,42,,,,,,,,,,,,
Friday,43000,EU,3.6,2str,43,,,,,,,,,,,,
Friday,42200,EU,3.6,2str,42,,,,,,,,,,,,
Friday,43000,EU,3.6,2str,43,,,,,,,,,,,,
Friday,42400,EU,3.6,2str,42,,,,,,,,,,,,
Friday,41400,EU,3.6,2str,41,,,,,,,,,,,,
Friday,44400,EU,3.6,2str,44,,,,,,,,,,,,
Friday,42400,EU,3.6,2str,42,,,,,,,,,,,,
Friday,43000,EU,3.6,2str,43,,,,,,,,,,,,
Friday,42120,EU,3.6,2str,42,,,,,,,,,,,,
Friday,44100,EU,3.6,2str,44,,,,,,,,,,,,
Friday,44100,EU,3.6,2str,44,,,,,,,,,,,,
Friday,43100,EU,3.6,2str,43,,,,,,,,,,,,
Friday,44200,EU,3.6,2str,44,,,,,,,,,,,,
Friday,44400,EU,3.6,2str,44,,,,,,,,,,,,
Friday,42100,EU,3.6,2str,42,,,,,,,,,,,,
Friday,44000,EU,3.6,2str,44,,,,,,,,,,,,
Friday,44000,EU,3.6,2str,44,,,,,,,,,,,,
Friday,43000,EU,3.6,2str,43,,,,,,,,,,,,
Friday,42400,EU,3.6,2str,42,,,,,,,,,,,,
Friday,41400,EU,3.6,2str,41,,,,,,,,,,,,
Friday,44440,EU,3.6,2str,44,,,,,,,,,,,,
Friday,43230,EU,3.6,2str,43,,,,,,,,,,,,
Friday,42200,EU,3.6,2str,42,,,,,,,,,,,,
Friday,41400,EU,3.6,2str,41,,,,,,,,,,,,
Friday,44440,EU,3.6,2str,44,,,,,,,,,,,,
Friday,43230,EU,3.6,2str,43,,,,,,,,,,,,
Friday,42200,EU,3.6,2str,42,,,,,,,,,,,,
Friday,42100,EU,3.6,2str,42,,,,,,,,,,,,
Friday,41410,EU,3.6,2str,41,,,,,,,,,,,,
Friday,41000,EU,3.6,2str,41,,,,,,,,,,,,
Friday,43100,EU,3.6,2str,43,,,,,,,,,,,,
Friday,42000,EU,3.6,2str,42,,,,,,,,,,,,
Friday,43000,EU,3.6,2str,43,,,,,,,,,,,,
Friday,41200,EU,3.6,2str,41,,,,,,,,,,,,
Friday,42100,EU,3.6,2str,42,,,,,,,,,,,,
Friday,42310,EU,3.6,2str,42,,,,,,,,,,,,
Friday,42000,EU,3.6,2str,42,,,,,,,,,,,,
Friday,41200,EU,3.6,2str,41,,,,,,,,,,,,
Friday,42100,EU,3.6,2str,42,,,,,,,,,,,,
Friday,42310,EU,3.6,2str,42,,,,,,,,,,,,
Friday,42000,EU,3.6,2str,42,,,,,,,,,,,,
Friday,44000,EU,3.6,2str,44,,,,,,,,,,,,
Friday,42230,EU,3.6,2str,42,,,,,,,,,,,,
Friday,43000,EU,3.6,2str,43,,,,,,,,,,,,
Friday,43000,EU,3.6,2str,43,,,,,,,,,,,,
Friday,43300,EU,3.6,2str,43,,,,,,,,,,,,
Friday,43300,EU,3.6,2str,43,,,,,,,,,,,,
Friday,43000,EU,3.6,2str,43,,,,,,,,,,,,
Friday,42200,EU,3.6,2str,42,,,,,,,,,,,,
Friday,43000,EU,3.6,2str,43,,,,,,,,,,,,
Friday,42400,EU,3.6,2str,42,,,,,,,,,,,,
Friday,41400,EU,3.6,2str,41,,,,,,,,,,,,
Friday,44400,EU,3.6,2str,44,,,,,,,,,,,,
Friday,42400,EU,3.6,2str,42,,,,,,,,,,,,
Friday,43000,EU,3.6,2str,43,,,,,,,,,,,,
Friday,42120,EU,3.6,2str,42,,,,,,,,,,,,
Friday,41100,EU,3.6,2str,41,,,,,,,,,,,,
Friday,44200,EU,3.6,2str,44,,,,,,,,,,,,
Friday,42000,EU,3.6,2str,42,,,,,,,,,,,,
Friday,42000,EU,3.6,2str,42,,,,,,,,,,,,
Friday,44000,EU,3.6,2str,44,,,,,,,,,,,,
Friday,44200,EU,3.6,2str,44,,,,,,,,,,,,
Friday,43210,EU,3.6,2str,43,,,,,,,,,,,,
Friday,42300,EU,3.6,2str,42,,,,,,,,,,,,
Friday,42000,EU,3.6,2str,42,,,,,,,,,,,,
Friday,44000,EU,3.6,2str,44,,,,,,,,,,,,
Friday,44000,EU,3.6,2str,44,,,,,,,,,,,,
Friday,41000,EU,3.6,2str,41,,,,,,,,,,,,
Friday,41100,EU,3.6,2str,41,,,,,,,,,,,,
Friday,41000,EU,3.6,2str,41,,,,,,,,,,,,
Friday,41000,EU,3.6,2str,41,,,,,,,,,,,,
Friday,44000,EU,3.6,2str,44,,,,,,,,,,,,
Friday,43000,EU,3.6,2str,43,,,,,,,,,,,,
Friday,44000,EU,3.6,2str,44,,,,,,,,,,,,
Friday,43000,EU,3.6,2str,43,,,,,,,,,,,,
Friday,41000,EU,3.6,2str,41,,,,,,,,,,,,
Friday,41000,EU,3.6,2str,41,,,,,,,,,,,,
Friday,42300,EU,3.6,2str,42,,,,,,,,,,,,
Friday,42000,EU,3.6,2str,42,,,,,,,,,,,,
Friday,43000,EU,3.6,2str,43,,,,,,,,,,,,
Friday,42200,EU,3.6,2str,42,,,,,,,,,,,,
Friday,41000,EU,3.6,2str,41,,,,,,,,,,,,
Friday,41000,EU,3.6,2str,41,,,,,,,,,,,,
Friday,42100,EU,3.6,2str,42,,,,,,,,,,,,
Friday,43000,EU,3.6,2str,43,,,,,,,,,,,,
Friday,43000,EU,3.6,2str,43,,,,,,,,,,,,
Friday,41000,EU,3.6,2str,41,,,,,,,,,,,,
Friday,41000,EU,3.6,2str,41,,,,,,,,,,,,
Friday,41000,EU,3.6,2str,41,,,,,,,,,,,,
Friday,41000,EU,3.6,2str,41,,,,,,,,,,,,
Friday,44000,EU,3.6,2str,44,,,,,,,,,,,,
Friday,41000,EU,3.6,2str,41,,,,,,,,,,,,
Friday,41000,EU,3.6,2str,41,,,,,,,,,,,,
Friday,43000,EU,3.6,2str,43,,,,,,,,,,,,
Friday,44000,EU,3.6,2str,44,,,,,,,,,,,,
Friday,44000,EU,3.6,2str,44,,,,,,,,,,,,
Friday,43400,EU,3.6,2str,43,,,,,,,,,,,,
Friday,42000,EU,3.6,2str,42,,,,,,,,,,,,
Friday,44000,EU,3.6,2str,44,,,,,,,,,,,,
Friday,41000,EU,3.6,2str,41,,,,,,,,,,,,
Friday,42200,EU,3.6,2str,42,,,,,,,,,,,,
Friday,43000,EU,3.6,2str,43,,,,,,,,,,,,
Friday,42200,EU,3.6,2str,42,,,,,,,,,,,,
Friday,43000,EU,3.6,2str,43,,,,,,,,,,,,
Friday,42400,EU,3.6,2str,42,,,,,,,,,,,,
Friday,41400,EU,3.6,2str,41,,,,,,,,,,,,
Friday,44400,EU,3.6,2str,44,,,,,,,,,,,,
Friday,42400,EU,3.6,2str,42,,,,,,,,,,,,
Friday,43000,EU,3.6,2str,43,,,,,,,,,,,,
Friday,42120,EU,3.6,2str,42,,,,,,,,,,,,
Friday,44100,EU,3.6,2str,44,,,,,,,,,,,,
Friday,44100,EU,3.6,2str,44,,,,,,,,,,,,
Friday,43100,EU,3.6,2str,43,,,,,,,,,,,,
Friday,44200,EU,3.6,2str,44,,,,,,,,,,,,
Friday,44400,EU,3.6,2str,44,,,,,,,,,,,,
Friday,42100,EU,3.6,2str,42,,,,,,,,,,,,
Friday,44000,EU,3.6,2str,44,,,,,,,,,,,,
Friday,44000,EU,3.6,2str,44,,,,,,,,,,,,
Friday,43000,EU,3.6,2str,43,,,,,,,,,,,,
Friday,42400,EU,3.6,2str,42,,,,,,,,,,,,
Friday,41400,EU,3.6,2str,41,,,,,,,,,,,,
Friday,44440,EU,3.6,2str,44,,,,,,,,,,,,
Friday,43230,EU,3.6,2str,43,,,,,,,,,,,,
Friday,42200,EU,3.6,2str,42,,,,,,,,,,,,
Friday,41400,EU,3.6,2str,41,,,,,,,,,,,,
Friday,44440,EU,3.6,2str,44,,,,,,,,,,,,
Friday,43230,EU,3.6,2str,43,,,,,,,,,,,,
Friday,42200,EU,3.6,2str,42,,,,,,,,,,,,
Friday,42100,EU,3.6,2str,42,,,,,,,,,,,,
Friday,41410,EU,3.6,2str,41,,,,,,,,,,,,
Friday,41000,EU,3.6,2str,41,,,,,,,,,,,,
Friday,43100,EU,3.6,2str,43,,,,,,,,,,,,
Friday,42000,EU,3.6,2str,42,,,,,,,,,,,,
Friday,43000,EU,3.6,2str,43,,,,,,,,,,,,
Friday,41200,EU,3.6,2str,41,,,,,,,,,,,,
Friday,42100,EU,3.6,2str,42,,,,,,,,,,,,
Friday,42310,EU,3.6,2str,42,,,,,,,,,,,,
Friday,42000,EU,3.6,2str,42,,,,,,,,,,,,
Friday,41200,EU,3.6,2str,41,,,,,,,,,,,,
Friday,42100,EU,3.6,2str,42,,,,,,,,,,,,
Friday,42310,EU,3.6,2str,42,,,,,,,,,,,,
Friday,42000,EU,3.6,2str,42,,,,,,,,,,,,
Friday,44000,EU,3.6,2str,44,,,,,,,,,,,,
Friday,42230,EU,3.6,2str,42,,,,,,,,,,,,
Friday,43000,EU,3.6,2str,43,,,,,,,,,,,,
Friday,43000,EU,3.6,2str,43,,,,,,,,,,,,
Friday,43300,EU,3.6,2str,43,,,,,,,,,,,,
Friday,43300,EU,3.6,2str,43,,,,,,,,,,,,
Friday,43000,EU,3.6,2str,43,,,,,,,,,,,,
Friday,42200,EU,3.6,2str,42,,,,,,,,,,,,
Friday,43000,EU,3.6,2str,43,,,,,,,,,,,,
Friday,42400,EU,3.6,2str,42,,,,,,,,,,,,
Friday,41400,EU,3.6,2str,41,,,,,,,,,,,,
Friday,44400,EU,3.6,2str,44,,,,,,,,,,,,
Friday,42400,EU,3.6,2str,42,,,,,,,,,,,,
Friday,43000,EU,3.6,2str,43,,,,,,,,,,,,
Friday,42120,EU,3.6,2str,42,,,,,,,,,,,,
Friday,41100,EU,3.6,2str,41,,,,,,,,,,,,
Friday,44200,EU,3.6,2str,44,,,,,,,,,,,,
Friday,42000,EU,3.6,2str,42,,,,,,,,,,,,
Friday,42000,EU,3.6,2str,42,,,,,,,,,,,,
Friday,44000,EU,3.6,2str,44,,,,,,,,,,,,
Friday,44200,EU,3.6,2str,44,,,,,,,,,,,,
Friday,43210,EU,3.6,2str,43,,,,,,,,,,,,
Friday,42300,EU,3.6,2str,42,,,,,,,,,,,,
Friday,42000,EU,3.6,2str,42,,,,,,,,,,,,
Friday,44000,EU,3.6,2str,44,,,,,,,,,,,,
Friday,44000,EU,3.6,2str,44,,,,,,,,,,,,
Friday,41000,EU,3.6,2str,41,,,,,,,,,,,,
Friday,41100,EU,3.6,2str,41,,,,,,,,,,,,
Friday,41000,EU,3.6,2str,41,,,,,,,,,,,,
Friday,41000,EU,3.6,2str,41,,,,,,,,,,,,
Friday,44000,EU,3.6,2str,44,,,,,,,,,,,,
Friday,43000,EU,3.6,2str,43,,,,,,,,,,,,
Friday,44000,EU,3.6,2str,44,,,,,,,,,,,,
Friday,43000,EU,3.6,2str,43,,,,,,,,,,,,
Friday,41000,EU,3.6,2str,41,,,,,,,,,,,,
Friday,41000,EU,3.6,2str,41,,,,,,,,,,,,
Friday,42300,EU,3.6,2str,42,,,,,,,,,,,,
Friday,42000,EU,3.6,2str,42,,,,,,,,,,,,
Friday,43000,EU,3.6,2str,43,,,,,,,,,,,,
Friday,42200,EU,3.6,2str,42,,,,,,,,,,,,
Friday,41000,EU,3.6,2str,41,,,,,,,,,,,,
Friday,41000,EU,3.6,2str,41,,,,,,,,,,,,
Friday,42100,EU,3.6,2str,42,,,,,,,,,,,,
Friday,43000,EU,3.6,2str,43,,,,,,,,,,,,
Friday,42100,EU,3.6,2str,42,,,,,,,,,,,,
Friday,43200,EU,3.6,2str,43,,,,,,,,,,,,
Friday,43200,EU,3.6,2str,43,,,,,,,,,,,,
Friday,41100,EU,3.6,2str,41,,,,,,,,,,,,
Friday,44400,EU,3.6,2str,44,,,,,,,,,,,,
Friday,42400,EU,3.6,2str,42,,,,,,,,,,,,
Friday,42400,EU,3.6,2str,42,,,,,,,,,,,,
Friday,43400,EU,3.6,2str,43,,,,,,,,,,,,
Friday,42100,EU,3.6,2str,42,,,,,,,,,,,,
Friday,42300,EU,3.6,2str,42,,,,,,,,,,,,
Friday,41400,EU,3.6,2str,41,,,,,,,,,,,,
Friday,42100,EU,3.6,2str,42,,,,,,,,,,,,
Friday,42200,EU,3.6,2str,42,,,,,,,,,,,,
Friday,41300,EU,3.6,2str,41,,,,,,,,,,,,
Friday,42000,EU,3.6,2str,42,,,,,,,,,,,,
Friday,43400,EU,3.6,2str,43,,,,,,,,,,,,
Friday,43300,EU,3.6,2str,43,,,,,,,,,,,,
Friday,44220,EU,3.6,2str,44,,,,,,,,,,,,
Friday,43000,EU,3.6,2str,43,,,,,,,,,,,,
Friday,41300,EU,3.6,2str,41,,,,,,,,,,,,
Friday,44300,EU,3.6,2str,44,,,,,,,,,,,,
Friday,41000,EU,3.6,2str,41,,,,,,,,,,,,
Friday,42300,EU,3.6,2str,42,,,,,,,,,,,,
Friday,42200,EU,3.6,2str,42,,,,,,,,,,,,
Friday,43300,EU,3.6,2str,43,,,,,,,,,,,,
Friday,42200,EU,3.6,2str,42,,,,,,,,,,,,
Friday,43300,EU,3.6,2str,43,,,,,,,,,,,,
Friday,41340,EU,3.6,2str,41,,,,,,,,,,,,
Friday,41000,EU,3.6,2str,41,,,,,,,,,,,,
Friday,41000,EU,3.6,2str,41,,,,,,,,,,,,
Friday,44000,EU,3.6,2str,44,,,,,,,,,,,,
Friday,44000,EU,3.6,2str,44,,,,,,,,,,,,
Friday,42100,EU,3.6,2str,42,,,,,,,,,,,,
Friday,44000,EU,3.6,2str,44,,,,,,,,,,,,
Friday,42000,EU,3.6,2str,42,,,,,,,,,,,,
Friday,43000,EU,3.6,2str,43,,,,,,,,,,,,
Friday,44000,EU,3.6,2str,44,,,,,,,,,,,,
Friday,44420,EU,3.6,2str,44,,,,,,,,,,,,
Friday,41330,EU,3.6,2str,41,,,,,,,,,,,,
Friday,43300,EU,3.6,2str,43,,,,,,,,,,,,
Friday,44000,EU,3.6,2str,44,,,,,,,,,,,,
Friday,43000,EU,3.6,2str,43,,,,,,,,,,,,
Friday,43100,EU,3.6,2str,43,,,,,,,,,,,,
Friday,41200,EU,3.6,2str,41,,,,,,,,,,,,
Friday,42400,EU,3.6,2str,42,,,,,,,,,,,,
Friday,43110,EU,3.6,2str,43,,,,,,,,,,,,
Friday,42000,EU,3.6,2str,42,,,,,,,,,,,,
Friday,41240,EU,3.6,2str,41,,,,,,,,,,,,
Friday,44300,EU,3.6,2str,44,,,,,,,,,,,,
Friday,42200,EU,3.6,2str,42,,,,,,,,,,,,
Friday,43400,EU,3.6,2str,43,,,,,,,,,,,,
Friday,41000,EU,3.6,2str,41,,,,,,,,,,,,
Friday,43000,EU,3.6,2str,43,,,,,,,,,,,,
Friday,44000,EU,3.6,2str,44,,,,,,,,,,,,
Friday,43400,EU,3.6,2str,43,,,,,,,,,,,,
Friday,42400,EU,3.6,2str,42,,,,,,,,,,,,
Friday,42200,EU,3.6,2str,42,,,,,,,,,,,,
Friday,42100,EU,3.6,2str,42,,,,,,,,,,,,
Friday,44240,EU,3.6,2str,44,,,,,,,,,,,,
Friday,41400,EU,3.6,2str,41,,,,,,,,,,,,
Friday,43300,EU,3.6,2str,43,,,,,,,,,,,,
Friday,42300,EU,3.6,2str,42,,,,,,,,,,,,
Friday,42200,EU,3.6,2str,42,,,,,,,,,,,,
Friday,43300,EU,3.6,2str,43,,,,,,,,,,,,
Friday,42200,EU,3.6,2str,42,,,,,,,,,,,,
Friday,43300,EU,3.6,2str,43,,,,,,,,,,,,
Friday,41340,EU,3.6,2str,41,,,,,,,,,,,,
Friday,41000,EU,3.6,2str,41,,,,,,,,,,,,
Friday,41000,EU,3.6,2str,41,,,,,,,,,,,,
Friday,44000,EU,3.6,2str,44,,,,,,,,,,,,
Friday,44000,EU,3.6,2str,44,,,,,,,,,,,,
Friday,42100,EU,3.6,2str,42,,,,,,,,,,,,
Friday,44000,EU,3.6,2str,44,,,,,,,,,,,,
Friday,42000,EU,3.6,2str,42,,,,,,,,,,,,
Friday,43000,EU,3.6,2str,43,,,,,,,,,,,,
Friday,44000,EU,3.6,2str,44,,,,,,,,,,,,
Friday,44420,EU,3.6,2str,44,,,,,,,,,,,,
Friday,41330,EU,3.6,2str,41,,,,,,,,,,,,
Friday,43300,EU,3.6,2str,43,,,,,,,,,,,,
Friday,44000,EU,3.6,2str,44,,,,,,,,,,,,
Friday,43000,EU,3.6,2str,43,,,,,,,,,,,,
Friday,43100,EU,3.6,2str,43,,,,,,,,,,,,
Friday,41200,EU,3.6,2str,41,,,,,,,,,,,,
Friday,42400,EU,3.6,2str,42,,,,,,,,,,,,
Friday,43110,EU,3.6,2str,43,,,,,,,,,,,,
Friday,42000,EU,3.6,2str,42,,,,,,,,,,,,
Friday,41240,EU,3.6,2str,41,,,,,,,,,,,,
Friday,44300,EU,3.6,2str,44,,,,,,,,,,,,
Friday,42200,EU,3.6,2str,42,,,,,,,,,,,,
Friday,43400,EU,3.6,2str,43,,,,,,,,,,,,
Friday,41000,EU,3.6,2str,41,,,,,,,,,,,,
Friday,43000,EU,3.6,2str,43,,,,,,,,,,,,
Friday,44000,EU,3.6,2str,44,,,,,,,,,,,,
Friday,43400,EU,3.6,2str,43,,,,,,,,,,,,
Friday,42400,EU,3.6,2str,42,,,,,,,,,,,,
Friday,42200,EU,3.6,2str,42,,,,,,,,,,,,
Friday,42100,EU,3.6,2str,42,,,,,,,,,,,,
Friday,44240,EU,3.6,2str,44,,,,,,,,,,,,
Friday,41400,EU,3.6,2str,41,,,,,,,,,,,,
Friday,43300,EU,3.6,2str,43,,,,,,,,,,,,
Friday,43300,EU,3.6,2str,43,,,,,,,,,,,,
Friday,43210,EU,3.6,2str,43,,,,,,,,,,,,
Friday,43000,EU,3.6,2str,43,,,,,,,,,,,,
Friday,43100,EU,3.6,2str,43,,,,,,,,,,,,
Friday,41100,EU,3.6,2str,41,,,,,,,,,,,,
Friday,43400,EU,3.6,2str,43,,,,,,,,,,,,
Friday,43200,EU,3.6,2str,43,,,,,,,,,,,,
Friday,41000,EU,3.6,2str,41,,,,,,,,,,,,
Friday,43000,EU,3.6,2str,43,,,,,,,,,,,,
Friday,41000,EU,3.6,2str,41,,,,,,,,,,,,
Friday,42000,EU,3.6,2str,42,,,,,,,,,,,,
Friday,43400,EU,3.6,2str,43,,,,,,,,,,,,
Friday,44000,EU,3.6,2str,44,,,,,,,,,,,,
Friday,44200,EU,3.6,2str,44,,,,,,,,,,,,
Friday,41200,EU,3.6,2str,41,,,,,,,,,,,,
Friday,41000,EU,3.6,2str,41,,,,,,,,,,,,
Friday,44000,EU,3.6,2str,44,,,,,,,,,,,,
Friday,44000,EU,3.6,2str,44,,,,,,,,,,,,
Friday,41000,EU,3.6,2str,41,,,,,,,,,,,,
Friday,44000,EU,3.6,2str,44,,,,,,,,,,,,
Friday,42100,EU,3.6,2str,42,,,,,,,,,,,,
Friday,43000,EU,3.6,2str,43,,,,,,,,,,,,
Friday,41400,EU,3.6,2str,41,,,,,,,,,,,,
Friday,43100,EU,3.6,2str,43,,,,,,,,,,,,
Friday,41000,EU,3.6,2str,41,,,,,,,,,,,,
Friday,43420,EU,3.6,2str,43,,,,,,,,,,,,
Friday,42220,EU,3.6,2str,42,,,,,,,,,,,,
Friday,43000,EU,3.6,2str,43,,,,,,,,,,,,
Friday,44400,EU,3.6,2str,44,,,,,,,,,,,,
Friday,43000,EU,3.6,2str,43,,,,,,,,,,,,
Friday,43000,EU,3.6,2str,43,,,,,,,,,,,,
Friday,41000,EU,3.6,2str,41,,,,,,,,,,,,
Friday,43300,EU,3.6,2str,43,,,,,,,,,,,,
Friday,43200,EU,3.6,2str,43,,,,,,,,,,,,
Friday,43400,EU,3.6,2str,43,,,,,,,,,,,,
Friday,42000,EU,3.6,2str,42,,,,,,,,,,,,
Friday,43000,EU,3.6,2str,43,,,,,,,,,,,,
Friday,41300,EU,3.6,2str,41,,,,,,,,,,,,
Friday,43000,EU,3.6,2str,43,,,,,,,,,,,,
Friday,44400,EU,3.6,2str,44,,,,,,,,,,,,
Friday,43300,EU,3.6,2str,43,,,,,,,,,,,,
Friday,43300,EU,3.6,2str,43,,,,,,,,,,,,
Friday,41000,EU,3.6,2str,41,,,,,,,,,,,,
Friday,42000,EU,3.6,2str,42,,,,,,,,,,,,
Friday,42000,EU,3.6,2str,42,,,,,,,,,,,,
Friday,43200,EU,3.6,2str,43,,,,,,,,,,,,
Friday,41000,EU,3.6,2str,41,,,,,,,,,,,,
Friday,44000,EU,3.6,2str,44,,,,,,,,,,,,
Friday,44000,EU,3.6,2str,44,,,,,,,,,,,,
Friday,41400,EU,3.6,2str,41,,,,,,,,,,,,
Friday,41000,EU,3.6,2str,41,,,,,,,,,,,,
Friday,42000,EU,3.6,2str,42,,,,,,,,,,,,
Friday,41000,EU,3.6,2str,41,,,,,,,,,,,,
Friday,41000,EU,3.6,2str,41,,,,,,,,,,,,
Friday,43000,EU,3.6,2str,43,,,,,,,,,,,,
Friday,44000,EU,3.6,2str,44,,,,,,,,,,,,
Sunday,41341,EU,3.6,3str,413,,,,,,,,,,,,
Sunday,41342,EU,3.6,3str,413,,,,,,,,,,,,
Sunday,41342,EU,3.6,3str,413,,,,,,,,,,,,
Sunday,42230,EU,3.6,2str,42,,,,,,,,,,,,
Sunday,42241,EU,3.6,3str,422,,,,,,,,,,,,
Sunday,42321,EU,3.6,3str,423,,,,,,,,,,,,
Sunday,43221,EU,3.6,3str,432,,,,,,,,,,,,
Sunday,43313,EU,3.6,3str,433,,,,,,,,,,,,
Sunday,44134,EU,3.6,3str,441,,,,,,,,,,,,
Sunday,44144,EU,3.6,3str,441,,,,,,,,,,,,
Sunday,44334,EU,3.6,3str,443,,,,,,,,,,,,
Sunday,44444,EU,3.6,3str,444,,,,,,,,,,,,
Monday,41121,EU,3.6,3str,411,,,,,,,,,,,,
Monday,44232,EU,3.6,3str,442,,,,,,,,,,,,
Monday,44234,EU,3.6,3str,442,,,,,,,,,,,,
Monday,44433,EU,3.6,3str,444,,,,,,,,,,,,
Monday,44444,EU,3.6,3str,444,,,,,,,,,,,,
Tuesday,41133,EU,3.6,3str,411,,,,,,,,,,,,
Tuesday,41142,EU,3.6,3str,411,,,,,,,,,,,,
Tuesday,41211,EU,3.6,3str,412,,,,,,,,,,,,
Tuesday,42232,EU,3.6,3str,422,,,,,,,,,,,,
Tuesday,44421,EU,3.6,3str,444,,,,,,,,,,,,
Wednesday,41114,EU,3.6,3str,411,,,,,,,,,,,,
Wednesday,41122,EU,3.6,3str,411,,,,,,,,,,,,
Wednesday,41412,EU,3.6,3str,414,,,,,,,,,,,,
Wednesday,41432,EU,3.6,3str,414,,,,,,,,,,,,
Wednesday,42413,EU,3.6,3str,424,,,,,,,,,,,,
Wednesday,43132,EU,3.6,3str,431,,,,,,,,,,,,
Wednesday,43210,EU,3.6,2str,43,,,,,,,,,,,,
Wednesday,43432,EU,3.6,3str,434,,,,,,,,,,,,
Wednesday,44113,EU,3.6,3str,441,,,,,,,,,,,,
Wednesday,44313,EU,3.6,3str,443,,,,,,,,,,,,
Wednesday,44331,EU,3.6,3str,443,,,,,,,,,,,,
Wednesday,44432,EU,3.6,3str,444,,,,,,,,,,,,
Thursday,41140,EU,3.6,2str,41,,,,,,,,,,,,
Thursday,41312,EU,3.6,3str,413,,,,,,,,,,,,
Thursday,41344,EU,3.6,3str,413,,,,,,,,,,,,
Thursday,41421,EU,3.6,3str,414,,,,,,,,,,,,
Thursday,42124,EU,3.6,3str,421,,,,,,,,,,,,
Thursday,42143,EU,3.6,3str,421,,,,,,,,,,,,
Thursday,42212,EU,3.6,3str,422,,,,,,,,,,,,
Thursday,42411,EU,3.6,3str,424,,,,,,,,,,,,
Thursday,42412,EU,3.6,3str,424,,,,,,,,,,,,
Thursday,42434,EU,3.6,3str,424,,,,,,,,,,,,
Thursday,42441,EU,3.6,3str,424,,,,,,,,,,,,
Thursday,43144,EU,3.6,3str,431,,,,,,,,,,,,
Thursday,43231,EU,3.6,3str,432,,,,,,,,,,,,
Thursday,43243,EU,3.6,3str,432,,,,,,,,,,,,
Thursday,43320,EU,3.6,2str,43,,,,,,,,,,,,
Thursday,43331,EU,3.6,3str,433,,,,,,,,,,,,
Thursday,43443,EU,3.6,3str,434,,,,,,,,,,,,
Thursday,44242,EU,3.6,3str,442,,,,,,,,,,,,
Thursday,44322,EU,3.6,3str,443,,,,,,,,,,,,
Thursday,44323,EU,3.6,3str,443,,,,,,,,,,,,
Thursday,44332,EU,3.6,3str,443,,,,,,,,,,,,
Thursday,44341,EU,3.6,3str,443,,,,,,,,,,,,
Friday,41113,EU,3.6,3str,411,,,,,,,,,,,,
Friday,42141,EU,3.6,3str,421,,,,,,,,,,,,
Friday,42322,EU,3.6,3str,423,,,,,,,,,,,,
Friday,42334,EU,3.6,3str,423,,,,,,,,,,,,
Friday,43121,EU,3.6,3str,431,,,,,,,,,,,,
Friday,43233,EU,3.6,3str,432,,,,,,,,,,,,
Friday,44131,EU,3.6,3str,441,,,,,,,,,,,,
Saturday,41112,EU,3.6,3str,411,,,,,,,,,,,,
Saturday,41134,EU,3.6,3str,411,,,,,,,,,,,,
Saturday,41244,EU,3.6,3str,412,,,,,,,,,,,,
Saturday,41311,EU,3.6,3str,413,,,,,,,,,,,,
Saturday,41322,EU,3.6,3str,413,,,,,,,,,,,,
Saturday,41411,EU,3.6,3str,414,,,,,,,,,,,,
Saturday,41424,EU,3.6,3str,414,,,,,,,,,,,,
Saturday,41442,EU,3.6,3str,414,,,,,,,,,,,,
Saturday,42132,EU,3.6,3str,421,,,,,,,,,,,,
Saturday,42224,EU,3.6,3str,422,,,,,,,,,,,,
Saturday,42313,EU,3.6,3str,423,,,,,,,,,,,,
Saturday,43123,EU,3.6,3str,431,,,,,,,,,,,,
Saturday,43142,EU,3.6,3str,431,,,,,,,,,,,,
Saturday,43211,EU,3.6,3str,432,,,,,,,,,,,,
Saturday,43322,EU,3.6,3str,433,,,,,,,,,,,,
Saturday,43342,EU,3.6,3str,433,,,,,,,,,,,,
Saturday,44124,EU,3.6,3str,441,,,,,,,,,,,,
Saturday,44212,EU,3.6,3str,442,,,,,,,,,,,,
Saturday,44423,EU,3.6,3str,444,,,,,,,,,,,,
Sunday,41100,EU,3.6,2str,41,,,,,,,,,,,,
Sunday,41310,EU,3.6,2str,41,,,,,,,,,,,,
Sunday,41320,EU,3.6,2str,41,,,,,,,,,,,,
Sunday,41341,EU,3.6,3str,413,,,,,,,,,,,,
Sunday,41342,EU,3.6,3str,413,,,,,,,,,,,,
Sunday,41342,EU,3.6,3str,413,,,,,,,,,,,,
Sunday,41410,EU,3.6,2str,41,,,,,,,,,,,,
Sunday,42230,EU,3.6,2str,42,,,,,,,,,,,,
Sunday,42241,EU,3.6,3str,422,,,,,,,,,,,,
Sunday,42310,EU,3.6,2str,42,,,,,,,,,,,,
Sunday,42321,EU,3.6,3str,423,,,,,,,,,,,,
Sunday,42420,EU,3.6,2str,42,,,,,,,,,,,,
Sunday,43220,EU,3.6,2str,43,,,,,,,,,,,,
Sunday,43221,EU,3.6,3str,432,,,,,,,,,,,,
Sunday,43230,EU,3.6,2str,43,,,,,,,,,,,,
Sunday,43230,EU,3.6,2str,43,,,,,,,,,,,,
Sunday,43313,EU,3.6,3str,433,,,,,,,,,,,,
Sunday,43320,EU,3.6,2str,43,,,,,,,,,,,,
Sunday,44134,EU,3.6,3str,441,,,,,,,,,,,,
Sunday,44140,EU,3.6,2str,44,,,,,,,,,,,,
Sunday,44144,EU,3.6,3str,441,,,,,,,,,,,,
Sunday,44334,EU,3.6,3str,443,,,,,,,,,,,,
Sunday,44340,EU,3.6,2str,44,,,,,,,,,,,,
Sunday,44340,EU,3.6,2str,44,,,,,,,,,,,,
Sunday,44444,EU,3.6,3str,444,,,,,,,,,,,,
Monday,41121,EU,3.6,3str,411,,,,,,,,,,,,
Monday,41242,EU,3.6,3str,412,,,,,,,,,,,,
Monday,41320,EU,3.6,2str,41,,,,,,,,,,,,
Monday,41420,EU,3.6,2str,41,,,,,,,,,,,,
Monday,42130,EU,3.6,2str,42,,,,,,,,,,,,
Monday,42320,EU,3.6,2str,42,,,,,,,,,,,,
Monday,42340,EU,3.6,2str,42,,,,,,,,,,,,
Monday,42430,EU,3.6,2str,42,,,,,,,,,,,,
Monday,43000,EU,3.6,2str,43,,,,,,,,,,,,
Monday,43110,EU,3.6,2str,43,,,,,,,,,,,,
Monday,43130,EU,3.6,2str,43,,,,,,,,,,,,
Monday,43210,EU,3.6,2str,43,,,,,,,,,,,,
Monday,43240,EU,3.6,2str,43,,,,,,,,,,,,
Monday,43310,EU,3.6,2str,43,,,,,,,,,,,,
Monday,44232,EU,3.6,3str,442,,,,,,,,,,,,
Monday,44232,EU,3.6,3str,442,,,,,,,,,,,,
Monday,44234,EU,3.6,3str,442,,,,,,,,,,,,
Monday,44320,EU,3.6,2str,44,,,,,,,,,,,,
Monday,44433,EU,3.6,3str,444,,,,,,,,,,,,
Monday,44434,EU,3.6,3str,444,,,,,,,,,,,,
Monday,44444,EU,3.6,3str,444,,,,,,,,,,,,
Tuesday,41130,EU,3.6,2str,41,,,,,,,,,,,,
Tuesday,41133,EU,3.6,3str,411,,,,,,,,,,,,
Tuesday,41142,EU,3.6,3str,411,,,,,,,,,,,,
Tuesday,41211,EU,3.6,3str,412,,,,,,,,,,,,
Tuesday,41220,EU,3.6,2str,41,,,,,,,,,,,,
Tuesday,41400,EU,3.6,2str,41,,,,,,,,,,,,
Tuesday,42220,EU,3.6,2str,42,,,,,,,,,,,,
Tuesday,42232,EU,3.6,3str,422,,,,,,,,,,,,
Tuesday,42320,EU,3.6,2str,42,,,,,,,,,,,,
Tuesday,42424,EU,3.6,3str,424,,,,,,,,,,,,
Tuesday,43220,EU,3.6,2str,43,,,,,,,,,,,,
Tuesday,43240,EU,3.6,2str,43,,,,,,,,,,,,
Tuesday,43334,EU,3.6,3str,433,,,,,,,,,,,,
Tuesday,44421,EU,3.6,3str,444,,,,,,,,,,,,
Wednesday,41114,EU,3.6,3str,411,,,,,,,,,,,,
Wednesday,41120,EU,3.6,2str,41,,,,,,,,,,,,
Wednesday,41122,EU,3.6,3str,411,,,,,,,,,,,,
Wednesday,41220,EU,3.6,2str,41,,,,,,,,,,,,
Wednesday,41220,EU,3.6,2str,41,,,,,,,,,,,,
Wednesday,41221,EU,3.6,3str,412,,,,,,,,,,,,
Wednesday,41320,EU,3.6,2str,41,,,,,,,,,,,,
Wednesday,41330,EU,3.6,2str,41,,,,,,,,,,,,
Wednesday,41330,EU,3.6,2str,41,,,,,,,,,,,,
Wednesday,41400,EU,3.6,2str,41,,,,,,,,,,,,
Wednesday,41412,EU,3.6,3str,414,,,,,,,,,,,,
Wednesday,41420,EU,3.6,2str,41,,,,,,,,,,,,
Wednesday,41432,EU,3.6,3str,414,,,,,,,,,,,,
Wednesday,42100,EU,3.6,2str,42,,,,,,,,,,,,
Wednesday,42100,EU,3.6,2str,42,,,,,,,,,,,,
Wednesday,42111,EU,3.6,3str,421,,,,,,,,,,,,
Wednesday,42120,EU,3.6,2str,42,,,,,,,,,,,,
Wednesday,42210,EU,3.6,2str,42,,,,,,,,,,,,
Wednesday,42220,EU,3.6,2str,42,,,,,,,,,,,,
Wednesday,42240,EU,3.6,2str,42,,,,,,,,,,,,
Wednesday,42300,EU,3.6,2str,42,,,,,,,,,,,,
Wednesday,42300,EU,3.6,2str,42,,,,,,,,,,,,
Wednesday,42320,EU,3.6,2str,42,,,,,,,,,,,,
Wednesday,42330,EU,3.6,2str,42,,,,,,,,,,,,
Wednesday,42413,EU,3.6,3str,424,,,,,,,,,,,,
Wednesday,43110,EU,3.6,2str,43,,,,,,,,,,,,
Wednesday,43110,EU,3.6,2str,43,,,,,,,,,,,,
Wednesday,43130,EU,3.6,2str,43,,,,,,,,,,,,
Wednesday,43132,EU,3.6,3str,431,,,,,,,,,,,,
Wednesday,43140,EU,3.6,2str,43,,,,,,,,,,,,
Wednesday,43210,EU,3.6,2str,43,,,,,,,,,,,,
Wednesday,43330,EU,3.6,2str,43,,,,,,,,,,,,
Wednesday,43334,EU,3.6,3str,433,,,,,,,,,,,,
Wednesday,43340,EU,3.6,2str,43,,,,,,,,,,,,
Wednesday,43430,EU,3.6,2str,43,,,,,,,,,,,,
Wednesday,43432,EU,3.6,3str,434,,,,,,,,,,,,
Wednesday,43434,EU,3.6,3str,434,,,,,,,,,,,,
Wednesday,44110,EU,3.6,2str,44,,,,,,,,,,,,
Wednesday,44110,EU,3.6,2str,44,,,,,,,,,,,,
Wednesday,44113,EU,3.6,3str,441,,,,,,,,,,,,
Wednesday,44120,EU,3.6,2str,44,,,,,,,,,,,,
Wednesday,44130,EU,3.6,2str,44,,,,,,,,,,,,
Wednesday,44240,EU,3.6,2str,44,,,,,,,,,,,,
Wednesday,44313,EU,3.6,3str,443,,,,,,,,,,,,
Wednesday,44320,EU,3.6,2str,44,,,,,,,,,,,,
Wednesday,44331,EU,3.6,3str,443,,,,,,,,,,,,
Wednesday,44340,EU,3.6,2str,44,,,,,,,,,,,,
Wednesday,44340,EU,3.6,2str,44,,,,,,,,,,,,
Wednesday,44410,EU,3.6,2str,44,,,,,,,,,,,,
Wednesday,44420,EU,3.6,2str,44,,,,,,,,,,,,
Wednesday,44432,EU,3.6,3str,444,,,,,,,,,,,,
Wednesday,44440,EU,3.6,2str,44,,,,,,,,,,,,
Wednesday,44440,EU,3.6,2str,44,,,,,,,,,,,,
Thursday,41140,EU,3.6,2str,41,,,,,,,,,,,,
Thursday,41312,EU,3.6,3str,413,,,,,,,,,,,,
Thursday,41344,EU,3.6,3str,413,,,,,,,,,,,,
Thursday,41421,EU,3.6,3str,414,,,,,,,,,,,,
Thursday,42000,EU,3.6,2str,42,,,,,,,,,,,,
Thursday,42124,EU,3.6,3str,421,,,,,,,,,,,,
Thursday,42143,EU,3.6,3str,421,,,,,,,,,,,,
Thursday,42212,EU,3.6,3str,422,,,,,,,,,,,,
Thursday,42411,EU,3.6,3str,424,,,,,,,,,,,,
Thursday,42412,EU,3.6,3str,424,,,,,,,,,,,,
Thursday,42434,EU,3.6,3str,424,,,,,,,,,,,,
Thursday,42441,EU,3.6,3str,424,,,,,,,,,,,,
Thursday,42443,EU,3.6,3str,424,,,,,,,,,,,,
Thursday,43144,EU,3.6,3str,431,,,,,,,,,,,,
Thursday,43231,EU,3.6,3str,432,,,,,,,,,,,,
Thursday,43243,EU,3.6,3str,432,,,,,,,,,,,,
Thursday,43320,EU,3.6,2str,43,,,,,,,,,,,,
Thursday,43331,EU,3.6,3str,433,,,,,,,,,,,,
Thursday,43443,EU,3.6,3str,434,,,,,,,,,,,,
Thursday,44233,EU,3.6,3str,442,,,,,,,,,,,,
Thursday,44242,EU,3.6,3str,442,,,,,,,,,,,,
Thursday,44322,EU,3.6,3str,443,,,,,,,,,,,,
Thursday,44323,EU,3.6,3str,443,,,,,,,,,,,,
Thursday,44332,EU,3.6,3str,443,,,,,,,,,,,,
Thursday,44341,EU,3.6,3str,443,,,,,,,,,,,,
Friday,41113,EU,3.6,3str,411,,,,,,,,,,,,
Friday,41120,EU,3.6,2str,41,,,,,,,,,,,,
Friday,41130,EU,3.6,2str,41,,,,,,,,,,,,
Friday,41222,EU,3.6,3str,412,,,,,,,,,,,,
Friday,42141,EU,3.6,3str,421,,,,,,,,,,,,
Friday,42322,EU,3.6,3str,423,,,,,,,,,,,,
Friday,42334,EU,3.6,3str,423,,,,,,,,,,,,
Friday,43121,EU,3.6,3str,431,,,,,,,,,,,,
Friday,43233,EU,3.6,3str,432,,,,,,,,,,,,
Friday,43441,EU,3.6,3str,434,,,,,,,,,,,,
Friday,44120,EU,3.6,2str,44,,,,,,,,,,,,
Friday,44131,EU,3.6,3str,441,,,,,,,,,,,,
Friday,44320,EU,3.6,2str,44,,,,,,,,,,,,
Saturday,41100,EU,3.6,2str,41,,,,,,,,,,,,
Saturday,41112,EU,3.6,3str,411,,,,,,,,,,,,
Saturday,41120,EU,3.6,2str,41,,,,,,,,,,,,
Saturday,41120,EU,3.6,2str,41,,,,,,,,,,,,
Saturday,41134,EU,3.6,3str,411,,,,,,,,,,,,
Saturday,41220,EU,3.6,2str,41,,,,,,,,,,,,
Saturday,41220,EU,3.6,2str,41,,,,,,,,,,,,
Saturday,41220,EU,3.6,2str,41,,,,,,,,,,,,
Saturday,41220,EU,3.6,2str,41,,,,,,,,,,,,
Saturday,41220,EU,3.6,2str,41,,,,,,,,,,,,
Saturday,41220,EU,3.6,2str,41,,,,,,,,,,,,
Saturday,41244,EU,3.6,3str,412,,,,,,,,,,,,
Saturday,41311,EU,3.6,3str,413,,,,,,,,,,,,
Saturday,41322,EU,3.6,3str,413,,,,,,,,,,,,
Saturday,41410,EU,3.6,2str,41,,,,,,,,,,,,
Saturday,41410,EU,3.6,2str,41,,,,,,,,,,,,
Saturday,41411,EU,3.6,3str,414,,,,,,,,,,,,
Saturday,41420,EU,3.6,2str,41,,,,,,,,,,,,
Saturday,41424,EU,3.6,3str,414,,,,,,,,,,,,
Saturday,41430,EU,3.6,2str,41,,,,,,,,,,,,
Saturday,41430,EU,3.6,2str,41,,,,,,,,,,,,
Saturday,41442,EU,3.6,3str,414,,,,,,,,,,,,
Saturday,42110,EU,3.6,2str,42,,,,,,,,,,,,
Saturday,42110,EU,3.6,2str,42,,,,,,,,,,,,
Saturday,42132,EU,3.6,3str,421,,,,,,,,,,,,
Saturday,42224,EU,3.6,3str,422,,,,,,,,,,,,
Saturday,42230,EU,3.6,2str,42,,,,,,,,,,,,
Saturday,42230,EU,3.6,2str,42,,,,,,,,,,,,
Saturday,42310,EU,3.6,2str,42,,,,,,,,,,,,
Saturday,42313,EU,3.6,3str,423,,,,,,,,,,,,
Saturday,42320,EU,3.6,2str,42,,,,,,,,,,,,
Saturday,42320,EU,3.6,2str,42,,,,,,,,,,,,
Saturday,42410,EU,3.6,2str,42,,,,,,,,,,,,
Saturday,42420,EU,3.6,2str,42,,,,,,,,,,,,
Saturday,42420,EU,3.6,2str,42,,,,,,,,,,,,
Saturday,42430,EU,3.6,2str,42,,,,,,,,,,,,
Saturday,42430,EU,3.6,2str,42,,,,,,,,,,,,
Saturday,42440,EU,3.6,2str,42,,,,,,,,,,,,
Saturday,42440,EU,3.6,2str,42,,,,,,,,,,,,
Saturday,42440,EU,3.6,2str,42,,,,,,,,,,,,
Saturday,43120,EU,3.6,2str,43,,,,,,,,,,,,
Saturday,43120,EU,3.6,2str,43,,,,,,,,,,,,
Saturday,43123,EU,3.6,3str,431,,,,,,,,,,,,
Saturday,43142,EU,3.6,3str,431,,,,,,,,,,,,
Saturday,43210,EU,3.6,2str,43,,,,,,,,,,,,
Saturday,43210,EU,3.6,2str,43,,,,,,,,,,,,
Saturday,43211,EU,3.6,3str,432,,,,,,,,,,,,
Saturday,43230,EU,3.6,2str,43,,,,,,,,,,,,
Saturday,43240,EU,3.6,2str,43,,,,,,,,,,,,
Saturday,43240,EU,3.6,2str,43,,,,,,,,,,,,
Saturday,43240,EU,3.6,2str,43,,,,,,,,,,,,
Saturday,43310,EU,3.6,2str,43,,,,,,,,,,,,
Saturday,43310,EU,3.6,2str,43,,,,,,,,,,,,
Saturday,43310,EU,3.6,2str,43,,,,,,,,,,,,
Saturday,43320,EU,3.6,2str,43,,,,,,,,,,,,
Saturday,43322,EU,3.6,3str,433,,,,,,,,,,,,
Saturday,43342,EU,3.6,3str,433,,,,,,,,,,,,
Saturday,43410,EU,3.6,2str,43,,,,,,,,,,,,
Saturday,43410,EU,3.6,2str,43,,,,,,,,,,,,
Saturday,43410,EU,3.6,2str,43,,,,,,,,,,,,
Saturday,43420,EU,3.6,2str,43,,,,,,,,,,,,
Saturday,43420,EU,3.6,2str,43,,,,,,,,,,,,
Saturday,43430,EU,3.6,2str,43,,,,,,,,,,,,
Saturday,44110,EU,3.6,2str,44,,,,,,,,,,,,
Saturday,44124,EU,3.6,3str,441,,,,,,,,,,,,
Saturday,44130,EU,3.6,2str,44,,,,,,,,,,,,
Saturday,44130,EU,3.6,2str,44,,,,,,,,,,,,
Saturday,44130,EU,3.6,2str,44,,,,,,,,,,,,
Saturday,44210,EU,3.6,2str,44,,,,,,,,,,,,
Saturday,44210,EU,3.6,2str,44,,,,,,,,,,,,
Saturday,44210,EU,3.6,2str,44,,,,,,,,,,,,
Saturday,44210,EU,3.6,2str,44,,,,,,,,,,,,
Saturday,44212,EU,3.6,3str,442,,,,,,,,,,,,
Saturday,44220,EU,3.6,2str,44,,,,,,,,,,,,
Saturday,44240,EU,3.6,2str,44,,,,,,,,,,,,
Saturday,44320,EU,3.6,2str,44,,,,,,,,,,,,
Saturday,44322,EU,3.6,3str,443,,,,,,,,,,,,
Saturday,44330,EU,3.6,2str,44,,,,,,,,,,,,
Saturday,44330,EU,3.6,2str,44,,,,,,,,,,,,
Saturday,44420,EU,3.6,2str,44,,,,,,,,,,,,
Saturday,44420,EU,3.6,2str,44,,,,,,,,,,,,
Saturday,44423,EU,3.6,3str,444,,,,,,,,,,,,
Wednesday,43400,EU,3.6,2str,43,,,,,,,,,,,,
Wednesday,42300,EU,3.6,2str,42,,,,,,,,,,,,
Wednesday,44100,EU,3.6,2str,44,,,,,,,,,,,,
Wednesday,41100,EU,3.6,2str,41,,,,,,,,,,,,
Wednesday,42330,EU,3.6,2str,42,,,,,,,,,,,,
Thursday,42440,EU,3.6,2str,42,,,,,,,,,,,,
Thursday,44100,EU,3.6,2str,44,,,,,,,,,,,,
Thursday,44000,EU,3.6,2str,44,,,,,,,,,,,,
Thursday,44400,EU,3.6,2str,44,,,,,,,,,,,,
Thursday,41300,EU,3.6,2str,41,,,,,,,,,,,,
Thursday,44110,EU,3.6,2str,44,,,,,,,,,,,,
Friday,43000,EU,3.6,2str,43,,,,,,,,,,,,
Friday,41000,EU,3.6,2str,41,,,,,,,,,,,,
Friday,41000,EU,3.6,2str,41,,,,,,,,,,,,
Friday,41000,EU,3.6,2str,41,,,,,,,,,,,,
Friday,41000,EU,3.6,2str,41,,,,,,,,,,,,
Friday,44000,EU,3.6,2str,44,,,,,,,,,,,,
Friday,41000,EU,3.6,2str,41,,,,,,,,,,,,
Friday,41000,EU,3.6,2str,41,,,,,,,,,,,,
Friday,43000,EU,3.6,2str,43,,,,,,,,,,,,
Friday,44000,EU,3.6,2str,44,,,,,,,,,,,,
Friday,44000,EU,3.6,2str,44,,,,,,,,,,,,
Friday,43400,EU,3.6,2str,43,,,,,,,,,,,,
Friday,42000,EU,3.6,2str,42,,,,,,,,,,,,
Friday,44000,EU,3.6,2str,44,,,,,,,,,,,,
Friday,41000,EU,3.6,2str,41,,,,,,,,,,,,
Friday,42200,EU,3.6,2str,42,,,,,,,,,,,,
Friday,43000,EU,3.6,2str,43,,,,,,,,,,,,
Friday,42200,EU,3.6,2str,42,,,,,,,,,,,,
Friday,43000,EU,3.6,2str,43,,,,,,,,,,,,
Friday,42400,EU,3.6,2str,42,,,,,,,,,,,,
Friday,41400,EU,3.6,2str,41,,,,,,,,,,,,
Friday,44400,EU,3.6,2str,44,,,,,,,,,,,,
Friday,42400,EU,3.6,2str,42,,,,,,,,,,,,
Friday,43000,EU,3.6,2str,43,,,,,,,,,,,,
Friday,42120,EU,3.6,2str,42,,,,,,,,,,,,
Friday,44100,EU,3.6,2str,44,,,,,,,,,,,,
Friday,44100,EU,3.6,2str,44,,,,,,,,,,,,
Friday,43100,EU,3.6,2str,43,,,,,,,,,,,,
Friday,44200,EU,3.6,2str,44,,,,,,,,,,,,
Friday,44400,EU,3.6,2str,44,,,,,,,,,,,,
Friday,42100,EU,3.6,2str,42,,,,,,,,,,,,
Friday,44000,EU,3.6,2str,44,,,,,,,,,,,,
Friday,44000,EU,3.6,2str,44,,,,,,,,,,,,
Friday,43000,EU,3.6,2str,43,,,,,,,,,,,,
Friday,42400,EU,3.6,2str,42,,,,,,,,,,,,
Friday,41400,EU,3.6,2str,41,,,,,,,,,,,,
Friday,44440,EU,3.6,2str,44,,,,,,,,,,,,
Friday,43230,EU,3.6,2str,43,,,,,,,,,,,,
Friday,42200,EU,3.6,2str,42,,,,,,,,,,,,
Friday,41400,EU,3.6,2str,41,,,,,,,,,,,,
Friday,44440,EU,3.6,2str,44,,,,,,,,,,,,
Friday,43230,EU,3.6,2str,43,,,,,,,,,,,,
Friday,42200,EU,3.6,2str,42,,,,,,,,,,,,
Friday,42100,EU,3.6,2str,42,,,,,,,,,,,,
Friday,41410,EU,3.6,2str,41,,,,,,,,,,,,
Friday,41000,EU,3.6,2str,41,,,,,,,,,,,,
Friday,43100,EU,3.6,2str,43,,,,,,,,,,,,
Friday,42000,EU,3.6,2str,42,,,,,,,,,,,,
Friday,43000,EU,3.6,2str,43,,,,,,,,,,,,
Friday,41200,EU,3.6,2str,41,,,,,,,,,,,,
Friday,42100,EU,3.6,2str,42,,,,,,,,,,,,
Friday,42310,EU,3.6,2str,42,,,,,,,,,,,,
Friday,42000,EU,3.6,2str,42,,,,,,,,,,,,
Friday,41200,EU,3.6,2str,41,,,,,,,,,,,,
Friday,42100,EU,3.6,2str,42,,,,,,,,,,,,
Friday,42310,EU,3.6,2str,42,,,,,,,,,,,,
Friday,42000,EU,3.6,2str,42,,,,,,,,,,,,
Friday,44000,EU,3.6,2str,44,,,,,,,,,,,,
Friday,42230,EU,3.6,2str,42,,,,,,,,,,,,
Friday,43000,EU,3.6,2str,43,,,,,,,,,,,,
Friday,43000,EU,3.6,2str,43,,,,,,,,,,,,
Friday,43300,EU,3.6,2str,43,,,,,,,,,,,,
Friday,43300,EU,3.6,2str,43,,,,,,,,,,,,
Friday,43000,EU,3.6,2str,43,,,,,,,,,,,,
Friday,42200,EU,3.6,2str,42,,,,,,,,,,,,
Friday,43000,EU,3.6,2str,43,,,,,,,,,,,,
Friday,42400,EU,3.6,2str,42,,,,,,,,,,,,
Friday,41400,EU,3.6,2str,41,,,,,,,,,,,,
Friday,44400,EU,3.6,2str,44,,,,,,,,,,,,
Friday,42400,EU,3.6,2str,42,,,,,,,,,,,,
Friday,43000,EU,3.6,2str,43,,,,,,,,,,,,
Friday,42120,EU,3.6,2str,42,,,,,,,,,,,,
Friday,41100,EU,3.6,2str,41,,,,,,,,,,,,
Friday,44200,EU,3.6,2str,44,,,,,,,,,,,,
Friday,42000,EU,3.6,2str,42,,,,,,,,,,,,
Friday,42000,EU,3.6,2str,42,,,,,,,,,,,,
Friday,44000,EU,3.6,2str,44,,,,,,,,,,,,
Friday,44200,EU,3.6,2str,44,,,,,,,,,,,,
Friday,43210,EU,3.6,2str,43,,,,,,,,,,,,
Friday,42300,EU,3.6,2str,42,,,,,,,,,,,,
Friday,42000,EU,3.6,2str,42,,,,,,,,,,,,
Friday,44000,EU,3.6,2str,44,,,,,,,,,,,,
Friday,44000,EU,3.6,2str,44,,,,,,,,,,,,
Friday,41000,EU,3.6,2str,41,,,,,,,,,,,,
Friday,41100,EU,3.6,2str,41,,,,,,,,,,,,
Friday,41000,EU,3.6,2str,41,,,,,,,,,,,,
Friday,41000,EU,3.6,2str,41,,,,,,,,,,,,
Friday,44000,EU,3.6,2str,44,,,,,,,,,,,,
Friday,43000,EU,3.6,2str,43,,,,,,,,,,,,
Friday,44000,EU,3.6,2str,44,,,,,,,,,,,,
Friday,43000,EU,3.6,2str,43,,,,,,,,,,,,
Friday,41000,EU,3.6,2str,41,,,,,,,,,,,,
Friday,41000,EU,3.6,2str,41,,,,,,,,,,,,
Friday,42300,EU,3.6,2str,42,,,,,,,,,,,,
Friday,42000,EU,3.6,2str,42,,,,,,,,,,,,
Friday,43000,EU,3.6,2str,43,,,,,,,,,,,,
Friday,42200,EU,3.6,2str,42,,,,,,,,,,,,
Friday,41000,EU,3.6,2str,41,,,,,,,,,,,,
Friday,41000,EU,3.6,2str,41,,,,,,,,,,,,
Friday,42100,EU,3.6,2str,42,,,,,,,,,,,,
Friday,43000,EU,3.6,2str,43,,,,,,,,,,,,
Friday,43000,EU,3.6,2str,43,,,,,,,,,,,,
Friday,41000,EU,3.6,2str,41,,,,,,,,,,,,
Friday,41000,EU,3.6,2str,41,,,,,,,,,,,,
Friday,41000,EU,3.6,2str,41,,,,,,,,,,,,
Friday,41000,EU,3.6,2str,41,,,,,,,,,,,,
Friday,44000,EU,3.6,2str,44,,,,,,,,,,,,
Friday,41000,EU,3.6,2str,41,,,,,,,,,,,,
Friday,41000,EU,3.6,2str,41,,,,,,,,,,,,
Friday,43000,EU,3.6,2str,43,,,,,,,,,,,,
Friday,44000,EU,3.6,2str,44,,,,,,,,,,,,
Friday,44000,EU,3.6,2str,44,,,,,,,,,,,,
Friday,43400,EU,3.6,2str,43,,,,,,,,,,,,
Friday,42000,EU,3.6,2str,42,,,,,,,,,,,,
Friday,44000,EU,3.6,2str,44,,,,,,,,,,,,
Friday,41000,EU,3.6,2str,41,,,,,,,,,,,,
Friday,42200,EU,3.6,2str,42,,,,,,,,,,,,
Friday,43000,EU,3.6,2str,43,,,,,,,,,,,,
Friday,42200,EU,3.6,2str,42,,,,,,,,,,,,
Friday,43000,EU,3.6,2str,43,,,,,,,,,,,,
Friday,42400,EU,3.6,2str,42,,,,,,,,,,,,
Friday,41400,EU,3.6,2str,41,,,,,,,,,,,,
Friday,44400,EU,3.6,2str,44,,,,,,,,,,,,
Friday,42400,EU,3.6,2str,42,,,,,,,,,,,,
Friday,43000,EU,3.6,2str,43,,,,,,,,,,,,
Friday,42120,EU,3.6,2str,42,,,,,,,,,,,,
Friday,44100,EU,3.6,2str,44,,,,,,,,,,,,
Friday,44100,EU,3.6,2str,44,,,,,,,,,,,,
Friday,43100,EU,3.6,2str,43,,,,,,,,,,,,
Friday,44200,EU,3.6,2str,44,,,,,,,,,,,,
Friday,44400,EU,3.6,2str,44,,,,,,,,,,,,
Friday,42100,EU,3.6,2str,42,,,,,,,,,,,,
Friday,44000,EU,3.6,2str,44,,,,,,,,,,,,
Friday,44000,EU,3.6,2str,44,,,,,,,,,,,,
Friday,43000,EU,3.6,2str,43,,,,,,,,,,,,
Friday,42400,EU,3.6,2str,42,,,,,,,,,,,,
Friday,41400,EU,3.6,2str,41,,,,,,,,,,,,
Friday,44440,EU,3.6,2str,44,,,,,,,,,,,,
Friday,43230,EU,3.6,2str,43,,,,,,,,,,,,
Friday,42200,EU,3.6,2str,42,,,,,,,,,,,,
Friday,41400,EU,3.6,2str,41,,,,,,,,,,,,
Friday,44440,EU,3.6,2str,44,,,,,,,,,,,,
Friday,43230,EU,3.6,2str,43,,,,,,,,,,,,
Friday,42200,EU,3.6,2str,42,,,,,,,,,,,,
Friday,42100,EU,3.6,2str,42,,,,,,,,,,,,
Friday,41410,EU,3.6,2str,41,,,,,,,,,,,,
Friday,41000,EU,3.6,2str,41,,,,,,,,,,,,
Friday,43100,EU,3.6,2str,43,,,,,,,,,,,,
Friday,42000,EU,3.6,2str,42,,,,,,,,,,,,
Friday,43000,EU,3.6,2str,43,,,,,,,,,,,,
Friday,41200,EU,3.6,2str,41,,,,,,,,,,,,
Friday,42100,EU,3.6,2str,42,,,,,,,,,,,,
Friday,42310,EU,3.6,2str,42,,,,,,,,,,,,
Friday,42000,EU,3.6,2str,42,,,,,,,,,,,,
Friday,41200,EU,3.6,2str,41,,,,,,,,,,,,
Friday,42100,EU,3.6,2str,42,,,,,,,,,,,,
Friday,42310,EU,3.6,2str,42,,,,,,,,,,,,
Friday,42000,EU,3.6,2str,42,,,,,,,,,,,,
Friday,44000,EU,3.6,2str,44,,,,,,,,,,,,
Friday,42230,EU,3.6,2str,42,,,,,,,,,,,,
Friday,43000,EU,3.6,2str,43,,,,,,,,,,,,
Friday,43000,EU,3.6,2str,43,,,,,,,,,,,,
Friday,43300,EU,3.6,2str,43,,,,,,,,,,,,
Friday,43300,EU,3.6,2str,43,,,,,,,,,,,,
Friday,43000,EU,3.6,2str,43,,,,,,,,,,,,
Friday,42200,EU,3.6,2str,42,,,,,,,,,,,,
Friday,43000,EU,3.6,2str,43,,,,,,,,,,,,
Friday,42400,EU,3.6,2str,42,,,,,,,,,,,,
Friday,41400,EU,3.6,2str,41,,,,,,,,,,,,
Friday,44400,EU,3.6,2str,44,,,,,,,,,,,,
Friday,42400,EU,3.6,2str,42,,,,,,,,,,,,
Friday,43000,EU,3.6,2str,43,,,,,,,,,,,,
Friday,42120,EU,3.6,2str,42,,,,,,,,,,,,
Friday,41100,EU,3.6,2str,41,,,,,,,,,,,,
Friday,44200,EU,3.6,2str,44,,,,,,,,,,,,
Friday,42000,EU,3.6,2str,42,,,,,,,,,,,,
Friday,42000,EU,3.6,2str,42,,,,,,,,,,,,
Friday,44000,EU,3.6,2str,44,,,,,,,,,,,,
Friday,44200,EU,3.6,2str,44,,,,,,,,,,,,
Friday,43210,EU,3.6,2str,43,,,,,,,,,,,,
Friday,42300,EU,3.6,2str,42,,,,,,,,,,,,
Friday,42000,EU,3.6,2str,42,,,,,,,,,,,,
Friday,44000,EU,3.6,2str,44,,,,,,,,,,,,
Friday,44000,EU,3.6,2str,44,,,,,,,,,,,,
Friday,41000,EU,3.6,2str,41,,,,,,,,,,,,
Friday,41100,EU,3.6,2str,41,,,,,,,,,,,,
Friday,41000,EU,3.6,2str,41,,,,,,,,,,,,
Friday,41000,EU,3.6,2str,41,,,,,,,,,,,,
Friday,44000,EU,3.6,2str,44,,,,,,,,,,,,
Friday,43000,EU,3.6,2str,43,,,,,,,,,,,,
Friday,44000,EU,3.6,2str,44,,,,,,,,,,,,
Friday,43000,EU,3.6,2str,43,,,,,,,,,,,,
Friday,41000,EU,3.6,2str,41,,,,,,,,,,,,
Friday,41000,EU,3.6,2str,41,,,,,,,,,,,,
Friday,42300,EU,3.6,2str,42,,,,,,,,,,,,
Friday,42000,EU,3.6,2str,42,,,,,,,,,,,,
Friday,43000,EU,3.6,2str,43,,,,,,,,,,,,
Friday,42200,EU,3.6,2str,42,,,,,,,,,,,,
Friday,41000,EU,3.6,2str,41,,,,,,,,,,,,
Friday,41000,EU,3.6,2str,41,,,,,,,,,,,,
Friday,42100,EU,3.6,2str,42,,,,,,,,,,,,
Friday,43000,EU,3.6,2str,43,,,,,,,,,,,,
Friday,42100,EU,3.6,2str,42,,,,,,,,,,,,
Friday,43200,EU,3.6,2str,43,,,,,,,,,,,,
Friday,43200,EU,3.6,2str,43,,,,,,,,,,,,
Friday,41100,EU,3.6,2str,41,,,,,,,,,,,,
Friday,44400,EU,3.6,2str,44,,,,,,,,,,,,
Friday,42400,EU,3.6,2str,42,,,,,,,,,,,,
Friday,42400,EU,3.6,2str,42,,,,,,,,,,,,
Friday,43400,EU,3.6,2str,43,,,,,,,,,,,,
Friday,42100,EU,3.6,2str,42,,,,,,,,,,,,
Friday,42300,EU,3.6,2str,42,,,,,,,,,,,,
Friday,41400,EU,3.6,2str,41,,,,,,,,,,,,
Friday,42100,EU,3.6,2str,42,,,,,,,,,,,,
Friday,42200,EU,3.6,2str,42,,,,,,,,,,,,
Friday,41300,EU,3.6,2str,41,,,,,,,,,,,,
Friday,42000,EU,3.6,2str,42,,,,,,,,,,,,
Friday,43400,EU,3.6,2str,43,,,,,,,,,,,,
Friday,43300,EU,3.6,2str,43,,,,,,,,,,,,
Friday,44220,EU,3.6,2str,44,,,,,,,,,,,,
Friday,43000,EU,3.6,2str,43,,,,,,,,,,,,
Friday,41300,EU,3.6,2str,41,,,,,,,,,,,,
Friday,44300,EU,3.6,2str,44,,,,,,,,,,,,
Friday,41000,EU,3.6,2str,41,,,,,,,,,,,,
Friday,42300,EU,3.6,2str,42,,,,,,,,,,,,
Friday,42200,EU,3.6,2str,42,,,,,,,,,,,,
Friday,43300,EU,3.6,2str,43,,,,,,,,,,,,
Friday,42200,EU,3.6,2str,42,,,,,,,,,,,,
Friday,43300,EU,3.6,2str,43,,,,,,,,,,,,
Friday,41340,EU,3.6,2str,41,,,,,,,,,,,,
Friday,41000,EU,3.6,2str,41,,,,,,,,,,,,
Friday,41000,EU,3.6,2str,41,,,,,,,,,,,,
Friday,44000,EU,3.6,2str,44,,,,,,,,,,,,
Friday,44000,EU,3.6,2str,44,,,,,,,,,,,,
Friday,42100,EU,3.6,2str,42,,,,,,,,,,,,
Friday,44000,EU,3.6,2str,44,,,,,,,,,,,,
Friday,42000,EU,3.6,2str,42,,,,,,,,,,,,
Friday,43000,EU,3.6,2str,43,,,,,,,,,,,,
Friday,44000,EU,3.6,2str,44,,,,,,,,,,,,
Friday,44420,EU,3.6,2str,44,,,,,,,,,,,,
Friday,41330,EU,3.6,2str,41,,,,,,,,,,,,
Friday,43300,EU,3.6,2str,43,,,,,,,,,,,,
Friday,44000,EU,3.6,2str,44,,,,,,,,,,,,
Friday,43000,EU,3.6,2str,43,,,,,,,,,,,,
Friday,43100,EU,3.6,2str,43,,,,,,,,,,,,
Friday,41200,EU,3.6,2str,41,,,,,,,,,,,,
Friday,42400,EU,3.6,2str,42,,,,,,,,,,,,
Friday,43110,EU,3.6,2str,43,,,,,,,,,,,,
Friday,42000,EU,3.6,2str,42,,,,,,,,,,,,
Friday,41240,EU,3.6,2str,41,,,,,,,,,,,,
Friday,44300,EU,3.6,2str,44,,,,,,,,,,,,
Friday,42200,EU,3.6,2str,42,,,,,,,,,,,,
Friday,43400,EU,3.6,2str,43,,,,,,,,,,,,
Friday,41000,EU,3.6,2str,41,,,,,,,,,,,,
Friday,43000,EU,3.6,2str,43,,,,,,,,,,,,
Friday,44000,EU,3.6,2str,44,,,,,,,,,,,,
Friday,43400,EU,3.6,2str,43,,,,,,,,,,,,
Friday,42400,EU,3.6,2str,42,,,,,,,,,,,,
Friday,42200,EU,3.6,2str,42,,,,,,,,,,,,
Friday,42100,EU,3.6,2str,42,,,,,,,,,,,,
Friday,44240,EU,3.6,2str,44,,,,,,,,,,,,
Friday,41400,EU,3.6,2str,41,,,,,,,,,,,,
Friday,43300,EU,3.6,2str,43,,,,,,,,,,,,
Friday,42300,EU,3.6,2str,42,,,,,,,,,,,,
Friday,42200,EU,3.6,2str,42,,,,,,,,,,,,
Friday,43300,EU,3.6,2str,43,,,,,,,,,,,,
Friday,42200,EU,3.6,2str,42,,,,,,,,,,,,
Friday,43300,EU,3.6,2str,43,,,,,,,,,,,,
Friday,41340,EU,3.6,2str,41,,,,,,,,,,,,
Friday,41000,EU,3.6,2str,41,,,,,,,,,,,,
Friday,41000,EU,3.6,2str,41,,,,,,,,,,,,
Friday,44000,EU,3.6,2str,44,,,,,,,,,,,,
Friday,44000,EU,3.6,2str,44,,,,,,,,,,,,
Friday,42100,EU,3.6,2str,42,,,,,,,,,,,,
Friday,44000,EU,3.6,2str,44,,,,,,,,,,,,
Friday,42000,EU,3.6,2str,42,,,,,,,,,,,,
Friday,43000,EU,3.6,2str,43,,,,,,,,,,,,
Friday,44000,EU,3.6,2str,44,,,,,,,,,,,,
Friday,44420,EU,3.6,2str,44,,,,,,,,,,,,
Friday,41330,EU,3.6,2str,41,,,,,,,,,,,,
Friday,43300,EU,3.6,2str,43,,,,,,,,,,,,
Friday,44000,EU,3.6,2str,44,,,,,,,,,,,,
Friday,43000,EU,3.6,2str,43,,,,,,,,,,,,
Friday,43100,EU,3.6,2str,43,,,,,,,,,,,,
Friday,41200,EU,3.6,2str,41,,,,,,,,,,,,
Friday,42400,EU,3.6,2str,42,,,,,,,,,,,,
Friday,43110,EU,3.6,2str,43,,,,,,,,,,,,
Friday,42000,EU,3.6,2str,42,,,,,,,,,,,,
Friday,41240,EU,3.6,2str,41,,,,,,,,,,,,
Friday,44300,EU,3.6,2str,44,,,,,,,,,,,,
Friday,42200,EU,3.6,2str,42,,,,,,,,,,,,
Friday,43400,EU,3.6,2str,43,,,,,,,,,,,,
Friday,41000,EU,3.6,2str,41,,,,,,,,,,,,
Friday,43000,EU,3.6,2str,43,,,,,,,,,,,,
Friday,44000,EU,3.6,2str,44,,,,,,,,,,,,
Friday,43400,EU,3.6,2str,43,,,,,,,,,,,,
Friday,42400,EU,3.6,2str,42,,,,,,,,,,,,
Friday,42200,EU,3.6,2str,42,,,,,,,,,,,,
Friday,42100,EU,3.6,2str,42,,,,,,,,,,,,
Friday,44240,EU,3.6,2str,44,,,,,,,,,,,,
Friday,41400,EU,3.6,2str,41,,,,,,,,,,,,
Friday,43300,EU,3.6,2str,43,,,,,,,,,,,,
Friday,43300,EU,3.6,2str,43,,,,,,,,,,,,
Friday,43210,EU,3.6,2str,43,,,,,,,,,,,,
Friday,43000,EU,3.6,2str,43,,,,,,,,,,,,
Friday,43100,EU,3.6,2str,43,,,,,,,,,,,,
Friday,41100,EU,3.6,2str,41,,,,,,,,,,,,
Friday,43400,EU,3.6,2str,43,,,,,,,,,,,,
Friday,43200,EU,3.6,2str,43,,,,,,,,,,,,
Friday,41000,EU,3.6,2str,41,,,,,,,,,,,,
Friday,43000,EU,3.6,2str,43,,,,,,,,,,,,
Friday,41000,EU,3.6,2str,41,,,,,,,,,,,,
Friday,42000,EU,3.6,2str,42,,,,,,,,,,,,
Friday,43400,EU,3.6,2str,43,,,,,,,,,,,,
Friday,44000,EU,3.6,2str,44,,,,,,,,,,,,
Friday,44200,EU,3.6,2str,44,,,,,,,,,,,,
Friday,41200,EU,3.6,2str,41,,,,,,,,,,,,
Friday,41000,EU,3.6,2str,41,,,,,,,,,,,,
Friday,44000,EU,3.6,2str,44,,,,,,,,,,,,
Friday,44000,EU,3.6,2str,44,,,,,,,,,,,,
Friday,41000,EU,3.6,2str,41,,,,,,,,,,,,
Friday,44000,EU,3.6,2str,44,,,,,,,,,,,,
Friday,42100,EU,3.6,2str,42,,,,,,,,,,,,
Friday,43000,EU,3.6,2str,43,,,,,,,,,,,,
Friday,41400,EU,3.6,2str,41,,,,,,,,,,,,
Friday,43100,EU,3.6,2str,43,,,,,,,,,,,,
Friday,41000,EU,3.6,2str,41,,,,,,,,,,,,
Friday,43420,EU,3.6,2str,43,,,,,,,,,,,,
Friday,42220,EU,3.6,2str,42,,,,,,,,,,,,
Friday,43000,EU,3.6,2str,43,,,,,,,,,,,,
Friday,44400,EU,3.6,2str,44,,,,,,,,,,,,
Friday,43000,EU,3.6,2str,43,,,,,,,,,,,,
Friday,43000,EU,3.6,2str,43,,,,,,,,,,,,
Friday,41000,EU,3.6,2str,41,,,,,,,,,,,,
Friday,43300,EU,3.6,2str,43,,,,,,,,,,,,
Friday,43200,EU,3.6,2str,43,,,,,,,,,,,,
Friday,43400,EU,3.6,2str,43,,,,,,,,,,,,
Friday,42000,EU,3.6,2str,42,,,,,,,,,,,,
Friday,43000,EU,3.6,2str,43,,,,,,,,,,,,
Friday,41300,EU,3.6,2str,41,,,,,,,,,,,,
Friday,43000,EU,3.6,2str,43,,,,,,,,,,,,
Friday,44400,EU,3.6,2str,44,,,,,,,,,,,,
Friday,43300,EU,3.6,2str,43,,,,,,,,,,,,
Friday,43300,EU,3.6,2str,43,,,,,,,,,,,,
Friday,41000,EU,3.6,2str,41,,,,,,,,,,,,
Friday,42000,EU,3.6,2str,42,,,,,,,,,,,,
Friday,42000,EU,3.6,2str,42,,,,,,,,,,,,
Friday,43200,EU,3.6,2str,43,,,,,,,,,,,,
Friday,41000,EU,3.6,2str,41,,,,,,,,,,,,
Friday,44000,EU,3.6,2str,44,,,,,,,,,,,,
Friday,44000,EU,3.6,2str,44,,,,,,,,,,,,
Friday,41400,EU,3.6,2str,41,,,,,,,,,,,,
Friday,41000,EU,3.6,2str,41,,,,,,,,,,,,
Friday,42000,EU,3.6,2str,42,,,,,,,,,,,,
Friday,41000,EU,3.6,2str,41,,,,,,,,,,,,
Friday,41000,EU,3.6,2str,41,,,,,,,,,,,,
Friday,43000,EU,3.6,2str,43,,,,,,,,,,,,
Friday,44000,EU,3.6,2str,44,,,,,,,,,,,,
Thursday,44440,EU,3.6,2str,44,,,,,,,,,,,,
Thursday,44230,EU,3.6,2str,44,,,,,,,,,,,,
Thursday,42110,EU,3.6,2str,42,,,,,,,,,,,,
Thursday,43420,EU,3.6,2str,43,,,,,,,,,,,,
Thursday,43422,EU,3.6,3str,434,,,,,,,,,,,,
Thursday,43240,EU,3.6,2str,43,,,,,,,,,,,,
Friday,44130,EU,3.6,2str,44,,,,,,,,,,,,
Friday,44200,EU,3.6,2str,44,,,,,,,,,,,,
Friday,43300,EU,3.6,2str,43,,,,,,,,,,,,
Friday,42100,EU,3.6,2str,42,,,,,,,,,,,,
Friday,44300,EU,3.6,2str,44,,,,,,,,,,,,
Friday,41100,EU,3.6,2str,41,,,,,,,,,,,,
Friday,44100,EU,3.6,2str,44,,,,,,,,,,,,
Friday,43220,EU,3.6,2str,43,,,,,,,,,,,,
Friday,42410,EU,3.6,2str,42,,,,,,,,,,,,
Friday,43210,EU,3.6,2str,43,,,,,,,,,,,,
Friday,43330,EU,3.6,2str,43,,,,,,,,,,,,
Friday,44110,EU,3.6,2str,44,,,,,,,,,,,,
Friday,41330,EU,3.6,2str,41,,,,,,,,,,,,
Friday,43000,EU,3.6,2str,43,,,,,,,,,,,,
Friday,43420,EU,3.6,2str,43,,,,,,,,,,,,
Friday,41410,EU,3.6,2str,41,,,,,,,,,,,,
Friday,41310,EU,3.6,2str,41,,,,,,,,,,,,
Friday,41320,EU,3.6,2str,41,,,,,,,,,,,,
Friday,43210,EU,3.6,2str,43,,,,,,,,,,,,
Friday,41140,EU,3.6,2str,41,,,,,,,,,,,,
Friday,44230,EU,3.6,2str,44,,,,,,,,,,,,
Friday,43130,EU,3.6,2str,43,,,,,,,,,,,,
Friday,41430,EU,3.6,2str,41,,,,,,,,,,,,
Friday,41440,EU,3.6,2str,41,,,,,,,,,,,,
Friday,44310,EU,3.6,2str,44,,,,,,,,,,,,
Friday,42420,EU,3.6,2str,42,,,,,,,,,,,,
Friday,41310,EU,3.6,2str,41,,,,,,,,,,,,
Friday,44430,EU,3.6,2str,44,,,,,,,,,,,,
Friday,42130,EU,3.6,2str,42,,,,,,,,,,,,
Friday,41110,EU,3.6,2str,41,,,,,,,,,,,,
Friday,44300,EU,3.6,2str,44,,,,,,,,,,,,
Friday,42110,EU,3.6,2str,42,,,,,,,,,,,,
Friday,42120,EU,3.6,2str,42,,,,,,,,,,,,
Friday,42410,EU,3.6,2str,42,,,,,,,,,,,,
Friday,44240,EU,3.6,2str,44,,,,,,,,,,,,
Friday,44430,EU,3.6,2str,44,,,,,,,,,,,,
Friday,44420,EU,3.6,2str,44,,,,,,,,,,,,
Friday,44220,EU,3.6,2str,44,,,,,,,,,,,,
Friday,43320,EU,3.6,2str,43,,,,,,,,,,,,
Friday,41210,EU,3.6,2str,41,,,,,,,,,,,,
Friday,41340,EU,3.6,2str,41,,,,,,,,,,,,
Friday,42130,EU,3.6,2str,42,,,,,,,,,,,,
Friday,44410,EU,3.6,2str,44,,,,,,,,,,,,
Friday,41000,EU,3.6,2str,41,,,,,,,,,,,,
Friday,42000,EU,3.6,2str,42,,,,,,,,,,,,
Friday,44000,EU,3.6,2str,44,,,,,,,,,,,,
Friday,42000,EU,3.6,2str,42,,,,,,,,,,,,
Friday,44000,EU,3.6,2str,44,,,,,,,,,,,,
Friday,44000,EU,3.6,2str,44,,,,,,,,,,,,
Friday,43000,EU,3.6,2str,43,,,,,,,,,,,,
Friday,44000,EU,3.6,2str,44,,,,,,,,,,,,
Friday,41000,EU,3.6,2str,41,,,,,,,,,,,,
Friday,42000,EU,3.6,2str,42,,,,,,,,,,,,
Friday,41000,EU,3.6,2str,41,,,,,,,,,,,,
Friday,44000,EU,3.6,2str,44,,,,,,,,,,,,
Friday,42000,EU,3.6,2str,42,,,,,,,,,,,,
Friday,42000,EU,3.6,2str,42,,,,,,,,,,,,
Friday,43000,EU,3.6,2str,43,,,,,,,,,,,,
Friday,43000,EU,3.6,2str,43,,,,,,,,,,,,
Friday,44000,EU,3.6,2str,44,,,,,,,,,,,,
Friday,42000,EU,3.6,2str,42,,,,,,,,,,,,
Friday,42000,EU,3.6,2str,42,,,,,,,,,,,,
Friday,44000,EU,3.6,2str,44,,,,,,,,,,,,
Friday,42000,EU,3.6,2str,42,,,,,,,,,,,,
Friday,43000,EU,3.6,2str,43,,,,,,,,,,,,
Friday,42000,EU,3.6,2str,42,,,,,,,,,,,,
Friday,42000,EU,3.6,2str,42,,,,,,,,,,,,
Friday,42000,EU,3.6,2str,42,,,,,,,,,,,,
Friday,42000,EU,3.6,2str,42,,,,,,,,,,,,
Friday,41000,EU,3.6,2str,41,,,,,,,,,,,,
Friday,42000,EU,3.6,2str,42,,,,,,,,,,,,
Friday,42000,EU,3.6,2str,42,,,,,,,,,,,,
Friday,44000,EU,3.6,2str,44,,,,,,,,,,,,
Friday,44000,EU,3.6,2str,44,,,,,,,,,,,,
Friday,43000,EU,3.6,2str,43,,,,,,,,,,,,
Friday,41000,EU,3.6,2str,41,,,,,,,,,,,,
Friday,44000,EU,3.6,2str,44,,,,,,,,,,,,
Friday,44000,EU,3.6,2str,44,,,,,,,,,,,,
Friday,42000,EU,3.6,2str,42,,,,,,,,,,,,
Friday,43000,EU,3.6,2str,43,,,,,,,,,,,,
Friday,41000,EU,3.6,2str,41,,,,,,,,,,,,
Friday,43000,EU,3.6,2str,43,,,,,,,,,,,,
Friday,41000,EU,3.6,2str,41,,,,,,,,,,,,
Friday,43000,EU,3.6,2str,43,,,,,,,,,,,,
Friday,41000,EU,3.6,2str,41,,,,,,,,,,,,
Friday,44000,EU,3.6,2str,44,,,,,,,,,,,,
Friday,44000,EU,3.6,2str,44,,,,,,,,,,,,
Friday,41000,EU,3.6,2str,41,,,,,,,,,,,,
Friday,43000,EU,3.6,2str,43,,,,,,,,,,,,
Friday,44000,EU,3.6,2str,44,,,,,,,,,,,,
Friday,43000,EU,3.6,2str,43,,,,,,,,,,,,
Friday,41000,EU,3.6,2str,41,,,,,,,,,,,,
Friday,42000,EU,3.6,2str,42,,,,,,,,,,,,
Friday,44000,EU,3.6,2str,44,,,,,,,,,,,,
Friday,41000,EU,3.6,2str,41,,,,,,,,,,,,
Friday,42000,EU,3.6,2str,42,,,,,,,,,,,,
Friday,41000,EU,3.6,2str,41,,,,,,,,,,,,
Friday,44000,EU,3.6,2str,44,,,,,,,,,,,,
Friday,42000,EU,3.6,2str,42,,,,,,,,,,,,
Friday,42000,EU,3.6,2str,42,,,,,,,,,,,,
Friday,41000,EU,3.6,2str,41,,,,,,,,,,,,
Friday,44000,EU,3.6,2str,44,,,,,,,,,,,,
Friday,44000,EU,3.6,2str,44,,,,,,,,,,,,
Friday,44000,EU,3.6,2str,44,,,,,,,,,,,,
Friday,41000,EU,3.6,2str,41,,,,,,,,,,,,
Friday,42000,EU,3.6,2str,42,,,,,,,,,,,,
Friday,44000,EU,3.6,2str,44,,,,,,,,,,,,
Friday,42000,EU,3.6,2str,42,,,,,,,,,,,,
Friday,41000,EU,3.6,2str,41,,,,,,,,,,,,
Friday,43000,EU,3.6,2str,43,,,,,,,,,,,,
Friday,42000,EU,3.6,2str,42,,,,,,,,,,,,
Friday,41000,EU,3.6,2str,41,,,,,,,,,,,,
Friday,44000,EU,3.6,2str,44,,,,,,,,,,,,
Friday,44000,EU,3.6,2str,44,,,,,,,,,,,,
Friday,43300,EU,3.6,2str,43,,,,,,,,,,,,
Friday,41000,EU,3.6,2str,41,,,,,,,,,,,,
Friday,41000,EU,3.6,2str,41,,,,,,,,,,,,
Friday,42000,EU,3.6,2str,42,,,,,,,,,,,,
Friday,41000,EU,3.6,2str,41,,,,,,,,,,,,
Friday,42000,EU,3.6,2str,42,,,,,,,,,,,,
Friday,44000,EU,3.6,2str,44,,,,,,,,,,,,
Friday,41000,EU,3.6,2str,41,,,,,,,,,,,,
Friday,42000,EU,3.6,2str,42,,,,,,,,,,,,
Friday,41000,EU,3.6,2str,41,,,,,,,,,,,,
Wednesday,41000,EU,3.6,2str,41,,,,,,,,,,,,
Wednesday,44000,EU,3.6,2str,44,,,,,,,,,,,,
Wednesday,42000,EU,3.6,2str,42,,,,,,,,,,,,
Wednesday,43000,EU,3.6,2str,43,,,,,,,,,,,,
Wednesday,43000,EU,3.6,2str,43,,,,,,,,,,,,
Wednesday,44000,EU,3.6,2str,44,,,,,,,,,,,,
Wednesday,42300,EU,3.6,2str,42,,,,,,,,,,,,
Wednesday,43000,EU,3.6,2str,43,,,,,,,,,,,,
Wednesday,44000,EU,3.6,2str,44,,,,,,,,,,,,
Wednesday,43000,EU,3.6,2str,43,,,,,,,,,,,,
Wednesday,44000,EU,3.6,2str,44,,,,,,,,,,,,
Wednesday,41000,EU,3.6,2str,41,,,,,,,,,,,,
Wednesday,44000,EU,3.6,2str,44,,,,,,,,,,,,
Wednesday,43000,EU,3.6,2str,43,,,,,,,,,,,,
Wednesday,44000,EU,3.6,2str,44,,,,,,,,,,,,
Wednesday,41000,EU,3.6,2str,41,,,,,,,,,,,,
Wednesday,41000,EU,3.6,2str,41,,,,,,,,,,,,
Wednesday,41000,EU,3.6,2str,41,,,,,,,,,,,,
Wednesday,41000,EU,3.6,2str,41,,,,,,,,,,,,
Wednesday,43000,EU,3.6,2str,43,,,,,,,,,,,,
Wednesday,44000,EU,3.6,2str,44,,,,,,,,,,,,
Wednesday,41000,EU,3.6,2str,41,,,,,,,,,,,,
Wednesday,42000,EU,3.6,2str,42,,,,,,,,,,,,
Wednesday,43000,EU,3.6,2str,43,,,,,,,,,,,,
Wednesday,42000,EU,3.6,2str,42,,,,,,,,,,,,
Wednesday,43000,EU,3.6,2str,43,,,,,,,,,,,,
Wednesday,44000,EU,3.6,2str,44,,,,,,,,,,,,
Wednesday,41000,EU,3.6,2str,41,,,,,,,,,,,,
Wednesday,43000,EU,3.6,2str,43,,,,,,,,,,,,
Wednesday,43000,EU,3.6,2str,43,,,,,,,,,,,,
Wednesday,41000,EU,3.6,2str,41,,,,,,,,,,,,
Wednesday,41000,EU,3.6,2str,41,,,,,,,,,,,,
Wednesday,43000,EU,3.6,2str,43,,,,,,,,,,,,
Wednesday,43000,EU,3.6,2str,43,,,,,,,,,,,,
Wednesday,42000,EU,3.6,2str,42,,,,,,,,,,,,
Wednesday,42000,EU,3.6,2str,42,,,,,,,,,,,,
Wednesday,43000,EU,3.6,2str,43,,,,,,,,,,,,
Wednesday,41000,EU,3.6,2str,41,,,,,,,,,,,,
Wednesday,42200,EU,3.6,2str,42,,,,,,,,,,,,
Wednesday,41300,EU,3.6,2str,41,,,,,,,,,,,,
Wednesday,41000,EU,3.6,2str,41,,,,,,,,,,,,
Wednesday,43000,EU,3.6,2str,43,,,,,,,,,,,,
Wednesday,43000,EU,3.6,2str,43,,,,,,,,,,,,
Wednesday,41000,EU,3.6,2str,41,,,,,,,,,,,,
Wednesday,43000,EU,3.6,2str,43,,,,,,,,,,,,
Wednesday,41000,EU,3.6,2str,41,,,,,,,,,,,,
Wednesday,44000,EU,3.6,2str,44,,,,,,,,,,,,
Wednesday,44000,EU,3.6,2str,44,,,,,,,,,,,,
Wednesday,41000,EU,3.6,2str,41,,,,,,,,,,,,
Wednesday,41000,EU,3.6,2str,41,,,,,,,,,,,,
Wednesday,42200,EU,3.6,2str,42,,,,,,,,,,,,
Wednesday,43000,EU,3.6,2str,43,,,,,,,,,,,,
Wednesday,43000,EU,3.6,2str,43,,,,,,,,,,,,
Wednesday,44000,EU,3.6,2str,44,,,,,,,,,,,,
Wednesday,44000,EU,3.6,2str,44,,,,,,,,,,,,
Wednesday,41000,EU,3.6,2str,41,,,,,,,,,,,,
Wednesday,41000,EU,3.6,2str,41,,,,,,,,,,,,
Wednesday,43000,EU,3.6,2str,43,,,,,,,,,,,,
Wednesday,41000,EU,3.6,2str,41,,,,,,,,,,,,
Wednesday,43000,EU,3.6,2str,43,,,,,,,,,,,,
Wednesday,43000,EU,3.6,2str,43,,,,,,,,,,,,
Wednesday,41200,EU,3.6,2str,41,,,,,,,,,,,,
Wednesday,43000,EU,3.6,2str,43,,,,,,,,,,,,
Wednesday,44000,EU,3.6,2str,44,,,,,,,,,,,,
Wednesday,43000,EU,3.6,2str,43,,,,,,,,,,,,
Wednesday,44000,EU,3.6,2str,44,,,,,,,,,,,,
Wednesday,44000,EU,3.6,2str,44,,,,,,,,,,,,
Wednesday,43000,EU,3.6,2str,43,,,,,,,,,,,,
Wednesday,41000,EU,3.6,2str,41,,,,,,,,,,,,
Wednesday,42000,EU,3.6,2str,42,,,,,,,,,,,,
Wednesday,42000,EU,3.6,2str,42,,,,,,,,,,,,
Wednesday,42000,EU,3.6,2str,42,,,,,,,,,,,,
Wednesday,42000,EU,3.6,2str,42,,,,,,,,,,,,
Wednesday,44000,EU,3.6,2str,44,,,,,,,,,,,,
Wednesday,41100,EU,3.6,2str,41,,,,,,,,,,,,
Wednesday,42000,EU,3.6,2str,42,,,,,,,,,,,,
Wednesday,41000,EU,3.6,2str,41,,,,,,,,,,,,
Wednesday,42000,EU,3.6,2str,42,,,,,,,,,,,,
Wednesday,42000,EU,3.6,2str,42,,,,,,,,,,,,
Wednesday,41000,EU,3.6,2str,41,,,,,,,,,,,,
Wednesday,44000,EU,3.6,2str,44,,,,,,,,,,,,
Wednesday,41000,EU,3.6,2str,41,,,,,,,,,,,,
Wednesday,41000,EU,3.6,2str,41,,,,,,,,,,,,
Wednesday,42000,EU,3.6,2str,42,,,,,,,,,,,,
Wednesday,43000,EU,3.6,2str,43,,,,,,,,,,,,
Wednesday,42000,EU,3.6,2str,42,,,,,,,,,,,,
Wednesday,41000,EU,3.6,2str,41,,,,,,,,,,,,
Wednesday,41000,EU,3.6,2str,41,,,,,,,,,,,,
Wednesday,43000,EU,3.6,2str,43,,,,,,,,,,,,
Wednesday,42000,EU,3.6,2str,42,,,,,,,,,,,,
Wednesday,43000,EU,3.6,2str,43,,,,,,,,,,,,
Wednesday,42000,EU,3.6,2str,42,,,,,,,,,,,,
Wednesday,43000,EU,3.6,2str,43,,,,,,,,,,,,
Wednesday,43000,EU,3.6,2str,43,,,,,,,,,,,,
Wednesday,41000,EU,3.6,2str,41,,,,,,,,,,,,
Wednesday,42000,EU,3.6,2str,42,,,,,,,,,,,,
Wednesday,42000,EU,3.6,2str,42,,,,,,,,,,,,
Wednesday,44000,EU,3.6,2str,44,,,,,,,,,,,,
Wednesday,42000,EU,3.6,2str,42,,,,,,,,,,,,
Wednesday,44000,EU,3.6,2str,44,,,,,,,,,,,,
Wednesday,42000,EU,3.6,2str,42,,,,,,,,,,,,
Wednesday,42000,EU,3.6,2str,42,,,,,,,,,,,,
Wednesday,44000,EU,3.6,2str,44,,,,,,,,,,,,
Wednesday,42000,EU,3.6,2str,42,,,,,,,,,,,,
Wednesday,44000,EU,3.6,2str,44,,,,,,,,,,,,
Wednesday,42000,EU,3.6,2str,42,,,,,,,,,,,,
Wednesday,41000,EU,3.6,2str,41,,,,,,,,,,,,
Wednesday,41000,EU,3.6,2str,41,,,,,,,,,,,,
Wednesday,42000,EU,3.6,2str,42,,,,,,,,,,,,
Wednesday,43000,EU,3.6,2str,43,,,,,,,,,,,,
Wednesday,41000,EU,3.6,2str,41,,,,,,,,,,,,
Wednesday,44000,EU,3.6,2str,44,,,,,,,,,,,,
Wednesday,44000,EU,3.6,2str,44,,,,,,,,,,,,
Wednesday,41000,EU,3.6,2str,41,,,,,,,,,,,,
Wednesday,43000,EU,3.6,2str,43,,,,,,,,,,,,
Wednesday,44000,EU,3.6,2str,44,,,,,,,,,,,,
Wednesday,44000,EU,3.6,2str,44,,,,,,,,,,,,
Wednesday,42100,EU,3.6,2str,42,,,,,,,,,,,,
Wednesday,42000,EU,3.6,2str,42,,,,,,,,,,,,
Wednesday,44000,EU,3.6,2str,44,,,,,,,,,,,,
Wednesday,42000,EU,3.6,2str,42,,,,,,,,,,,,
Wednesday,41000,EU,3.6,2str,41,,,,,,,,,,,,
Wednesday,44000,EU,3.6,2str,44,,,,,,,,,,,,
Wednesday,44000,EU,3.6,2str,44,,,,,,,,,,,,
Wednesday,41000,EU,3.6,2str,41,,,,,,,,,,,,
Wednesday,43000,EU,3.6,2str,43,,,,,,,,,,,,
Wednesday,43000,EU,3.6,2str,43,,,,,,,,,,,,
Wednesday,44000,EU,3.6,2str,44,,,,,,,,,,,,
Wednesday,43000,EU,3.6,2str,43,,,,,,,,,,,,
Wednesday,41000,EU,3.6,2str,41,,,,,,,,,,,,
Wednesday,44000,EU,3.6,2str,44,,,,,,,,,,,,
Wednesday,44000,EU,3.6,2str,44,,,,,,,,,,,,
Wednesday,41000,EU,3.6,2str,41,,,,,,,,,,,,
Wednesday,44000,EU,3.6,2str,44,,,,,,,,,,,,
Wednesday,42100,EU,3.6,2str,42,,,,,,,,,,,,
Wednesday,42000,EU,3.6,2str,42,,,,,,,,,,,,
Wednesday,44000,EU,3.6,2str,44,,,,,,,,,,,,
Wednesday,43000,EU,3.6,2str,43,,,,,,,,,,,,
Wednesday,42000,EU,3.6,2str,42,,,,,,,,,,,,
Wednesday,41000,EU,3.6,2str,41,,,,,,,,,,,,
Wednesday,43000,EU,3.6,2str,43,,,,,,,,,,,,
Wednesday,41000,EU,3.6,2str,41,,,,,,,,,,,,
Wednesday,44000,EU,3.6,2str,44,,,,,,,,,,,,
Wednesday,42000,EU,3.6,2str,42,,,,,,,,,,,,
Wednesday,41000,EU,3.6,2str,41,,,,,,,,,,,,
Wednesday,42000,EU,3.6,2str,42,,,,,,,,,,,,
Wednesday,41000,EU,3.6,2str,41,,,,,,,,,,,,
Wednesday,43000,EU,3.6,2str,43,,,,,,,,,,,,
Wednesday,42000,EU,3.6,2str,42,,,,,,,,,,,,
Sunday,42211,EU,3.7,3str,422,,,,,,,,,,,,
Sunday,43221,EU,3.7,3str,432,,,,,,,,,,,,
Sunday,44200,EU,3.7,2str,44,,,,,,,,,,,,
Sunday,44200,EU,3.7,2str,44,,,,,,,,,,,,
Sunday,44313,EU,3.7,3str,443,,,,,,,,,,,,
Sunday,44314,EU,3.7,3str,443,,,,,,,,,,,,
Sunday,44432,EU,3.7,3str,444,,,,,,,,,,,,
Sunday,44442,EU,3.7,3str,444,,,,,,,,,,,,
Monday,43411,EU,3.7,3str,434,,,,,,,,,,,,
Monday,43442,EU,3.7,3str,434,,,,,,,,,,,,
Monday,44112,EU,3.7,3str,441,,,,,,,,,,,,
Monday,44210,EU,3.7,2str,44,,,,,,,,,,,,
Monday,44243,EU,3.7,3str,442,,,,,,,,,,,,
Tuesday,41321,EU,3.7,3str,413,,,,,,,,,,,,
Tuesday,43111,EU,3.7,3str,431,,,,,,,,,,,,
Tuesday,43211,EU,3.7,3str,432,,,,,,,,,,,,
Wednesday,41413,EU,3.7,3str,414,,,,,,,,,,,,
Wednesday,42224,EU,3.7,3str,422,,,,,,,,,,,,
Wednesday,42414,EU,3.7,3str,424,,,,,,,,,,,,
Wednesday,43231,EU,3.7,3str,432,,,,,,,,,,,,
Wednesday,43342,EU,3.7,3str,433,,,,,,,,,,,,
Wednesday,43433,EU,3.7,3str,434,,,,,,,,,,,,
Wednesday,44213,EU,3.7,3str,442,,,,,,,,,,,,
Wednesday,44310,EU,3.7,2str,44,,,,,,,,,,,,
Wednesday,44412,EU,3.7,3str,444,,,,,,,,,,,,
Thursday,41232,EU,3.7,3str,412,,,,,,,,,,,,
Thursday,41422,EU,3.7,3str,414,,,,,,,,,,,,
Thursday,41424,EU,3.7,3str,414,,,,,,,,,,,,
Thursday,42230,EU,3.7,2str,42,,,,,,,,,,,,
Thursday,43234,EU,3.7,3str,432,,,,,,,,,,,,
Friday,41221,EU,3.7,3str,412,,,,,,,,,,,,
Friday,41242,EU,3.7,3str,412,,,,,,,,,,,,
Friday,42111,EU,3.7,3str,421,,,,,,,,,,,,
Friday,42243,EU,3.7,3str,422,,,,,,,,,,,,
Friday,43122,EU,3.7,3str,431,,,,,,,,,,,,
Friday,43224,EU,3.7,3str,432,,,,,,,,,,,,
Saturday,43224,EU,3.7,3str,432,,,,,,,,,,,,
Saturday,43224,EU,3.7,3str,432,,,,,,,,,,,,
Sunday,42211,EU,3.7,3str,422,,,,,,,,,,,,
Sunday,43221,EU,3.7,3str,432,,,,,,,,,,,,
Sunday,44200,EU,3.7,2str,44,,,,,,,,,,,,
Sunday,44200,EU,3.7,2str,44,,,,,,,,,,,,
Sunday,44313,EU,3.7,3str,443,,,,,,,,,,,,
Sunday,44314,EU,3.7,3str,443,,,,,,,,,,,,
Sunday,44432,EU,3.7,3str,444,,,,,,,,,,,,
Sunday,44442,EU,3.7,3str,444,,,,,,,,,,,,
Monday,43411,EU,3.7,3str,434,,,,,,,,,,,,
Monday,43442,EU,3.7,3str,434,,,,,,,,,,,,
Monday,44112,EU,3.7,3str,441,,,,,,,,,,,,
Monday,44210,EU,3.7,2str,44,,,,,,,,,,,,
Monday,44243,EU,3.7,3str,442,,,,,,,,,,,,
Tuesday,41321,EU,3.7,3str,413,,,,,,,,,,,,
Tuesday,43111,EU,3.7,3str,431,,,,,,,,,,,,
Tuesday,43211,EU,3.7,3str,432,,,,,,,,,,,,
Wednesday,41413,EU,3.7,3str,414,,,,,,,,,,,,
Wednesday,42224,EU,3.7,3str,422,,,,,,,,,,,,
Wednesday,42414,EU,3.7,3str,424,,,,,,,,,,,,
Wednesday,43231,EU,3.7,3str,432,,,,,,,,,,,,
Wednesday,43242,EU,3.7,3str,432,,,,,,,,,,,,
Wednesday,43322,EU,3.7,3str,433,,,,,,,,,,,,
Wednesday,43342,EU,3.7,3str,433,,,,,,,,,,,,
Wednesday,43423,EU,3.7,3str,434,,,,,,,,,,,,
Wednesday,43433,EU,3.7,3str,434,,,,,,,,,,,,
Wednesday,44213,EU,3.7,3str,442,,,,,,,,,,,,
Wednesday,44310,EU,3.7,2str,44,,,,,,,,,,,,
Wednesday,44412,EU,3.7,3str,444,,,,,,,,,,,,
Thursday,41232,EU,3.7,3str,412,,,,,,,,,,,,
Thursday,41422,EU,3.7,3str,414,,,,,,,,,,,,
Thursday,41424,EU,3.7,3str,414,,,,,,,,,,,,
Thursday,42230,EU,3.7,2str,42,,,,,,,,,,,,
Thursday,43234,EU,3.7,3str,432,,,,,,,,,,,,
Friday,41221,EU,3.7,3str,412,,,,,,,,,,,,
Friday,41241,EU,3.7,3str,412,,,,,,,,,,,,
Friday,41242,EU,3.7,3str,412,,,,,,,,,,,,
Friday,42111,EU,3.7,3str,421,,,,,,,,,,,,
Friday,42243,EU,3.7,3str,422,,,,,,,,,,,,
Friday,43122,EU,3.7,3str,431,,,,,,,,,,,,
Friday,43224,EU,3.7,3str,432,,,,,,,,,,,,
Saturday,43224,EU,3.7,3str,432,,,,,,,,,,,,
Saturday,43224,EU,3.7,3str,432,,,,,,,,,,,,
Sunday,42400,EU,3.7,2str,42,,,,,,,,,,,,
Sunday,41300,EU,3.7,2str,41,,,,,,,,,,,,
Sunday,43400,EU,3.7,2str,43,,,,,,,,,,,,
Monday,41000,EU,3.7,2str,41,,,,,,,,,,,,
Monday,44000,EU,3.7,2str,44,,,,,,,,,,,,
Monday,43120,EU,3.7,2str,43,,,,,,,,,,,,
Monday,41243,EU,3.7,3str,412,,,,,,,,,,,,
Monday,44200,EU,3.7,2str,44,,,,,,,,,,,,
Monday,43220,EU,3.7,2str,43,,,,,,,,,,,,
Monday,41200,EU,3.7,2str,41,,,,,,,,,,,,
Tuesday,44200,EU,3.7,2str,44,,,,,,,,,,,,
Tuesday,44440,EU,3.7,2str,44,,,,,,,,,,,,
Wednesday,41100,EU,3.7,2str,41,,,,,,,,,,,,
Wednesday,44200,EU,3.7,2str,44,,,,,,,,,,,,
Wednesday,44200,EU,3.7,2str,44,,,,,,,,,,,,
Wednesday,42233,EU,3.7,3str,422,,,,,,,,,,,,
Wednesday,44432,EU,3.7,3str,444,,,,,,,,,,,,
Wednesday,41434,EU,3.7,3str,414,,,,,,,,,,,,
Wednesday,41000,EU,3.7,2str,41,,,,,,,,,,,,
Wednesday,44110,EU,3.7,2str,44,,,,,,,,,,,,
Friday,41300,EU,3.7,2str,41,,,,,,,,,,,,
Friday,44200,EU,3.7,2str,44,,,,,,,,,,,,
Friday,42400,EU,3.7,2str,42,,,,,,,,,,,,
Friday,42200,EU,3.7,2str,42,,,,,,,,,,,,
Friday,42100,EU,3.7,2str,42,,,,,,,,,,,,
Friday,44100,EU,3.7,2str,44,,,,,,,,,,,,
Friday,43300,EU,3.7,2str,43,,,,,,,,,,,,
Friday,41300,EU,3.7,2str,41,,,,,,,,,,,,
Friday,41200,EU,3.7,2str,41,,,,,,,,,,,,
Saturday,44000,EU,3.7,2str,44,,,,,,,,,,,,
Saturday,41400,EU,3.7,2str,41,,,,,,,,,,,,
Saturday,43300,EU,3.7,2str,43,,,,,,,,,,,,
Saturday,42141,EU,3.7,3str,421,,,,,,,,,,,,
Saturday,42000,EU,3.7,2str,42,,,,,,,,,,,,
Saturday,42000,EU,3.7,2str,42,,,,,,,,,,,,
Saturday,41000,EU,3.7,2str,41,,,,,,,,,,,,
Saturday,42000,EU,3.7,2str,42,,,,,,,,,,,,
Saturday,41300,EU,3.7,2str,41,,,,,,,,,,,,
Saturday,43000,EU,3.7,2str,43,,,,,,,,,,,,
Saturday,41320,EU,3.7,2str,41,,,,,,,,,,,,
Saturday,41400,EU,3.7,2str,41,,,,,,,,,,,,
Saturday,43330,EU,3.7,2str,43,,,,,,,,,,,,
Saturday,41000,EU,3.7,2str,41,,,,,,,,,,,,
Saturday,42420,EU,3.7,2str,42,,,,,,,,,,,,
Saturday,43100,EU,3.7,2str,43,,,,,,,,,,,,
Wednesday,41300,EU,3.7,2str,41,,,,,,,,,,,,
Sunday,42400,EU,3.7,2str,42,,,,,,,,,,,,
Sunday,41300,EU,3.7,2str,41,,,,,,,,,,,,
Sunday,43400,EU,3.7,2str,43,,,,,,,,,,,,
Monday,41000,EU,3.7,2str,41,,,,,,,,,,,,
Monday,44000,EU,3.7,2str,44,,,,,,,,,,,,
Monday,43120,EU,3.7,2str,43,,,,,,,,,,,,
Monday,41243,EU,3.7,3str,412,,,,,,,,,,,,
Monday,44200,EU,3.7,2str,44,,,,,,,,,,,,
Monday,43220,EU,3.7,2str,43,,,,,,,,,,,,
Monday,41200,EU,3.7,2str,41,,,,,,,,,,,,
Tuesday,44200,EU,3.7,2str,44,,,,,,,,,,,,
Tuesday,44440,EU,3.7,2str,44,,,,,,,,,,,,
Wednesday,41100,EU,3.7,2str,41,,,,,,,,,,,,
Wednesday,44200,EU,3.7,2str,44,,,,,,,,,,,,
Wednesday,44200,EU,3.7,2str,44,,,,,,,,,,,,
Wednesday,42233,EU,3.7,3str,422,,,,,,,,,,,,
Wednesday,44432,EU,3.7,3str,444,,,,,,,,,,,,
Wednesday,41434,EU,3.7,3str,414,,,,,,,,,,,,
Wednesday,41000,EU,3.7,2str,41,,,,,,,,,,,,
Wednesday,44110,EU,3.7,2str,44,,,,,,,,,,,,
Friday,41300,EU,3.7,2str,41,,,,,,,,,,,,
Friday,44200,EU,3.7,2str,44,,,,,,,,,,,,
Friday,42400,EU,3.7,2str,42,,,,,,,,,,,,
Friday,42200,EU,3.7,2str,42,,,,,,,,,,,,
Friday,42100,EU,3.7,2str,42,,,,,,,,,,,,
Friday,44100,EU,3.7,2str,44,,,,,,,,,,,,
Friday,43300,EU,3.7,2str,43,,,,,,,,,,,,
Friday,41300,EU,3.7,2str,41,,,,,,,,,,,,
Friday,41200,EU,3.7,2str,41,,,,,,,,,,,,
Saturday,44000,EU,3.7,2str,44,,,,,,,,,,,,
Saturday,41400,EU,3.7,2str,41,,,,,,,,,,,,
Saturday,43300,EU,3.7,2str,43,,,,,,,,,,,,
Saturday,42141,EU,3.7,3str,421,,,,,,,,,,,,
Saturday,42000,EU,3.7,2str,42,,,,,,,,,,,,
Saturday,42000,EU,3.7,2str,42,,,,,,,,,,,,
Saturday,41000,EU,3.7,2str,41,,,,,,,,,,,,
Saturday,42000,EU,3.7,2str,42,,,,,,,,,,,,
Saturday,41300,EU,3.7,2str,41,,,,,,,,,,,,
Saturday,43000,EU,3.7,2str,43,,,,,,,,,,,,
Saturday,41320,EU,3.7,2str,41,,,,,,,,,,,,
Saturday,41400,EU,3.7,2str,41,,,,,,,,,,,,
Saturday,43330,EU,3.7,2str,43,,,,,,,,,,,,
Saturday,41000,EU,3.7,2str,41,,,,,,,,,,,,
Saturday,42420,EU,3.7,2str,42,,,,,,,,,,,,
Saturday,43100,EU,3.7,2str,43,,,,,,,,,,,,
Wednesday,41300,EU,3.7,2str,41,,,,,,,,,,,,
Friday,43000,EU,3.7,2str,43,,,,,,,,,,,,
Friday,44000,EU,3.7,2str,44,,,,,,,,,,,,
Friday,42000,EU,3.7,2str,42,,,,,,,,,,,,
Friday,42000,EU,3.7,2str,42,,,,,,,,,,,,
Friday,41000,EU,3.7,2str,41,,,,,,,,,,,,
Friday,42000,EU,3.7,2str,42,,,,,,,,,,,,
Friday,43000,EU,3.7,2str,43,,,,,,,,,,,,
Friday,43110,EU,3.7,2str,43,,,,,,,,,,,,
Friday,43000,EU,3.7,2str,43,,,,,,,,,,,,
Friday,44000,EU,3.7,2str,44,,,,,,,,,,,,
Friday,44000,EU,3.7,2str,44,,,,,,,,,,,,
Friday,44000,EU,3.7,2str,44,,,,,,,,,,,,
Friday,43000,EU,3.7,2str,43,,,,,,,,,,,,
Friday,41000,EU,3.7,2str,41,,,,,,,,,,,,
Friday,43000,EU,3.7,2str,43,,,,,,,,,,,,
Friday,41000,EU,3.7,2str,41,,,,,,,,,,,,
Friday,42000,EU,3.7,2str,42,,,,,,,,,,,,
Friday,41120,EU,3.7,2str,41,,,,,,,,,,,,
Friday,43200,EU,3.7,2str,43,,,,,,,,,,,,
Friday,41000,EU,3.7,2str,41,,,,,,,,,,,,
Friday,44000,EU,3.7,2str,44,,,,,,,,,,,,
Friday,41000,EU,3.7,2str,41,,,,,,,,,,,,
Friday,44440,EU,3.7,2str,44,,,,,,,,,,,,
Friday,44420,EU,3.7,2str,44,,,,,,,,,,,,
Friday,41000,EU,3.7,2str,41,,,,,,,,,,,,
Friday,44440,EU,3.7,2str,44,,,,,,,,,,,,
Friday,41420,EU,3.7,2str,41,,,,,,,,,,,,
Friday,44100,EU,3.7,2str,44,,,,,,,,,,,,
Friday,44400,EU,3.7,2str,44,,,,,,,,,,,,
Friday,44420,EU,3.7,2str,44,,,,,,,,,,,,
Friday,43000,EU,3.7,2str,43,,,,,,,,,,,,
Friday,42200,EU,3.7,2str,42,,,,,,,,,,,,
Friday,41400,EU,3.7,2str,41,,,,,,,,,,,,
Friday,44000,EU,3.7,2str,44,,,,,,,,,,,,
Friday,44300,EU,3.7,2str,44,,,,,,,,,,,,
Friday,42320,EU,3.7,2str,42,,,,,,,,,,,,
Friday,44200,EU,3.7,2str,44,,,,,,,,,,,,
Friday,42000,EU,3.7,2str,42,,,,,,,,,,,,
Friday,43300,EU,3.7,2str,43,,,,,,,,,,,,
Friday,44400,EU,3.7,2str,44,,,,,,,,,,,,
Friday,44400,EU,3.7,2str,44,,,,,,,,,,,,
Friday,43000,EU,3.7,2str,43,,,,,,,,,,,,
Friday,42000,EU,3.7,2str,42,,,,,,,,,,,,
Friday,41000,EU,3.7,2str,41,,,,,,,,,,,,
Friday,43300,EU,3.7,2str,43,,,,,,,,,,,,
Friday,42000,EU,3.7,2str,42,,,,,,,,,,,,
Friday,42000,EU,3.7,2str,42,,,,,,,,,,,,
Friday,42000,EU,3.7,2str,42,,,,,,,,,,,,
Friday,41000,EU,3.7,2str,41,,,,,,,,,,,,
Friday,43200,EU,3.7,2str,43,,,,,,,,,,,,
Friday,43000,EU,3.7,2str,43,,,,,,,,,,,,
Friday,41000,EU,3.7,2str,41,,,,,,,,,,,,
Friday,43100,EU,3.7,2str,43,,,,,,,,,,,,
Friday,42300,EU,3.7,2str,42,,,,,,,,,,,,
Friday,42200,EU,3.7,2str,42,,,,,,,,,,,,
Friday,44100,EU,3.7,2str,44,,,,,,,,,,,,
Friday,43000,EU,3.7,2str,43,,,,,,,,,,,,
Friday,44100,EU,3.7,2str,44,,,,,,,,,,,,
Friday,42130,EU,3.7,2str,42,,,,,,,,,,,,
Friday,44000,EU,3.7,2str,44,,,,,,,,,,,,
Friday,43000,EU,3.7,2str,43,,,,,,,,,,,,
Friday,42000,EU,3.7,2str,42,,,,,,,,,,,,
Friday,43000,EU,3.7,2str,43,,,,,,,,,,,,
Friday,44000,EU,3.7,2str,44,,,,,,,,,,,,
Friday,41400,EU,3.7,2str,41,,,,,,,,,,,,
Friday,44300,EU,3.7,2str,44,,,,,,,,,,,,
Friday,43000,EU,3.7,2str,43,,,,,,,,,,,,
Friday,44300,EU,3.7,2str,44,,,,,,,,,,,,
Friday,43000,EU,3.7,2str,43,,,,,,,,,,,,
Friday,44300,EU,3.7,2str,44,,,,,,,,,,,,
Friday,44000,EU,3.7,2str,44,,,,,,,,,,,,
Friday,42100,EU,3.7,2str,42,,,,,,,,,,,,
Friday,44300,EU,3.7,2str,44,,,,,,,,,,,,
Friday,44400,EU,3.7,2str,44,,,,,,,,,,,,
Friday,44200,EU,3.7,2str,44,,,,,,,,,,,,
Friday,42300,EU,3.7,2str,42,,,,,,,,,,,,
Friday,43300,EU,3.7,2str,43,,,,,,,,,,,,
Friday,41000,EU,3.7,2str,41,,,,,,,,,,,,
Friday,44400,EU,3.7,2str,44,,,,,,,,,,,,
Friday,44000,EU,3.7,2str,44,,,,,,,,,,,,
Friday,43230,EU,3.7,2str,43,,,,,,,,,,,,
Friday,41122,EU,3.7,3str,411,,,,,,,,,,,,
Friday,44300,EU,3.7,2str,44,,,,,,,,,,,,
Friday,41210,EU,3.7,2str,41,,,,,,,,,,,,
Friday,41000,EU,3.7,2str,41,,,,,,,,,,,,
Friday,44400,EU,3.7,2str,44,,,,,,,,,,,,
Friday,43110,EU,3.7,2str,43,,,,,,,,,,,,
Friday,43000,EU,3.7,2str,43,,,,,,,,,,,,
Friday,43140,EU,3.7,2str,43,,,,,,,,,,,,
Friday,41330,EU,3.7,2str,41,,,,,,,,,,,,
Friday,42300,EU,3.7,2str,42,,,,,,,,,,,,
Friday,42000,EU,3.7,2str,42,,,,,,,,,,,,
Friday,43000,EU,3.7,2str,43,,,,,,,,,,,,
Friday,41000,EU,3.7,2str,41,,,,,,,,,,,,
Friday,43000,EU,3.7,2str,43,,,,,,,,,,,,
Friday,41000,EU,3.7,2str,41,,,,,,,,,,,,
Friday,41000,EU,3.7,2str,41,,,,,,,,,,,,
Friday,42000,EU,3.7,2str,42,,,,,,,,,,,,
Friday,41000,EU,3.7,2str,41,,,,,,,,,,,,
Friday,41300,EU,3.7,2str,41,,,,,,,,,,,,
Friday,44000,EU,3.7,2str,44,,,,,,,,,,,,
Friday,43000,EU,3.7,2str,43,,,,,,,,,,,,
Friday,44000,EU,3.7,2str,44,,,,,,,,,,,,
Friday,44000,EU,3.7,2str,44,,,,,,,,,,,,
Friday,44300,EU,3.7,2str,44,,,,,,,,,,,,
Friday,43000,EU,3.7,2str,43,,,,,,,,,,,,
Friday,44000,EU,3.7,2str,44,,,,,,,,,,,,
Friday,43000,EU,3.7,2str,43,,,,,,,,,,,,
Friday,44400,EU,3.7,2str,44,,,,,,,,,,,,
Friday,43100,EU,3.7,2str,43,,,,,,,,,,,,
Friday,43000,EU,3.7,2str,43,,,,,,,,,,,,
Friday,41210,EU,3.7,2str,41,,,,,,,,,,,,
Friday,44300,EU,3.7,2str,44,,,,,,,,,,,,
Friday,42000,EU,3.7,2str,42,,,,,,,,,,,,
Friday,41000,EU,3.7,2str,41,,,,,,,,,,,,
Friday,44100,EU,3.7,2str,44,,,,,,,,,,,,
Friday,44300,EU,3.7,2str,44,,,,,,,,,,,,
Friday,42300,EU,3.7,2str,42,,,,,,,,,,,,
Friday,44200,EU,3.7,2str,44,,,,,,,,,,,,
Friday,44200,EU,3.7,2str,44,,,,,,,,,,,,
Friday,42230,EU,3.7,2str,42,,,,,,,,,,,,
Friday,42000,EU,3.7,2str,42,,,,,,,,,,,,
Monday,44330,EU,3.7,2str,44,,,,,,,,,,,,
Monday,42240,EU,3.7,2str,42,,,,,,,,,,,,
Monday,42330,EU,3.7,2str,42,,,,,,,,,,,,
Monday,41210,EU,3.7,2str,41,,,,,,,,,,,,
Monday,42340,EU,3.7,2str,42,,,,,,,,,,,,
Monday,42310,EU,3.7,2str,42,,,,,,,,,,,,
Monday,41200,EU,3.7,2str,41,,,,,,,,,,,,
Monday,42200,EU,3.7,2str,42,,,,,,,,,,,,
Monday,41410,EU,3.7,2str,41,,,,,,,,,,,,
Monday,42110,EU,3.7,2str,42,,,,,,,,,,,,
Monday,43140,EU,3.7,2str,43,,,,,,,,,,,,
Monday,42100,EU,3.7,2str,42,,,,,,,,,,,,
Monday,43400,EU,3.7,2str,43,,,,,,,,,,,,
Monday,43300,EU,3.7,2str,43,,,,,,,,,,,,
Monday,41200,EU,3.7,2str,41,,,,,,,,,,,,
Monday,41410,EU,3.7,2str,41,,,,,,,,,,,,
Monday,42230,EU,3.7,2str,42,,,,,,,,,,,,
Monday,43220,EU,3.7,2str,43,,,,,,,,,,,,
Monday,44330,EU,3.7,2str,44,,,,,,,,,,,,
Monday,41130,EU,3.7,2str,41,,,,,,,,,,,,
Monday,42440,EU,3.7,2str,42,,,,,,,,,,,,
Monday,41230,EU,3.7,2str,41,,,,,,,,,,,,
Monday,44110,EU,3.7,2str,44,,,,,,,,,,,,
Monday,42310,EU,3.7,2str,42,,,,,,,,,,,,
Monday,42440,EU,3.7,2str,42,,,,,,,,,,,,
Monday,44340,EU,3.7,2str,44,,,,,,,,,,,,
Monday,42110,EU,3.7,2str,42,,,,,,,,,,,,
Monday,42120,EU,3.7,2str,42,,,,,,,,,,,,
Monday,41430,EU,3.7,2str,41,,,,,,,,,,,,
Monday,42410,EU,3.7,2str,42,,,,,,,,,,,,
Monday,41110,EU,3.7,2str,41,,,,,,,,,,,,
Monday,44330,EU,3.7,2str,44,,,,,,,,,,,,
Monday,42130,EU,3.7,2str,42,,,,,,,,,,,,
Monday,44440,EU,3.7,2str,44,,,,,,,,,,,,
Monday,42110,EU,3.7,2str,42,,,,,,,,,,,,
Monday,43410,EU,3.7,2str,43,,,,,,,,,,,,
Friday,42100,EU,3.7,2str,42,,,,,,,,,,,,
Friday,44000,EU,3.7,2str,44,,,,,,,,,,,,
Friday,42000,EU,3.7,2str,42,,,,,,,,,,,,
Friday,44000,EU,3.7,2str,44,,,,,,,,,,,,
Friday,44000,EU,3.7,2str,44,,,,,,,,,,,,
Friday,43000,EU,3.7,2str,43,,,,,,,,,,,,
Friday,44000,EU,3.7,2str,44,,,,,,,,,,,,
Friday,43000,EU,3.7,2str,43,,,,,,,,,,,,
Friday,41000,EU,3.7,2str,41,,,,,,,,,,,,
Friday,41444,EU,3.7,3str,414,,,,,,,,,,,,
Friday,41000,EU,3.7,2str,41,,,,,,,,,,,,
Friday,42100,EU,3.7,2str,42,,,,,,,,,,,,
Friday,41000,EU,3.7,2str,41,,,,,,,,,,,,
Friday,43341,EU,3.7,3str,433,,,,,,,,,,,,
Friday,41412,EU,3.7,3str,414,,,,,,,,,,,,
Friday,43100,EU,3.7,2str,43,,,,,,,,,,,,
Friday,42110,EU,3.7,2str,42,,,,,,,,,,,,
Friday,43000,EU,3.7,2str,43,,,,,,,,,,,,
Friday,42320,EU,3.7,2str,42,,,,,,,,,,,,
Friday,42442,EU,3.7,3str,424,,,,,,,,,,,,
Friday,42124,EU,3.7,3str,421,,,,,,,,,,,,
Friday,44000,EU,3.7,2str,44,,,,,,,,,,,,
Friday,43000,EU,3.7,2str,43,,,,,,,,,,,,
Friday,41113,EU,3.7,3str,411,,,,,,,,,,,,
Friday,41300,EU,3.7,2str,41,,,,,,,,,,,,
Friday,41000,EU,3.7,2str,41,,,,,,,,,,,,
Friday,43400,EU,3.7,2str,43,,,,,,,,,,,,
Friday,43100,EU,3.7,2str,43,,,,,,,,,,,,
Friday,43300,EU,3.7,2str,43,,,,,,,,,,,,
Friday,42000,EU,3.7,2str,42,,,,,,,,,,,,
Friday,44400,EU,3.7,2str,44,,,,,,,,,,,,
Friday,43310,EU,3.7,2str,43,,,,,,,,,,,,
Friday,43000,EU,3.7,2str,43,,,,,,,,,,,,
Friday,42000,EU,3.7,2str,42,,,,,,,,,,,,
Friday,44300,EU,3.7,2str,44,,,,,,,,,,,,
Friday,42100,EU,3.7,2str,42,,,,,,,,,,,,
Friday,44200,EU,3.7,2str,44,,,,,,,,,,,,
Friday,42000,EU,3.7,2str,42,,,,,,,,,,,,
Friday,44200,EU,3.7,2str,44,,,,,,,,,,,,
Friday,41320,EU,3.7,2str,41,,,,,,,,,,,,
Friday,41000,EU,3.7,2str,41,,,,,,,,,,,,
Friday,43200,EU,3.7,2str,43,,,,,,,,,,,,
Friday,41400,EU,3.7,2str,41,,,,,,,,,,,,
Friday,44000,EU,3.7,2str,44,,,,,,,,,,,,
Friday,42000,EU,3.7,2str,42,,,,,,,,,,,,
Friday,41300,EU,3.7,2str,41,,,,,,,,,,,,
Friday,44000,EU,3.7,2str,44,,,,,,,,,,,,
Friday,43000,EU,3.7,2str,43,,,,,,,,,,,,
Friday,44000,EU,3.7,2str,44,,,,,,,,,,,,
Friday,41000,EU,3.7,2str,41,,,,,,,,,,,,
Friday,43000,EU,3.7,2str,43,,,,,,,,,,,,
Friday,41000,EU,3.7,2str,41,,,,,,,,,,,,
Friday,44000,EU,3.7,2str,44,,,,,,,,,,,,
Friday,42000,EU,3.7,2str,42,,,,,,,,,,,,
Friday,41000,EU,3.7,2str,41,,,,,,,,,,,,
Friday,42000,EU,3.7,2str,42,,,,,,,,,,,,
Friday,41000,EU,3.7,2str,41,,,,,,,,,,,,
Friday,42000,EU,3.7,2str,42,,,,,,,,,,,,
Friday,43400,EU,3.7,2str,43,,,,,,,,,,,,
Friday,43210,EU,3.7,2str,43,,,,,,,,,,,,
Friday,44100,EU,3.7,2str,44,,,,,,,,,,,,
Friday,41000,EU,3.7,2str,41,,,,,,,,,,,,
Friday,42300,EU,3.7,2str,42,,,,,,,,,,,,
Friday,41300,EU,3.7,2str,41,,,,,,,,,,,,
Friday,44300,EU,3.7,2str,44,,,,,,,,,,,,
Friday,44324,EU,3.7,3str,443,,,,,,,,,,,,
Friday,43100,EU,3.7,2str,43,,,,,,,,,,,,
Friday,42000,EU,3.7,2str,42,,,,,,,,,,,,
Friday,44220,EU,3.7,2str,44,,,,,,,,,,,,
Friday,42300,EU,3.7,2str,42,,,,,,,,,,,,
Friday,44100,EU,3.7,2str,44,,,,,,,,,,,,
Friday,41000,EU,3.7,2str,41,,,,,,,,,,,,
Friday,44411,EU,3.7,3str,444,,,,,,,,,,,,
Friday,41100,EU,3.7,2str,41,,,,,,,,,,,,
Friday,41000,EU,3.7,2str,41,,,,,,,,,,,,
Friday,44000,EU,3.7,2str,44,,,,,,,,,,,,
Friday,41400,EU,3.7,2str,41,,,,,,,,,,,,
Friday,42000,EU,3.7,2str,42,,,,,,,,,,,,
Friday,41000,EU,3.7,2str,41,,,,,,,,,,,,
Friday,41000,EU,3.7,2str,41,,,,,,,,,,,,
Friday,41000,EU,3.7,2str,41,,,,,,,,,,,,
Friday,41000,EU,3.7,2str,41,,,,,,,,,,,,
Friday,41000,EU,3.7,2str,41,,,,,,,,,,,,
Friday,41300,EU,3.7,2str,41,,,,,,,,,,,,
Friday,43000,EU,3.7,2str,43,,,,,,,,,,,,
Friday,43200,EU,3.7,2str,43,,,,,,,,,,,,
Friday,41300,EU,3.7,2str,41,,,,,,,,,,,,
Friday,42123,EU,3.7,3str,421,,,,,,,,,,,,
Friday,43000,EU,3.7,2str,43,,,,,,,,,,,,
Friday,44330,EU,3.7,2str,44,,,,,,,,,,,,
Friday,42000,EU,3.7,2str,42,,,,,,,,,,,,
Friday,42000,EU,3.7,2str,42,,,,,,,,,,,,
Friday,41400,EU,3.7,2str,41,,,,,,,,,,,,
Friday,43241,EU,3.7,3str,432,,,,,,,,,,,,
Friday,43200,EU,3.7,2str,43,,,,,,,,,,,,
Friday,41310,EU,3.7,2str,41,,,,,,,,,,,,
Friday,41100,EU,3.7,2str,41,,,,,,,,,,,,
Friday,42400,EU,3.7,2str,42,,,,,,,,,,,,
Friday,41300,EU,3.7,2str,41,,,,,,,,,,,,
Friday,43200,EU,3.7,2str,43,,,,,,,,,,,,
Friday,43200,EU,3.7,2str,43,,,,,,,,,,,,
Friday,41200,EU,3.7,2str,41,,,,,,,,,,,,
Friday,44000,EU,3.7,2str,44,,,,,,,,,,,,
Friday,44000,EU,3.7,2str,44,,,,,,,,,,,,
Friday,42000,EU,3.7,2str,42,,,,,,,,,,,,
Friday,43000,EU,3.7,2str,43,,,,,,,,,,,,
Friday,41000,EU,3.7,2str,41,,,,,,,,,,,,
Friday,43000,EU,3.7,2str,43,,,,,,,,,,,,
Friday,43000,EU,3.7,2str,43,,,,,,,,,,,,
Friday,41000,EU,3.7,2str,41,,,,,,,,,,,,
Friday,43000,EU,3.7,2str,43,,,,,,,,,,,,
Friday,44300,EU,3.7,2str,44,,,,,,,,,,,,
Friday,43300,EU,3.7,2str,43,,,,,,,,,,,,
Friday,41300,EU,3.7,2str,41,,,,,,,,,,,,
Friday,41100,EU,3.7,2str,41,,,,,,,,,,,,
Friday,43000,EU,3.7,2str,43,,,,,,,,,,,,
Friday,42000,EU,3.7,2str,42,,,,,,,,,,,,
Friday,41200,EU,3.7,2str,41,,,,,,,,,,,,
Friday,41400,EU,3.7,2str,41,,,,,,,,,,,,
Friday,44200,EU,3.7,2str,44,,,,,,,,,,,,
Friday,43000,EU,3.7,2str,43,,,,,,,,,,,,
Friday,42200,EU,3.7,2str,42,,,,,,,,,,,,
Friday,43400,EU,3.7,2str,43,,,,,,,,,,,,
Friday,42100,EU,3.7,2str,42,,,,,,,,,,,,
Friday,44000,EU,3.7,2str,44,,,,,,,,,,,,
Sunday,42211,EU,3.7,3str,422,,,,,,,,,,,,
Sunday,43221,EU,3.7,3str,432,,,,,,,,,,,,
Sunday,44200,EU,3.7,2str,44,,,,,,,,,,,,
Sunday,44200,EU,3.7,2str,44,,,,,,,,,,,,
Sunday,44313,EU,3.7,3str,443,,,,,,,,,,,,
Sunday,44314,EU,3.7,3str,443,,,,,,,,,,,,
Sunday,44432,EU,3.7,3str,444,,,,,,,,,,,,
Sunday,44442,EU,3.7,3str,444,,,,,,,,,,,,
Monday,43411,EU,3.7,3str,434,,,,,,,,,,,,
Monday,43442,EU,3.7,3str,434,,,,,,,,,,,,
Monday,44112,EU,3.7,3str,441,,,,,,,,,,,,
Monday,44210,EU,3.7,2str,44,,,,,,,,,,,,
Monday,44243,EU,3.7,3str,442,,,,,,,,,,,,
Tuesday,41321,EU,3.7,3str,413,,,,,,,,,,,,
Tuesday,43111,EU,3.7,3str,431,,,,,,,,,,,,
Tuesday,43211,EU,3.7,3str,432,,,,,,,,,,,,
Wednesday,41413,EU,3.7,3str,414,,,,,,,,,,,,
Wednesday,42224,EU,3.7,3str,422,,,,,,,,,,,,
Wednesday,42414,EU,3.7,3str,424,,,,,,,,,,,,
Wednesday,43231,EU,3.7,3str,432,,,,,,,,,,,,
Wednesday,43342,EU,3.7,3str,433,,,,,,,,,,,,
Wednesday,43433,EU,3.7,3str,434,,,,,,,,,,,,
Wednesday,44213,EU,3.7,3str,442,,,,,,,,,,,,
Wednesday,44310,EU,3.7,2str,44,,,,,,,,,,,,
Wednesday,44412,EU,3.7,3str,444,,,,,,,,,,,,
Thursday,41232,EU,3.7,3str,412,,,,,,,,,,,,
Thursday,41422,EU,3.7,3str,414,,,,,,,,,,,,
Thursday,41424,EU,3.7,3str,414,,,,,,,,,,,,
Thursday,42230,EU,3.7,2str,42,,,,,,,,,,,,
Thursday,43234,EU,3.7,3str,432,,,,,,,,,,,,
Friday,41221,EU,3.7,3str,412,,,,,,,,,,,,
Friday,41242,EU,3.7,3str,412,,,,,,,,,,,,
Friday,42111,EU,3.7,3str,421,,,,,,,,,,,,
Friday,42243,EU,3.7,3str,422,,,,,,,,,,,,
Friday,43122,EU,3.7,3str,431,,,,,,,,,,,,
Friday,43224,EU,3.7,3str,432,,,,,,,,,,,,
Saturday,43224,EU,3.7,3str,432,,,,,,,,,,,,
Saturday,43224,EU,3.7,3str,432,,,,,,,,,,,,
Sunday,42211,EU,3.7,3str,422,,,,,,,,,,,,
Sunday,43221,EU,3.7,3str,432,,,,,,,,,,,,
Sunday,44200,EU,3.7,2str,44,,,,,,,,,,,,
Sunday,44200,EU,3.7,2str,44,,,,,,,,,,,,
Sunday,44313,EU,3.7,3str,443,,,,,,,,,,,,
Sunday,44314,EU,3.7,3str,443,,,,,,,,,,,,
Sunday,44432,EU,3.7,3str,444,,,,,,,,,,,,
Sunday,44442,EU,3.7,3str,444,,,,,,,,,,,,
Monday,43411,EU,3.7,3str,434,,,,,,,,,,,,
Monday,43442,EU,3.7,3str,434,,,,,,,,,,,,
Monday,44112,EU,3.7,3str,441,,,,,,,,,,,,
Monday,44210,EU,3.7,2str,44,,,,,,,,,,,,
Monday,44243,EU,3.7,3str,442,,,,,,,,,,,,
Tuesday,41321,EU,3.7,3str,413,,,,,,,,,,,,
Tuesday,43111,EU,3.7,3str,431,,,,,,,,,,,,
Tuesday,43211,EU,3.7,3str,432,,,,,,,,,,,,
Wednesday,41413,EU,3.7,3str,414,,,,,,,,,,,,
Wednesday,42224,EU,3.7,3str,422,,,,,,,,,,,,
Wednesday,42414,EU,3.7,3str,424,,,,,,,,,,,,
Wednesday,43231,EU,3.7,3str,432,,,,,,,,,,,,
Wednesday,43242,EU,3.7,3str,432,,,,,,,,,,,,
Wednesday,43322,EU,3.7,3str,433,,,,,,,,,,,,
Wednesday,43342,EU,3.7,3str,433,,,,,,,,,,,,
Wednesday,43423,EU,3.7,3str,434,,,,,,,,,,,,
Wednesday,43433,EU,3.7,3str,434,,,,,,,,,,,,
Wednesday,44213,EU,3.7,3str,442,,,,,,,,,,,,
Wednesday,44310,EU,3.7,2str,44,,,,,,,,,,,,
Wednesday,44412,EU,3.7,3str,444,,,,,,,,,,,,
Thursday,41232,EU,3.7,3str,412,,,,,,,,,,,,
Thursday,41422,EU,3.7,3str,414,,,,,,,,,,,,
Thursday,41424,EU,3.7,3str,414,,,,,,,,,,,,
Thursday,42230,EU,3.7,2str,42,,,,,,,,,,,,
Thursday,43234,EU,3.7,3str,432,,,,,,,,,,,,
Friday,41221,EU,3.7,3str,412,,,,,,,,,,,,
Friday,41241,EU,3.7,3str,412,,,,,,,,,,,,
Friday,41242,EU,3.7,3str,412,,,,,,,,,,,,
Friday,42111,EU,3.7,3str,421,,,,,,,,,,,,
Friday,42243,EU,3.7,3str,422,,,,,,,,,,,,
Friday,43122,EU,3.7,3str,431,,,,,,,,,,,,
Friday,43224,EU,3.7,3str,432,,,,,,,,,,,,
Saturday,43224,EU,3.7,3str,432,,,,,,,,,,,,
Saturday,43224,EU,3.7,3str,432,,,,,,,,,,,,
Sunday,42400,EU,3.7,2str,42,,,,,,,,,,,,
Sunday,41300,EU,3.7,2str,41,,,,,,,,,,,,
Sunday,43400,EU,3.7,2str,43,,,,,,,,,,,,
Monday,41000,EU,3.7,2str,41,,,,,,,,,,,,
Monday,44000,EU,3.7,2str,44,,,,,,,,,,,,
Monday,43120,EU,3.7,2str,43,,,,,,,,,,,,
Monday,41243,EU,3.7,3str,412,,,,,,,,,,,,
Monday,44200,EU,3.7,2str,44,,,,,,,,,,,,
Monday,43220,EU,3.7,2str,43,,,,,,,,,,,,
Monday,41200,EU,3.7,2str,41,,,,,,,,,,,,
Tuesday,44200,EU,3.7,2str,44,,,,,,,,,,,,
Tuesday,44440,EU,3.7,2str,44,,,,,,,,,,,,
Wednesday,41100,EU,3.7,2str,41,,,,,,,,,,,,
Wednesday,44200,EU,3.7,2str,44,,,,,,,,,,,,
Wednesday,44200,EU,3.7,2str,44,,,,,,,,,,,,
Wednesday,42233,EU,3.7,3str,422,,,,,,,,,,,,
Wednesday,44432,EU,3.7,3str,444,,,,,,,,,,,,
Wednesday,41434,EU,3.7,3str,414,,,,,,,,,,,,
Wednesday,41000,EU,3.7,2str,41,,,,,,,,,,,,
Wednesday,44110,EU,3.7,2str,44,,,,,,,,,,,,
Friday,41300,EU,3.7,2str,41,,,,,,,,,,,,
Friday,44200,EU,3.7,2str,44,,,,,,,,,,,,
Friday,42400,EU,3.7,2str,42,,,,,,,,,,,,
Friday,42200,EU,3.7,2str,42,,,,,,,,,,,,
Friday,42100,EU,3.7,2str,42,,,,,,,,,,,,
Friday,44100,EU,3.7,2str,44,,,,,,,,,,,,
Friday,43300,EU,3.7,2str,43,,,,,,,,,,,,
Friday,41300,EU,3.7,2str,41,,,,,,,,,,,,
Friday,41200,EU,3.7,2str,41,,,,,,,,,,,,
Saturday,44000,EU,3.7,2str,44,,,,,,,,,,,,
Saturday,41400,EU,3.7,2str,41,,,,,,,,,,,,
Saturday,43300,EU,3.7,2str,43,,,,,,,,,,,,
Saturday,42141,EU,3.7,3str,421,,,,,,,,,,,,
Saturday,42000,EU,3.7,2str,42,,,,,,,,,,,,
Saturday,42000,EU,3.7,2str,42,,,,,,,,,,,,
Saturday,41000,EU,3.7,2str,41,,,,,,,,,,,,
Saturday,42000,EU,3.7,2str,42,,,,,,,,,,,,
Saturday,41300,EU,3.7,2str,41,,,,,,,,,,,,
Saturday,43000,EU,3.7,2str,43,,,,,,,,,,,,
Saturday,41320,EU,3.7,2str,41,,,,,,,,,,,,
Saturday,41400,EU,3.7,2str,41,,,,,,,,,,,,
Saturday,43330,EU,3.7,2str,43,,,,,,,,,,,,
Saturday,41000,EU,3.7,2str,41,,,,,,,,,,,,
Saturday,42420,EU,3.7,2str,42,,,,,,,,,,,,
Saturday,43100,EU,3.7,2str,43,,,,,,,,,,,,
Wednesday,41300,EU,3.7,2str,41,,,,,,,,,,,,
Sunday,42400,EU,3.7,2str,42,,,,,,,,,,,,
Sunday,41300,EU,3.7,2str,41,,,,,,,,,,,,
Sunday,43400,EU,3.7,2str,43,,,,,,,,,,,,
Monday,41000,EU,3.7,2str,41,,,,,,,,,,,,
Monday,44000,EU,3.7,2str,44,,,,,,,,,,,,
Monday,43120,EU,3.7,2str,43,,,,,,,,,,,,
Monday,41243,EU,3.7,3str,412,,,,,,,,,,,,
Monday,44200,EU,3.7,2str,44,,,,,,,,,,,,
Monday,43220,EU,3.7,2str,43,,,,,,,,,,,,
Monday,41200,EU,3.7,2str,41,,,,,,,,,,,,
Tuesday,44200,EU,3.7,2str,44,,,,,,,,,,,,
Tuesday,44440,EU,3.7,2str,44,,,,,,,,,,,,
Wednesday,41100,EU,3.7,2str,41,,,,,,,,,,,,
Wednesday,44200,EU,3.7,2str,44,,,,,,,,,,,,
Wednesday,44200,EU,3.7,2str,44,,,,,,,,,,,,
Wednesday,42233,EU,3.7,3str,422,,,,,,,,,,,,
Wednesday,44432,EU,3.7,3str,444,,,,,,,,,,,,
Wednesday,41434,EU,3.7,3str,414,,,,,,,,,,,,
Wednesday,41000,EU,3.7,2str,41,,,,,,,,,,,,
Wednesday,44110,EU,3.7,2str,44,,,,,,,,,,,,
Friday,41300,EU,3.7,2str,41,,,,,,,,,,,,
Friday,44200,EU,3.7,2str,44,,,,,,,,,,,,
Friday,42400,EU,3.7,2str,42,,,,,,,,,,,,
Friday,42200,EU,3.7,2str,42,,,,,,,,,,,,
Friday,42100,EU,3.7,2str,42,,,,,,,,,,,,
Friday,44100,EU,3.7,2str,44,,,,,,,,,,,,
Friday,43300,EU,3.7,2str,43,,,,,,,,,,,,
Friday,41300,EU,3.7,2str,41,,,,,,,,,,,,
Friday,41200,EU,3.7,2str,41,,,,,,,,,,,,
Saturday,44000,EU,3.7,2str,44,,,,,,,,,,,,
Saturday,41400,EU,3.7,2str,41,,,,,,,,,,,,
Saturday,43300,EU,3.7,2str,43,,,,,,,,,,,,
Saturday,42141,EU,3.7,3str,421,,,,,,,,,,,,
Saturday,42000,EU,3.7,2str,42,,,,,,,,,,,,
Saturday,42000,EU,3.7,2str,42,,,,,,,,,,,,
Saturday,41000,EU,3.7,2str,41,,,,,,,,,,,,
Saturday,42000,EU,3.7,2str,42,,,,,,,,,,,,
Saturday,41300,EU,3.7,2str,41,,,,,,,,,,,,
Saturday,43000,EU,3.7,2str,43,,,,,,,,,,,,
Saturday,41320,EU,3.7,2str,41,,,,,,,,,,,,
Saturday,41400,EU,3.7,2str,41,,,,,,,,,,,,
Saturday,43330,EU,3.7,2str,43,,,,,,,,,,,,
Saturday,41000,EU,3.7,2str,41,,,,,,,,,,,,
Saturday,42420,EU,3.7,2str,42,,,,,,,,,,,,
Saturday,43100,EU,3.7,2str,43,,,,,,,,,,,,
Wednesday,41300,EU,3.7,2str,41,,,,,,,,,,,,
Friday,43000,EU,3.7,2str,43,,,,,,,,,,,,
Friday,44000,EU,3.7,2str,44,,,,,,,,,,,,
Friday,42000,EU,3.7,2str,42,,,,,,,,,,,,
Friday,42000,EU,3.7,2str,42,,,,,,,,,,,,
Friday,41000,EU,3.7,2str,41,,,,,,,,,,,,
Friday,42000,EU,3.7,2str,42,,,,,,,,,,,,
Friday,43000,EU,3.7,2str,43,,,,,,,,,,,,
Friday,43110,EU,3.7,2str,43,,,,,,,,,,,,
Friday,43000,EU,3.7,2str,43,,,,,,,,,,,,
Friday,44000,EU,3.7,2str,44,,,,,,,,,,,,
Friday,44000,EU,3.7,2str,44,,,,,,,,,,,,
Friday,44000,EU,3.7,2str,44,,,,,,,,,,,,
Friday,43000,EU,3.7,2str,43,,,,,,,,,,,,
Friday,41000,EU,3.7,2str,41,,,,,,,,,,,,
Friday,43000,EU,3.7,2str,43,,,,,,,,,,,,
Friday,41000,EU,3.7,2str,41,,,,,,,,,,,,
Friday,42000,EU,3.7,2str,42,,,,,,,,,,,,
Friday,41120,EU,3.7,2str,41,,,,,,,,,,,,
Friday,43200,EU,3.7,2str,43,,,,,,,,,,,,
Friday,41000,EU,3.7,2str,41,,,,,,,,,,,,
Friday,44000,EU,3.7,2str,44,,,,,,,,,,,,
Friday,41000,EU,3.7,2str,41,,,,,,,,,,,,
Friday,44440,EU,3.7,2str,44,,,,,,,,,,,,
Friday,44420,EU,3.7,2str,44,,,,,,,,,,,,
Friday,41000,EU,3.7,2str,41,,,,,,,,,,,,
Friday,44440,EU,3.7,2str,44,,,,,,,,,,,,
Friday,41420,EU,3.7,2str,41,,,,,,,,,,,,
Friday,44100,EU,3.7,2str,44,,,,,,,,,,,,
Friday,44400,EU,3.7,2str,44,,,,,,,,,,,,
Friday,44420,EU,3.7,2str,44,,,,,,,,,,,,
Friday,43000,EU,3.7,2str,43,,,,,,,,,,,,
Friday,42200,EU,3.7,2str,42,,,,,,,,,,,,
Friday,41400,EU,3.7,2str,41,,,,,,,,,,,,
Friday,44000,EU,3.7,2str,44,,,,,,,,,,,,
Friday,44300,EU,3.7,2str,44,,,,,,,,,,,,
Friday,42320,EU,3.7,2str,42,,,,,,,,,,,,
Friday,44200,EU,3.7,2str,44,,,,,,,,,,,,
Friday,42000,EU,3.7,2str,42,,,,,,,,,,,,
Friday,43300,EU,3.7,2str,43,,,,,,,,,,,,
Friday,44400,EU,3.7,2str,44,,,,,,,,,,,,
Friday,44400,EU,3.7,2str,44,,,,,,,,,,,,
Friday,43000,EU,3.7,2str,43,,,,,,,,,,,,
Friday,42000,EU,3.7,2str,42,,,,,,,,,,,,
Friday,41000,EU,3.7,2str,41,,,,,,,,,,,,
Friday,43300,EU,3.7,2str,43,,,,,,,,,,,,
Friday,42000,EU,3.7,2str,42,,,,,,,,,,,,
Friday,42000,EU,3.7,2str,42,,,,,,,,,,,,
Friday,42000,EU,3.7,2str,42,,,,,,,,,,,,
Friday,41000,EU,3.7,2str,41,,,,,,,,,,,,
Friday,43200,EU,3.7,2str,43,,,,,,,,,,,,
Friday,43000,EU,3.7,2str,43,,,,,,,,,,,,
Friday,41000,EU,3.7,2str,41,,,,,,,,,,,,
Friday,43100,EU,3.7,2str,43,,,,,,,,,,,,
Friday,42300,EU,3.7,2str,42,,,,,,,,,,,,
Friday,42200,EU,3.7,2str,42,,,,,,,,,,,,
Friday,44100,EU,3.7,2str,44,,,,,,,,,,,,
Friday,43000,EU,3.7,2str,43,,,,,,,,,,,,
Friday,44100,EU,3.7,2str,44,,,,,,,,,,,,
Friday,42130,EU,3.7,2str,42,,,,,,,,,,,,
Friday,44000,EU,3.7,2str,44,,,,,,,,,,,,
Friday,43000,EU,3.7,2str,43,,,,,,,,,,,,
Friday,42000,EU,3.7,2str,42,,,,,,,,,,,,
Friday,43000,EU,3.7,2str,43,,,,,,,,,,,,
Friday,44000,EU,3.7,2str,44,,,,,,,,,,,,
Friday,41400,EU,3.7,2str,41,,,,,,,,,,,,
Friday,44300,EU,3.7,2str,44,,,,,,,,,,,,
Friday,43000,EU,3.7,2str,43,,,,,,,,,,,,
Friday,44300,EU,3.7,2str,44,,,,,,,,,,,,
Friday,43000,EU,3.7,2str,43,,,,,,,,,,,,
Friday,44300,EU,3.7,2str,44,,,,,,,,,,,,
Friday,44000,EU,3.7,2str,44,,,,,,,,,,,,
Friday,42100,EU,3.7,2str,42,,,,,,,,,,,,
Friday,44300,EU,3.7,2str,44,,,,,,,,,,,,
Friday,44400,EU,3.7,2str,44,,,,,,,,,,,,
Friday,44200,EU,3.7,2str,44,,,,,,,,,,,,
Friday,42300,EU,3.7,2str,42,,,,,,,,,,,,
Friday,43300,EU,3.7,2str,43,,,,,,,,,,,,
Friday,41000,EU,3.7,2str,41,,,,,,,,,,,,
Friday,44400,EU,3.7,2str,44,,,,,,,,,,,,
Friday,44000,EU,3.7,2str,44,,,,,,,,,,,,
Friday,43230,EU,3.7,2str,43,,,,,,,,,,,,
Friday,41122,EU,3.7,3str,411,,,,,,,,,,,,
Friday,44300,EU,3.7,2str,44,,,,,,,,,,,,
Friday,41210,EU,3.7,2str,41,,,,,,,,,,,,
Friday,41000,EU,3.7,2str,41,,,,,,,,,,,,
Friday,44400,EU,3.7,2str,44,,,,,,,,,,,,
Friday,43110,EU,3.7,2str,43,,,,,,,,,,,,
Friday,43000,EU,3.7,2str,43,,,,,,,,,,,,
Friday,43140,EU,3.7,2str,43,,,,,,,,,,,,
Friday,41330,EU,3.7,2str,41,,,,,,,,,,,,
Friday,42300,EU,3.7,2str,42,,,,,,,,,,,,
Friday,42000,EU,3.7,2str,42,,,,,,,,,,,,
Friday,43000,EU,3.7,2str,43,,,,,,,,,,,,
Friday,41000,EU,3.7,2str,41,,,,,,,,,,,,
Friday,43000,EU,3.7,2str,43,,,,,,,,,,,,
Friday,41000,EU,3.7,2str,41,,,,,,,,,,,,
Friday,41000,EU,3.7,2str,41,,,,,,,,,,,,
Friday,42000,EU,3.7,2str,42,,,,,,,,,,,,
Friday,41000,EU,3.7,2str,41,,,,,,,,,,,,
Friday,41300,EU,3.7,2str,41,,,,,,,,,,,,
Friday,44000,EU,3.7,2str,44,,,,,,,,,,,,
Friday,43000,EU,3.7,2str,43,,,,,,,,,,,,
Friday,44000,EU,3.7,2str,44,,,,,,,,,,,,
Friday,44000,EU,3.7,2str,44,,,,,,,,,,,,
Friday,44300,EU,3.7,2str,44,,,,,,,,,,,,
Friday,43000,EU,3.7,2str,43,,,,,,,,,,,,
Friday,44000,EU,3.7,2str,44,,,,,,,,,,,,
Friday,43000,EU,3.7,2str,43,,,,,,,,,,,,
Friday,44400,EU,3.7,2str,44,,,,,,,,,,,,
Friday,43100,EU,3.7,2str,43,,,,,,,,,,,,
Friday,43000,EU,3.7,2str,43,,,,,,,,,,,,
Friday,41210,EU,3.7,2str,41,,,,,,,,,,,,
Friday,44300,EU,3.7,2str,44,,,,,,,,,,,,
Friday,42000,EU,3.7,2str,42,,,,,,,,,,,,
Friday,41000,EU,3.7,2str,41,,,,,,,,,,,,
Friday,44100,EU,3.7,2str,44,,,,,,,,,,,,
Friday,44300,EU,3.7,2str,44,,,,,,,,,,,,
Friday,42300,EU,3.7,2str,42,,,,,,,,,,,,
Friday,44200,EU,3.7,2str,44,,,,,,,,,,,,
Friday,44200,EU,3.7,2str,44,,,,,,,,,,,,
Friday,42230,EU,3.7,2str,42,,,,,,,,,,,,
Friday,42000,EU,3.7,2str,42,,,,,,,,,,,,
Monday,44330,EU,3.7,2str,44,,,,,,,,,,,,
Monday,42240,EU,3.7,2str,42,,,,,,,,,,,,
Monday,42330,EU,3.7,2str,42,,,,,,,,,,,,
Monday,41210,EU,3.7,2str,41,,,,,,,,,,,,
Monday,42340,EU,3.7,2str,42,,,,,,,,,,,,
Monday,42310,EU,3.7,2str,42,,,,,,,,,,,,
Monday,41200,EU,3.7,2str,41,,,,,,,,,,,,
Monday,42200,EU,3.7,2str,42,,,,,,,,,,,,
Monday,41410,EU,3.7,2str,41,,,,,,,,,,,,
Monday,42110,EU,3.7,2str,42,,,,,,,,,,,,
Monday,43140,EU,3.7,2str,43,,,,,,,,,,,,
Monday,42100,EU,3.7,2str,42,,,,,,,,,,,,
Monday,43400,EU,3.7,2str,43,,,,,,,,,,,,
Monday,43300,EU,3.7,2str,43,,,,,,,,,,,,
Monday,41200,EU,3.7,2str,41,,,,,,,,,,,,
Monday,41410,EU,3.7,2str,41,,,,,,,,,,,,
Monday,42230,EU,3.7,2str,42,,,,,,,,,,,,
Monday,43220,EU,3.7,2str,43,,,,,,,,,,,,
Monday,44330,EU,3.7,2str,44,,,,,,,,,,,,
Monday,41130,EU,3.7,2str,41,,,,,,,,,,,,
Monday,42440,EU,3.7,2str,42,,,,,,,,,,,,
Monday,41230,EU,3.7,2str,41,,,,,,,,,,,,
Monday,44110,EU,3.7,2str,44,,,,,,,,,,,,
Monday,42310,EU,3.7,2str,42,,,,,,,,,,,,
Monday,42440,EU,3.7,2str,42,,,,,,,,,,,,
Monday,44340,EU,3.7,2str,44,,,,,,,,,,,,
Monday,42110,EU,3.7,2str,42,,,,,,,,,,,,
Monday,42120,EU,3.7,2str,42,,,,,,,,,,,,
Monday,41430,EU,3.7,2str,41,,,,,,,,,,,,
Monday,42410,EU,3.7,2str,42,,,,,,,,,,,,
Monday,41110,EU,3.7,2str,41,,,,,,,,,,,,
Monday,44330,EU,3.7,2str,44,,,,,,,,,,,,
Monday,42130,EU,3.7,2str,42,,,,,,,,,,,,
Monday,44440,EU,3.7,2str,44,,,,,,,,,,,,
Monday,42110,EU,3.7,2str,42,,,,,,,,,,,,
Monday,43410,EU,3.7,2str,43,,,,,,,,,,,,
Friday,42100,EU,3.7,2str,42,,,,,,,,,,,,
Friday,44000,EU,3.7,2str,44,,,,,,,,,,,,
Friday,42000,EU,3.7,2str,42,,,,,,,,,,,,
Friday,44000,EU,3.7,2str,44,,,,,,,,,,,,
Friday,44000,EU,3.7,2str,44,,,,,,,,,,,,
Friday,43000,EU,3.7,2str,43,,,,,,,,,,,,
Friday,44000,EU,3.7,2str,44,,,,,,,,,,,,
Friday,43000,EU,3.7,2str,43,,,,,,,,,,,,
Friday,41000,EU,3.7,2str,41,,,,,,,,,,,,
Friday,41444,EU,3.7,3str,414,,,,,,,,,,,,
Friday,41000,EU,3.7,2str,41,,,,,,,,,,,,
Friday,42100,EU,3.7,2str,42,,,,,,,,,,,,
Friday,41000,EU,3.7,2str,41,,,,,,,,,,,,
Friday,43341,EU,3.7,3str,433,,,,,,,,,,,,
Friday,41412,EU,3.7,3str,414,,,,,,,,,,,,
Friday,43100,EU,3.7,2str,43,,,,,,,,,,,,
Friday,42110,EU,3.7,2str,42,,,,,,,,,,,,
Friday,43000,EU,3.7,2str,43,,,,,,,,,,,,
Friday,42320,EU,3.7,2str,42,,,,,,,,,,,,
Friday,42442,EU,3.7,3str,424,,,,,,,,,,,,
Friday,42124,EU,3.7,3str,421,,,,,,,,,,,,
Friday,44000,EU,3.7,2str,44,,,,,,,,,,,,
Friday,43000,EU,3.7,2str,43,,,,,,,,,,,,
Friday,41113,EU,3.7,3str,411,,,,,,,,,,,,
Friday,41300,EU,3.7,2str,41,,,,,,,,,,,,
Friday,41000,EU,3.7,2str,41,,,,,,,,,,,,
Friday,43400,EU,3.7,2str,43,,,,,,,,,,,,
Friday,43100,EU,3.7,2str,43,,,,,,,,,,,,
Friday,43300,EU,3.7,2str,43,,,,,,,,,,,,
Friday,42000,EU,3.7,2str,42,,,,,,,,,,,,
Friday,44400,EU,3.7,2str,44,,,,,,,,,,,,
Friday,43310,EU,3.7,2str,43,,,,,,,,,,,,
Friday,43000,EU,3.7,2str,43,,,,,,,,,,,,
Friday,42000,EU,3.7,2str,42,,,,,,,,,,,,
Friday,44300,EU,3.7,2str,44,,,,,,,,,,,,
Friday,42100,EU,3.7,2str,42,,,,,,,,,,,,
Friday,44200,EU,3.7,2str,44,,,,,,,,,,,,
Friday,42000,EU,3.7,2str,42,,,,,,,,,,,,
Friday,44200,EU,3.7,2str,44,,,,,,,,,,,,
Friday,41320,EU,3.7,2str,41,,,,,,,,,,,,
Friday,41000,EU,3.7,2str,41,,,,,,,,,,,,
Friday,43200,EU,3.7,2str,43,,,,,,,,,,,,
Friday,41400,EU,3.7,2str,41,,,,,,,,,,,,
Friday,44000,EU,3.7,2str,44,,,,,,,,,,,,
Friday,42000,EU,3.7,2str,42,,,,,,,,,,,,
Friday,41300,EU,3.7,2str,41,,,,,,,,,,,,
Friday,44000,EU,3.7,2str,44,,,,,,,,,,,,
Friday,43000,EU,3.7,2str,43,,,,,,,,,,,,
Friday,44000,EU,3.7,2str,44,,,,,,,,,,,,
Friday,41000,EU,3.7,2str,41,,,,,,,,,,,,
Friday,43000,EU,3.7,2str,43,,,,,,,,,,,,
Friday,41000,EU,3.7,2str,41,,,,,,,,,,,,
Friday,44000,EU,3.7,2str,44,,,,,,,,,,,,
Friday,42000,EU,3.7,2str,42,,,,,,,,,,,,
Friday,41000,EU,3.7,2str,41,,,,,,,,,,,,
Friday,42000,EU,3.7,2str,42,,,,,,,,,,,,
Friday,41000,EU,3.7,2str,41,,,,,,,,,,,,
Friday,42000,EU,3.7,2str,42,,,,,,,,,,,,
Friday,43400,EU,3.7,2str,43,,,,,,,,,,,,
Friday,43210,EU,3.7,2str,43,,,,,,,,,,,,
Friday,44100,EU,3.7,2str,44,,,,,,,,,,,,
Friday,41000,EU,3.7,2str,41,,,,,,,,,,,,
Friday,42300,EU,3.7,2str,42,,,,,,,,,,,,
Friday,41300,EU,3.7,2str,41,,,,,,,,,,,,
Friday,44300,EU,3.7,2str,44,,,,,,,,,,,,
Friday,44324,EU,3.7,3str,443,,,,,,,,,,,,
Friday,43100,EU,3.7,2str,43,,,,,,,,,,,,
Friday,42000,EU,3.7,2str,42,,,,,,,,,,,,
Friday,44220,EU,3.7,2str,44,,,,,,,,,,,,
Friday,42300,EU,3.7,2str,42,,,,,,,,,,,,
Friday,44100,EU,3.7,2str,44,,,,,,,,,,,,
Friday,41000,EU,3.7,2str,41,,,,,,,,,,,,
Friday,44411,EU,3.7,3str,444,,,,,,,,,,,,
Friday,41100,EU,3.7,2str,41,,,,,,,,,,,,
Friday,41000,EU,3.7,2str,41,,,,,,,,,,,,
Friday,44000,EU,3.7,2str,44,,,,,,,,,,,,
Friday,41400,EU,3.7,2str,41,,,,,,,,,,,,
Friday,42000,EU,3.7,2str,42,,,,,,,,,,,,
Friday,41000,EU,3.7,2str,41,,,,,,,,,,,,
Friday,41000,EU,3.7,2str,41,,,,,,,,,,,,
Friday,41000,EU,3.7,2str,41,,,,,,,,,,,,
Friday,41000,EU,3.7,2str,41,,,,,,,,,,,,
Friday,41000,EU,3.7,2str,41,,,,,,,,,,,,
Friday,41300,EU,3.7,2str,41,,,,,,,,,,,,
Friday,43000,EU,3.7,2str,43,,,,,,,,,,,,
Friday,43200,EU,3.7,2str,43,,,,,,,,,,,,
Friday,41300,EU,3.7,2str,41,,,,,,,,,,,,
Friday,42123,EU,3.7,3str,421,,,,,,,,,,,,
Friday,43000,EU,3.7,2str,43,,,,,,,,,,,,
Friday,44330,EU,3.7,2str,44,,,,,,,,,,,,
Friday,42000,EU,3.7,2str,42,,,,,,,,,,,,
Friday,42000,EU,3.7,2str,42,,,,,,,,,,,,
Friday,41400,EU,3.7,2str,41,,,,,,,,,,,,
Friday,43241,EU,3.7,3str,432,,,,,,,,,,,,
Friday,43200,EU,3.7,2str,43,,,,,,,,,,,,
Friday,41310,EU,3.7,2str,41,,,,,,,,,,,,
Friday,41100,EU,3.7,2str,41,,,,,,,,,,,,
Friday,42400,EU,3.7,2str,42,,,,,,,,,,,,
Friday,41300,EU,3.7,2str,41,,,,,,,,,,,,
Friday,43200,EU,3.7,2str,43,,,,,,,,,,,,
Friday,43200,EU,3.7,2str,43,,,,,,,,,,,,
Friday,41200,EU,3.7,2str,41,,,,,,,,,,,,
Friday,44000,EU,3.7,2str,44,,,,,,,,,,,,
Friday,44000,EU,3.7,2str,44,,,,,,,,,,,,
Friday,42000,EU,3.7,2str,42,,,,,,,,,,,,
Friday,43000,EU,3.7,2str,43,,,,,,,,,,,,
Friday,41000,EU,3.7,2str,41,,,,,,,,,,,,
Friday,43000,EU,3.7,2str,43,,,,,,,,,,,,
Friday,43000,EU,3.7,2str,43,,,,,,,,,,,,
Friday,41000,EU,3.7,2str,41,,,,,,,,,,,,
Friday,43000,EU,3.7,2str,43,,,,,,,,,,,,
Friday,44300,EU,3.7,2str,44,,,,,,,,,,,,
Friday,43300,EU,3.7,2str,43,,,,,,,,,,,,
Friday,41300,EU,3.7,2str,41,,,,,,,,,,,,
Friday,41100,EU,3.7,2str,41,,,,,,,,,,,,
Friday,43000,EU,3.7,2str,43,,,,,,,,,,,,
Friday,42000,EU,3.7,2str,42,,,,,,,,,,,,
Friday,41200,EU,3.7,2str,41,,,,,,,,,,,,
Friday,41400,EU,3.7,2str,41,,,,,,,,,,,,
Friday,44200,EU,3.7,2str,44,,,,,,,,,,,,
Friday,43000,EU,3.7,2str,43,,,,,,,,,,,,
Friday,42200,EU,3.7,2str,42,,,,,,,,,,,,
Friday,43400,EU,3.7,2str,43,,,,,,,,,,,,
Friday,42100,EU,3.7,2str,42,,,,,,,,,,,,
Friday,44000,EU,3.7,2str,44,,,,,,,,,,,,
Friday,44111,EU,3.7,3str,441,,,,,,,,,,,,
Friday,44424,EU,3.7,3str,444,,,,,,,,,,,,
Friday,44331,EU,3.7,3str,443,,,,,,,,,,,,
Friday,41223,EU,3.7,3str,412,,,,,,,,,,,,
Friday,43412,EU,3.7,3str,434,,,,,,,,,,,,
Friday,42132,EU,3.7,3str,421,,,,,,,,,,,,
Friday,43411,EU,3.7,3str,434,,,,,,,,,,,,
Friday,42211,EU,3.7,3str,422,,,,,,,,,,,,
Friday,43334,EU,3.7,3str,433,,,,,,,,,,,,
Friday,41123,EU,3.7,3str,411,,,,,,,,,,,,
Friday,42122,EU,3.7,3str,421,,,,,,,,,,,,
Friday,43414,EU,3.7,3str,434,,,,,,,,,,,,
Friday,43122,EU,3.7,3str,431,,,,,,,,,,,,
Friday,44121,EU,3.7,3str,441,,,,,,,,,,,,
Friday,42341,EU,3.7,3str,423,,,,,,,,,,,,
Friday,43422,EU,3.7,3str,434,,,,,,,,,,,,
Friday,44434,EU,3.7,3str,444,,,,,,,,,,,,
Friday,44221,EU,3.7,3str,442,,,,,,,,,,,,
Friday,44314,EU,3.7,3str,443,,,,,,,,,,,,
Friday,42421,EU,3.7,3str,424,,,,,,,,,,,,
Friday,44213,EU,3.7,3str,442,,,,,,,,,,,,
Friday,43313,EU,3.7,3str,433,,,,,,,,,,,,
Friday,41412,EU,3.7,3str,414,,,,,,,,,,,,
Friday,41432,EU,3.7,3str,414,,,,,,,,,,,,
Friday,41121,EU,3.7,3str,411,,,,,,,,,,,,
Friday,41432,EU,3.7,3str,414,,,,,,,,,,,,
Friday,41133,EU,3.7,3str,411,,,,,,,,,,,,
Friday,44410,EU,3.7,2str,44,,,,,,,,,,,,
Friday,42414,EU,3.7,3str,424,,,,,,,,,,,,
Friday,42224,EU,3.7,3str,422,,,,,,,,,,,,
Friday,43124,EU,3.7,3str,431,,,,,,,,,,,,
Friday,44413,EU,3.7,3str,444,,,,,,,,,,,,
Friday,43134,EU,3.7,3str,431,,,,,,,,,,,,
Friday,42221,EU,3.7,3str,422,,,,,,,,,,,,
Friday,44343,EU,3.7,3str,443,,,,,,,,,,,,
Friday,44414,EU,3.7,3str,444,,,,,,,,,,,,
Friday,44444,EU,3.7,3str,444,,,,,,,,,,,,
Friday,44332,EU,3.7,3str,443,,,,,,,,,,,,
Friday,44323,EU,3.7,3str,443,,,,,,,,,,,,
Friday,43221,EU,3.7,3str,432,,,,,,,,,,,,
Friday,43332,EU,3.7,3str,433,,,,,,,,,,,,
Friday,43444,EU,3.7,3str,434,,,,,,,,,,,,
Friday,41124,EU,3.7,3str,411,,,,,,,,,,,,
Friday,41233,EU,3.7,3str,412,,,,,,,,,,,,
Friday,43434,EU,3.7,3str,434,,,,,,,,,,,,
Friday,42000,EU,3.7,2str,42,,,,,,,,,,,,
Friday,43421,EU,3.7,3str,434,,,,,,,,,,,,
Friday,43332,EU,3.7,3str,433,,,,,,,,,,,,
Friday,43234,EU,3.7,3str,432,,,,,,,,,,,,
Friday,43221,EU,3.7,3str,432,,,,,,,,,,,,
Friday,43141,EU,3.7,3str,431,,,,,,,,,,,,
Friday,42414,EU,3.7,3str,424,,,,,,,,,,,,
Friday,44313,EU,3.7,3str,443,,,,,,,,,,,,
Friday,41414,EU,3.7,3str,414,,,,,,,,,,,,
Friday,43442,EU,3.7,3str,434,,,,,,,,,,,,
Friday,42222,EU,3.7,3str,422,,,,,,,,,,,,
Friday,43123,EU,3.7,3str,431,,,,,,,,,,,,
Friday,43431,EU,3.7,3str,434,,,,,,,,,,,,
Friday,41242,EU,3.7,3str,412,,,,,,,,,,,,
Friday,44232,EU,3.7,3str,442,,,,,,,,,,,,
Friday,41224,EU,3.7,3str,412,,,,,,,,,,,,
Friday,41120,EU,3.7,2str,41,,,,,,,,,,,,
Friday,44311,EU,3.7,3str,443,,,,,,,,,,,,
Friday,41212,EU,3.7,3str,412,,,,,,,,,,,,
Friday,43133,EU,3.7,3str,431,,,,,,,,,,,,
Friday,44133,EU,3.7,3str,441,,,,,,,,,,,,
Friday,43132,EU,3.7,3str,431,,,,,,,,,,,,
Friday,42312,EU,3.7,3str,423,,,,,,,,,,,,
Friday,42243,EU,3.7,3str,422,,,,,,,,,,,,
Friday,43441,EU,3.7,3str,434,,,,,,,,,,,,
Friday,43223,EU,3.7,3str,432,,,,,,,,,,,,
Friday,41141,EU,3.7,3str,411,,,,,,,,,,,,
Friday,44344,EU,3.7,3str,443,,,,,,,,,,,,
Friday,42311,EU,3.7,3str,423,,,,,,,,,,,,
Friday,41214,EU,3.7,3str,412,,,,,,,,,,,,
Friday,43310,EU,3.7,2str,43,,,,,,,,,,,,
Friday,42433,EU,3.7,3str,424,,,,,,,,,,,,
Friday,43141,EU,3.7,3str,431,,,,,,,,,,,,
Friday,41342,EU,3.7,3str,413,,,,,,,,,,,,
Friday,43141,EU,3.7,3str,431,,,,,,,,,,,,
Friday,42341,EU,3.7,3str,423,,,,,,,,,,,,
Friday,43244,EU,3.7,3str,432,,,,,,,,,,,,
Friday,42224,EU,3.7,3str,422,,,,,,,,,,,,
Friday,43114,EU,3.7,3str,431,,,,,,,,,,,,
Friday,41144,EU,3.7,3str,411,,,,,,,,,,,,
Friday,42144,EU,3.7,3str,421,,,,,,,,,,,,
Friday,43321,EU,3.7,3str,433,,,,,,,,,,,,
Friday,44243,EU,3.7,3str,442,,,,,,,,,,,,
Friday,43323,EU,3.7,3str,433,,,,,,,,,,,,
Friday,43221,EU,3.7,3str,432,,,,,,,,,,,,
Friday,41323,EU,3.7,3str,413,,,,,,,,,,,,
Friday,43242,EU,3.7,3str,432,,,,,,,,,,,,
Friday,42113,EU,3.7,3str,421,,,,,,,,,,,,
Friday,41441,EU,3.7,3str,414,,,,,,,,,,,,
Friday,42133,EU,3.7,3str,421,,,,,,,,,,,,
Friday,43132,EU,3.7,3str,431,,,,,,,,,,,,
Friday,41421,EU,3.7,3str,414,,,,,,,,,,,,
Friday,43111,EU,3.7,3str,431,,,,,,,,,,,,
Friday,41321,EU,3.7,3str,413,,,,,,,,,,,,
Friday,41124,EU,3.7,3str,411,,,,,,,,,,,,
Friday,43221,EU,3.7,3str,432,,,,,,,,,,,,
Friday,43431,EU,3.7,3str,434,,,,,,,,,,,,
Friday,42131,EU,3.7,3str,421,,,,,,,,,,,,
Friday,44131,EU,3.7,3str,441,,,,,,,,,,,,
Friday,41411,EU,3.7,3str,414,,,,,,,,,,,,
Friday,43411,EU,3.7,3str,434,,,,,,,,,,,,
Friday,43233,EU,3.7,3str,432,,,,,,,,,,,,
Friday,43414,EU,3.7,3str,434,,,,,,,,,,,,
Friday,43000,EU,3.7,2str,43,,,,,,,,,,,,
Thursday,41000,EU,3.7,2str,41,,,,,,,,,,,,
Thursday,44000,EU,3.7,2str,44,,,,,,,,,,,,
Thursday,41000,EU,3.7,2str,41,,,,,,,,,,,,
Thursday,44000,EU,3.7,2str,44,,,,,,,,,,,,
Thursday,42000,EU,3.7,2str,42,,,,,,,,,,,,
Thursday,42000,EU,3.7,2str,42,,,,,,,,,,,,
Thursday,44000,EU,3.7,2str,44,,,,,,,,,,,,
Thursday,41000,EU,3.7,2str,41,,,,,,,,,,,,
Thursday,44000,EU,3.7,2str,44,,,,,,,,,,,,
Thursday,41000,EU,3.7,2str,41,,,,,,,,,,,,
Thursday,44000,EU,3.7,2str,44,,,,,,,,,,,,
Thursday,41000,EU,3.7,2str,41,,,,,,,,,,,,
Thursday,42000,EU,3.7,2str,42,,,,,,,,,,,,
Thursday,43000,EU,3.7,2str,43,,,,,,,,,,,,
Thursday,43000,EU,3.7,2str,43,,,,,,,,,,,,
Thursday,43000,EU,3.7,2str,43,,,,,,,,,,,,
Thursday,44000,EU,3.7,2str,44,,,,,,,,,,,,
Thursday,41000,EU,3.7,2str,41,,,,,,,,,,,,
Thursday,43000,EU,3.7,2str,43,,,,,,,,,,,,
Thursday,43000,EU,3.7,2str,43,,,,,,,,,,,,
Thursday,42000,EU,3.7,2str,42,,,,,,,,,,,,
Thursday,41000,EU,3.7,2str,41,,,,,,,,,,,,
Thursday,44000,EU,3.7,2str,44,,,,,,,,,,,,
Thursday,43000,EU,3.7,2str,43,,,,,,,,,,,,
Thursday,41000,EU,3.7,2str,41,,,,,,,,,,,,
Thursday,43000,EU,3.7,2str,43,,,,,,,,,,,,
Thursday,41000,EU,3.7,2str,41,,,,,,,,,,,,
Thursday,42000,EU,3.7,2str,42,,,,,,,,,,,,
Thursday,43210,EU,3.7,2str,43,,,,,,,,,,,,
Thursday,41200,EU,3.7,2str,41,,,,,,,,,,,,
Thursday,41000,EU,3.7,2str,41,,,,,,,,,,,,
Thursday,42000,EU,3.7,2str,42,,,,,,,,,,,,
Thursday,41000,EU,3.7,2str,41,,,,,,,,,,,,
Thursday,41000,EU,3.7,2str,41,,,,,,,,,,,,
Thursday,43000,EU,3.7,2str,43,,,,,,,,,,,,
Thursday,42000,EU,3.7,2str,42,,,,,,,,,,,,
Thursday,43000,EU,3.7,2str,43,,,,,,,,,,,,
Thursday,41000,EU,3.7,2str,41,,,,,,,,,,,,
Thursday,42300,EU,3.7,2str,42,,,,,,,,,,,,
Thursday,44000,EU,3.7,2str,44,,,,,,,,,,,,
Thursday,44000,EU,3.7,2str,44,,,,,,,,,,,,
Thursday,43000,EU,3.7,2str,43,,,,,,,,,,,,
Thursday,42000,EU,3.7,2str,42,,,,,,,,,,,,
Thursday,43000,EU,3.7,2str,43,,,,,,,,,,,,
Thursday,44000,EU,3.7,2str,44,,,,,,,,,,,,
Thursday,42200,EU,3.7,2str,42,,,,,,,,,,,,
Thursday,44000,EU,3.7,2str,44,,,,,,,,,,,,
Thursday,43000,EU,3.7,2str,43,,,,,,,,,,,,
Thursday,41000,EU,3.7,2str,41,,,,,,,,,,,,
Thursday,44000,EU,3.7,2str,44,,,,,,,,,,,,
Thursday,44000,EU,3.7,2str,44,,,,,,,,,,,,
Thursday,43000,EU,3.7,2str,43,,,,,,,,,,,,
Thursday,41000,EU,3.7,2str,41,,,,,,,,,,,,
Thursday,42200,EU,3.7,2str,42,,,,,,,,,,,,
Thursday,42100,EU,3.7,2str,42,,,,,,,,,,,,
Thursday,43000,EU,3.7,2str,43,,,,,,,,,,,,
Thursday,44200,EU,3.7,2str,44,,,,,,,,,,,,
Thursday,43000,EU,3.7,2str,43,,,,,,,,,,,,
Thursday,44000,EU,3.7,2str,44,,,,,,,,,,,,
Thursday,42300,EU,3.7,2str,42,,,,,,,,,,,,
Thursday,41400,EU,3.7,2str,41,,,,,,,,,,,,
Thursday,42200,EU,3.7,2str,42,,,,,,,,,,,,
Thursday,43300,EU,3.7,2str,43,,,,,,,,,,,,
Thursday,44200,EU,3.7,2str,44,,,,,,,,,,,,
Thursday,41100,EU,3.7,2str,41,,,,,,,,,,,,
Thursday,42000,EU,3.7,2str,42,,,,,,,,,,,,
Thursday,43000,EU,3.7,2str,43,,,,,,,,,,,,
Thursday,44100,EU,3.7,2str,44,,,,,,,,,,,,
Thursday,43100,EU,3.7,2str,43,,,,,,,,,,,,
Thursday,43000,EU,3.7,2str,43,,,,,,,,,,,,
Thursday,41100,EU,3.7,2str,41,,,,,,,,,,,,
Thursday,44000,EU,3.7,2str,44,,,,,,,,,,,,
Thursday,41000,EU,3.7,2str,41,,,,,,,,,,,,
Thursday,42000,EU,3.7,2str,42,,,,,,,,,,,,
Thursday,41000,EU,3.7,2str,41,,,,,,,,,,,,
Thursday,41300,EU,3.7,2str,41,,,,,,,,,,,,
Thursday,41300,EU,3.7,2str,41,,,,,,,,,,,,
Thursday,44000,EU,3.7,2str,44,,,,,,,,,,,,
Thursday,44000,EU,3.7,2str,44,,,,,,,,,,,,
Thursday,44000,EU,3.7,2str,44,,,,,,,,,,,,
Thursday,44000,EU,3.7,2str,44,,,,,,,,,,,,
Thursday,44000,EU,3.7,2str,44,,,,,,,,,,,,
Thursday,41000,EU,3.7,2str,41,,,,,,,,,,,,
Thursday,43000,EU,3.7,2str,43,,,,,,,,,,,,
Thursday,43000,EU,3.7,2str,43,,,,,,,,,,,,
Thursday,43000,EU,3.7,2str,43,,,,,,,,,,,,
Thursday,43000,EU,3.7,2str,43,,,,,,,,,,,,
Thursday,42000,EU,3.7,2str,42,,,,,,,,,,,,
Thursday,42000,EU,3.7,2str,42,,,,,,,,,,,,
Thursday,44000,EU,3.7,2str,44,,,,,,,,,,,,
Thursday,44000,EU,3.7,2str,44,,,,,,,,,,,,
Thursday,43000,EU,3.7,2str,43,,,,,,,,,,,,
Thursday,41000,EU,3.7,2str,41,,,,,,,,,,,,
Thursday,44000,EU,3.7,2str,44,,,,,,,,,,,,
Thursday,44000,EU,3.7,2str,44,,,,,,,,,,,,
Thursday,42000,EU,3.7,2str,42,,,,,,,,,,,,
Thursday,43000,EU,3.7,2str,43,,,,,,,,,,,,
Thursday,41000,EU,3.7,2str,41,,,,,,,,,,,,
Thursday,41000,EU,3.7,2str,41,,,,,,,,,,,,
Thursday,42000,EU,3.7,2str,42,,,,,,,,,,,,
Thursday,43200,EU,3.7,2str,43,,,,,,,,,,,,
Thursday,43000,EU,3.7,2str,43,,,,,,,,,,,,
Thursday,44000,EU,3.7,2str,44,,,,,,,,,,,,
Thursday,41000,EU,3.7,2str,41,,,,,,,,,,,,
Thursday,42000,EU,3.7,2str,42,,,,,,,,,,,,
Thursday,41000,EU,3.7,2str,41,,,,,,,,,,,,
Thursday,42000,EU,3.7,2str,42,,,,,,,,,,,,
Thursday,44000,EU,3.7,2str,44,,,,,,,,,,,,
Thursday,41000,EU,3.7,2str,41,,,,,,,,,,,,
Thursday,43000,EU,3.7,2str,43,,,,,,,,,,,,
Thursday,42100,EU,3.7,2str,42,,,,,,,,,,,,
Thursday,44200,EU,3.7,2str,44,,,,,,,,,,,,
Thursday,43200,EU,3.7,2str,43,,,,,,,,,,,,
Thursday,44000,EU,3.7,2str,44,,,,,,,,,,,,
Thursday,41400,EU,3.7,2str,41,,,,,,,,,,,,
Thursday,44000,EU,3.7,2str,44,,,,,,,,,,,,
Thursday,41400,EU,3.7,2str,41,,,,,,,,,,,,
Thursday,41400,EU,3.7,2str,41,,,,,,,,,,,,
Sunday,41341,EU,3.6,3str,413,,,,,,,,,,,,
Sunday,41342,EU,3.6,3str,413,,,,,,,,,,,,
Sunday,41342,EU,3.6,3str,413,,,,,,,,,,,,
Sunday,42230,EU,3.6,2str,42,,,,,,,,,,,,
Sunday,42241,EU,3.6,3str,422,,,,,,,,,,,,
Sunday,42321,EU,3.6,3str,423,,,,,,,,,,,,
Sunday,43221,EU,3.6,3str,432,,,,,,,,,,,,
Sunday,43313,EU,3.6,3str,433,,,,,,,,,,,,
Sunday,44134,EU,3.6,3str,441,,,,,,,,,,,,
Sunday,44144,EU,3.6,3str,441,,,,,,,,,,,,
Sunday,44334,EU,3.6,3str,443,,,,,,,,,,,,
Sunday,44444,EU,3.6,3str,444,,,,,,,,,,,,
Monday,41121,EU,3.6,3str,411,,,,,,,,,,,,
Monday,44232,EU,3.6,3str,442,,,,,,,,,,,,
Monday,44234,EU,3.6,3str,442,,,,,,,,,,,,
Monday,44433,EU,3.6,3str,444,,,,,,,,,,,,
Monday,44444,EU,3.6,3str,444,,,,,,,,,,,,
Tuesday,41133,EU,3.6,3str,411,,,,,,,,,,,,
Tuesday,41142,EU,3.6,3str,411,,,,,,,,,,,,
Tuesday,41211,EU,3.6,3str,412,,,,,,,,,,,,
Tuesday,42232,EU,3.6,3str,422,,,,,,,,,,,,
Tuesday,44421,EU,3.6,3str,444,,,,,,,,,,,,
Wednesday,41114,EU,3.6,3str,411,,,,,,,,,,,,
Wednesday,41122,EU,3.6,3str,411,,,,,,,,,,,,
Wednesday,41412,EU,3.6,3str,414,,,,,,,,,,,,
Wednesday,41432,EU,3.6,3str,414,,,,,,,,,,,,
Wednesday,42413,EU,3.6,3str,424,,,,,,,,,,,,
Wednesday,43132,EU,3.6,3str,431,,,,,,,,,,,,
Wednesday,43210,EU,3.6,2str,43,,,,,,,,,,,,
Wednesday,43432,EU,3.6,3str,434,,,,,,,,,,,,
Wednesday,44113,EU,3.6,3str,441,,,,,,,,,,,,
Wednesday,44313,EU,3.6,3str,443,,,,,,,,,,,,
Wednesday,44331,EU,3.6,3str,443,,,,,,,,,,,,
Wednesday,44432,EU,3.6,3str,444,,,,,,,,,,,,
Thursday,41140,EU,3.6,2str,41,,,,,,,,,,,,
Thursday,41312,EU,3.6,3str,413,,,,,,,,,,,,
Thursday,41344,EU,3.6,3str,413,,,,,,,,,,,,
Thursday,41421,EU,3.6,3str,414,,,,,,,,,,,,
Thursday,42124,EU,3.6,3str,421,,,,,,,,,,,,
Thursday,42143,EU,3.6,3str,421,,,,,,,,,,,,
Thursday,42212,EU,3.6,3str,422,,,,,,,,,,,,
Thursday,42411,EU,3.6,3str,424,,,,,,,,,,,,
Thursday,42412,EU,3.6,3str,424,,,,,,,,,,,,
Thursday,42434,EU,3.6,3str,424,,,,,,,,,,,,
Thursday,42441,EU,3.6,3str,424,,,,,,,,,,,,
Thursday,43144,EU,3.6,3str,431,,,,,,,,,,,,
Thursday,43231,EU,3.6,3str,432,,,,,,,,,,,,
Thursday,43243,EU,3.6,3str,432,,,,,,,,,,,,
Thursday,43320,EU,3.6,2str,43,,,,,,,,,,,,
Thursday,43331,EU,3.6,3str,433,,,,,,,,,,,,
Thursday,43443,EU,3.6,3str,434,,,,,,,,,,,,
Thursday,44242,EU,3.6,3str,442,,,,,,,,,,,,
Thursday,44322,EU,3.6,3str,443,,,,,,,,,,,,
Thursday,44323,EU,3.6,3str,443,,,,,,,,,,,,
Thursday,44332,EU,3.6,3str,443,,,,,,,,,,,,
Thursday,44341,EU,3.6,3str,443,,,,,,,,,,,,
Friday,41113,EU,3.6,3str,411,,,,,,,,,,,,
Friday,42141,EU,3.6,3str,421,,,,,,,,,,,,
Friday,42322,EU,3.6,3str,423,,,,,,,,,,,,
Friday,42334,EU,3.6,3str,423,,,,,,,,,,,,
Friday,43121,EU,3.6,3str,431,,,,,,,,,,,,
Friday,43233,EU,3.6,3str,432,,,,,,,,,,,,
Friday,44131,EU,3.6,3str,441,,,,,,,,,,,,
Saturday,41112,EU,3.6,3str,411,,,,,,,,,,,,
Saturday,41134,EU,3.6,3str,411,,,,,,,,,,,,
Saturday,41244,EU,3.6,3str,412,,,,,,,,,,,,
Saturday,41311,EU,3.6,3str,413,,,,,,,,,,,,
Saturday,41322,EU,3.6,3str,413,,,,,,,,,,,,
Saturday,41411,EU,3.6,3str,414,,,,,,,,,,,,
Saturday,41424,EU,3.6,3str,414,,,,,,,,,,,,
Saturday,41442,EU,3.6,3str,414,,,,,,,,,,,,
Saturday,42132,EU,3.6,3str,421,,,,,,,,,,,,
Saturday,42224,EU,3.6,3str,422,,,,,,,,,,,,
Saturday,42313,EU,3.6,3str,423,,,,,,,,,,,,
Saturday,43123,EU,3.6,3str,431,,,,,,,,,,,,
Saturday,43142,EU,3.6,3str,431,,,,,,,,,,,,
Saturday,43211,EU,3.6,3str,432,,,,,,,,,,,,
Saturday,43322,EU,3.6,3str,433,,,,,,,,,,,,
Saturday,43342,EU,3.6,3str,433,,,,,,,,,,,,
Saturday,44124,EU,3.6,3str,441,,,,,,,,,,,,
Saturday,44212,EU,3.6,3str,442,,,,,,,,,,,,
Saturday,44423,EU,3.6,3str,444,,,,,,,,,,,,
Sunday,41100,EU,3.6,2str,41,,,,,,,,,,,,
Sunday,41310,EU,3.6,2str,41,,,,,,,,,,,,
Sunday,41320,EU,3.6,2str,41,,,,,,,,,,,,
Sunday,41341,EU,3.6,3str,413,,,,,,,,,,,,
Sunday,41342,EU,3.6,3str,413,,,,,,,,,,,,
Sunday,41342,EU,3.6,3str,413,,,,,,,,,,,,
Sunday,41410,EU,3.6,2str,41,,,,,,,,,,,,
Sunday,42230,EU,3.6,2str,42,,,,,,,,,,,,
Sunday,42241,EU,3.6,3str,422,,,,,,,,,,,,
Sunday,42310,EU,3.6,2str,42,,,,,,,,,,,,
Sunday,42321,EU,3.6,3str,423,,,,,,,,,,,,
Sunday,42420,EU,3.6,2str,42,,,,,,,,,,,,
Sunday,43220,EU,3.6,2str,43,,,,,,,,,,,,
Sunday,43221,EU,3.6,3str,432,,,,,,,,,,,,
Sunday,43230,EU,3.6,2str,43,,,,,,,,,,,,
Sunday,43230,EU,3.6,2str,43,,,,,,,,,,,,
Sunday,43313,EU,3.6,3str,433,,,,,,,,,,,,
Sunday,43320,EU,3.6,2str,43,,,,,,,,,,,,
Sunday,44134,EU,3.6,3str,441,,,,,,,,,,,,
Sunday,44140,EU,3.6,2str,44,,,,,,,,,,,,
Sunday,44144,EU,3.6,3str,441,,,,,,,,,,,,
Sunday,44334,EU,3.6,3str,443,,,,,,,,,,,,
Sunday,44340,EU,3.6,2str,44,,,,,,,,,,,,
Sunday,44340,EU,3.6,2str,44,,,,,,,,,,,,
Sunday,44444,EU,3.6,3str,444,,,,,,,,,,,,
Monday,41121,EU,3.6,3str,411,,,,,,,,,,,,
Monday,41242,EU,3.6,3str,412,,,,,,,,,,,,
Monday,41320,EU,3.6,2str,41,,,,,,,,,,,,
Monday,41420,EU,3.6,2str,41,,,,,,,,,,,,
Monday,42130,EU,3.6,2str,42,,,,,,,,,,,,
Monday,42320,EU,3.6,2str,42,,,,,,,,,,,,
Monday,42340,EU,3.6,2str,42,,,,,,,,,,,,
Monday,42430,EU,3.6,2str,42,,,,,,,,,,,,
Monday,43000,EU,3.6,2str,43,,,,,,,,,,,,
Monday,43110,EU,3.6,2str,43,,,,,,,,,,,,
Monday,43130,EU,3.6,2str,43,,,,,,,,,,,,
Monday,43210,EU,3.6,2str,43,,,,,,,,,,,,
Monday,43240,EU,3.6,2str,43,,,,,,,,,,,,
Monday,43310,EU,3.6,2str,43,,,,,,,,,,,,
Monday,44232,EU,3.6,3str,442,,,,,,,,,,,,
Monday,44232,EU,3.6,3str,442,,,,,,,,,,,,
Monday,44234,EU,3.6,3str,442,,,,,,,,,,,,
Monday,44320,EU,3.6,2str,44,,,,,,,,,,,,
Monday,44433,EU,3.6,3str,444,,,,,,,,,,,,
Monday,44434,EU,3.6,3str,444,,,,,,,,,,,,
Monday,44444,EU,3.6,3str,444,,,,,,,,,,,,
Tuesday,41130,EU,3.6,2str,41,,,,,,,,,,,,
Tuesday,41133,EU,3.6,3str,411,,,,,,,,,,,,
Tuesday,41142,EU,3.6,3str,411,,,,,,,,,,,,
Tuesday,41211,EU,3.6,3str,412,,,,,,,,,,,,
Tuesday,41220,EU,3.6,2str,41,,,,,,,,,,,,
Tuesday,41400,EU,3.6,2str,41,,,,,,,,,,,,
Tuesday,42220,EU,3.6,2str,42,,,,,,,,,,,,
Tuesday,42232,EU,3.6,3str,422,,,,,,,,,,,,
Tuesday,42320,EU,3.6,2str,42,,,,,,,,,,,,
Tuesday,42424,EU,3.6,3str,424,,,,,,,,,,,,
Tuesday,43220,EU,3.6,2str,43,,,,,,,,,,,,
Tuesday,43240,EU,3.6,2str,43,,,,,,,,,,,,
Tuesday,43334,EU,3.6,3str,433,,,,,,,,,,,,
Tuesday,44421,EU,3.6,3str,444,,,,,,,,,,,,
Wednesday,41114,EU,3.6,3str,411,,,,,,,,,,,,
Wednesday,41120,EU,3.6,2str,41,,,,,,,,,,,,
Wednesday,41122,EU,3.6,3str,411,,,,,,,,,,,,
Wednesday,41220,EU,3.6,2str,41,,,,,,,,,,,,
Wednesday,41220,EU,3.6,2str,41,,,,,,,,,,,,
Wednesday,41221,EU,3.6,3str,412,,,,,,,,,,,,
Wednesday,41320,EU,3.6,2str,41,,,,,,,,,,,,
Wednesday,41330,EU,3.6,2str,41,,,,,,,,,,,,
Wednesday,41330,EU,3.6,2str,41,,,,,,,,,,,,
Wednesday,41400,EU,3.6,2str,41,,,,,,,,,,,,
Wednesday,41412,EU,3.6,3str,414,,,,,,,,,,,,
Wednesday,41420,EU,3.6,2str,41,,,,,,,,,,,,
Wednesday,41432,EU,3.6,3str,414,,,,,,,,,,,,
Wednesday,42100,EU,3.6,2str,42,,,,,,,,,,,,
Wednesday,42100,EU,3.6,2str,42,,,,,,,,,,,,
Wednesday,42111,EU,3.6,3str,421,,,,,,,,,,,,
Wednesday,42120,EU,3.6,2str,42,,,,,,,,,,,,
Wednesday,42210,EU,3.6,2str,42,,,,,,,,,,,,
Wednesday,42220,EU,3.6,2str,42,,,,,,,,,,,,
Wednesday,42240,EU,3.6,2str,42,,,,,,,,,,,,
Wednesday,42300,EU,3.6,2str,42,,,,,,,,,,,,
Wednesday,42300,EU,3.6,2str,42,,,,,,,,,,,,
Wednesday,42320,EU,3.6,2str,42,,,,,,,,,,,,
Wednesday,42330,EU,3.6,2str,42,,,,,,,,,,,,
Wednesday,42413,EU,3.6,3str,424,,,,,,,,,,,,
Wednesday,43110,EU,3.6,2str,43,,,,,,,,,,,,
Wednesday,43110,EU,3.6,2str,43,,,,,,,,,,,,
Wednesday,43130,EU,3.6,2str,43,,,,,,,,,,,,
Wednesday,43132,EU,3.6,3str,431,,,,,,,,,,,,
Wednesday,43140,EU,3.6,2str,43,,,,,,,,,,,,
Wednesday,43210,EU,3.6,2str,43,,,,,,,,,,,,
Wednesday,43330,EU,3.6,2str,43,,,,,,,,,,,,
Wednesday,43334,EU,3.6,3str,433,,,,,,,,,,,,
Wednesday,43340,EU,3.6,2str,43,,,,,,,,,,,,
Wednesday,43430,EU,3.6,2str,43,,,,,,,,,,,,
Wednesday,43432,EU,3.6,3str,434,,,,,,,,,,,,
Wednesday,43434,EU,3.6,3str,434,,,,,,,,,,,,
Wednesday,44110,EU,3.6,2str,44,,,,,,,,,,,,
Wednesday,44110,EU,3.6,2str,44,,,,,,,,,,,,
Wednesday,44113,EU,3.6,3str,441,,,,,,,,,,,,
Wednesday,44120,EU,3.6,2str,44,,,,,,,,,,,,
Wednesday,44130,EU,3.6,2str,44,,,,,,,,,,,,
Wednesday,44240,EU,3.6,2str,44,,,,,,,,,,,,
Wednesday,44313,EU,3.6,3str,443,,,,,,,,,,,,
Wednesday,44320,EU,3.6,2str,44,,,,,,,,,,,,
Wednesday,44331,EU,3.6,3str,443,,,,,,,,,,,,
Wednesday,44340,EU,3.6,2str,44,,,,,,,,,,,,
Wednesday,44340,EU,3.6,2str,44,,,,,,,,,,,,
Wednesday,44410,EU,3.6,2str,44,,,,,,,,,,,,
Wednesday,44420,EU,3.6,2str,44,,,,,,,,,,,,
Wednesday,44432,EU,3.6,3str,444,,,,,,,,,,,,
Wednesday,44440,EU,3.6,2str,44,,,,,,,,,,,,
Wednesday,44440,EU,3.6,2str,44,,,,,,,,,,,,
Thursday,41140,EU,3.6,2str,41,,,,,,,,,,,,
Thursday,41312,EU,3.6,3str,413,,,,,,,,,,,,
Thursday,41344,EU,3.6,3str,413,,,,,,,,,,,,
Thursday,41421,EU,3.6,3str,414,,,,,,,,,,,,
Thursday,42000,EU,3.6,2str,42,,,,,,,,,,,,
Thursday,42124,EU,3.6,3str,421,,,,,,,,,,,,
Thursday,42143,EU,3.6,3str,421,,,,,,,,,,,,
Thursday,42212,EU,3.6,3str,422,,,,,,,,,,,,
Thursday,42411,EU,3.6,3str,424,,,,,,,,,,,,
Thursday,42412,EU,3.6,3str,424,,,,,,,,,,,,
Thursday,42434,EU,3.6,3str,424,,,,,,,,,,,,
Thursday,42441,EU,3.6,3str,424,,,,,,,,,,,,
Thursday,42443,EU,3.6,3str,424,,,,,,,,,,,,
Thursday,43144,EU,3.6,3str,431,,,,,,,,,,,,
Thursday,43231,EU,3.6,3str,432,,,,,,,,,,,,
Thursday,43243,EU,3.6,3str,432,,,,,,,,,,,,
Thursday,43320,EU,3.6,2str,43,,,,,,,,,,,,
Thursday,43331,EU,3.6,3str,433,,,,,,,,,,,,
Thursday,43443,EU,3.6,3str,434,,,,,,,,,,,,
Thursday,44233,EU,3.6,3str,442,,,,,,,,,,,,
Thursday,44242,EU,3.6,3str,442,,,,,,,,,,,,
Thursday,44322,EU,3.6,3str,443,,,,,,,,,,,,
Thursday,44323,EU,3.6,3str,443,,,,,,,,,,,,
Thursday,44332,EU,3.6,3str,443,,,,,,,,,,,,
Thursday,44341,EU,3.6,3str,443,,,,,,,,,,,,
Friday,41113,EU,3.6,3str,411,,,,,,,,,,,,
Friday,41120,EU,3.6,2str,41,,,,,,,,,,,,
Friday,41130,EU,3.6,2str,41,,,,,,,,,,,,
Friday,41222,EU,3.6,3str,412,,,,,,,,,,,,
Friday,42141,EU,3.6,3str,421,,,,,,,,,,,,
Friday,42322,EU,3.6,3str,423,,,,,,,,,,,,
Friday,42334,EU,3.6,3str,423,,,,,,,,,,,,
Friday,43121,EU,3.6,3str,431,,,,,,,,,,,,
Friday,43233,EU,3.6,3str,432,,,,,,,,,,,,
Friday,43441,EU,3.6,3str,434,,,,,,,,,,,,
Friday,44120,EU,3.6,2str,44,,,,,,,,,,,,
Friday,44131,EU,3.6,3str,441,,,,,,,,,,,,
Friday,44320,EU,3.6,2str,44,,,,,,,,,,,,
Saturday,41100,EU,3.6,2str,41,,,,,,,,,,,,
Saturday,41112,EU,3.6,3str,411,,,,,,,,,,,,
Saturday,41120,EU,3.6,2str,41,,,,,,,,,,,,
Saturday,41120,EU,3.6,2str,41,,,,,,,,,,,,
Saturday,41134,EU,3.6,3str,411,,,,,,,,,,,,
Saturday,41220,EU,3.6,2str,41,,,,,,,,,,,,
Saturday,41220,EU,3.6,2str,41,,,,,,,,,,,,
Saturday,41220,EU,3.6,2str,41,,,,,,,,,,,,
Saturday,41220,EU,3.6,2str,41,,,,,,,,,,,,
Saturday,41220,EU,3.6,2str,41,,,,,,,,,,,,
Saturday,41220,EU,3.6,2str,41,,,,,,,,,,,,
Saturday,41244,EU,3.6,3str,412,,,,,,,,,,,,
Saturday,41311,EU,3.6,3str,413,,,,,,,,,,,,
Saturday,41322,EU,3.6,3str,413,,,,,,,,,,,,
Saturday,41410,EU,3.6,2str,41,,,,,,,,,,,,
Saturday,41410,EU,3.6,2str,41,,,,,,,,,,,,
Saturday,41411,EU,3.6,3str,414,,,,,,,,,,,,
Saturday,41420,EU,3.6,2str,41,,,,,,,,,,,,
Saturday,41424,EU,3.6,3str,414,,,,,,,,,,,,
Saturday,41430,EU,3.6,2str,41,,,,,,,,,,,,
Saturday,41430,EU,3.6,2str,41,,,,,,,,,,,,
Saturday,41442,EU,3.6,3str,414,,,,,,,,,,,,
Saturday,42110,EU,3.6,2str,42,,,,,,,,,,,,
Saturday,42110,EU,3.6,2str,42,,,,,,,,,,,,
Saturday,42132,EU,3.6,3str,421,,,,,,,,,,,,
Saturday,42224,EU,3.6,3str,422,,,,,,,,,,,,
Saturday,42230,EU,3.6,2str,42,,,,,,,,,,,,
Saturday,42230,EU,3.6,2str,42,,,,,,,,,,,,
Saturday,42310,EU,3.6,2str,42,,,,,,,,,,,,
Saturday,42313,EU,3.6,3str,423,,,,,,,,,,,,
Saturday,42320,EU,3.6,2str,42,,,,,,,,,,,,
Saturday,42320,EU,3.6,2str,42,,,,,,,,,,,,
Saturday,42410,EU,3.6,2str,42,,,,,,,,,,,,
Saturday,42420,EU,3.6,2str,42,,,,,,,,,,,,
Saturday,42420,EU,3.6,2str,42,,,,,,,,,,,,
Saturday,42430,EU,3.6,2str,42,,,,,,,,,,,,
Saturday,42430,EU,3.6,2str,42,,,,,,,,,,,,
Saturday,42440,EU,3.6,2str,42,,,,,,,,,,,,
Saturday,42440,EU,3.6,2str,42,,,,,,,,,,,,
Saturday,42440,EU,3.6,2str,42,,,,,,,,,,,,
Saturday,43120,EU,3.6,2str,43,,,,,,,,,,,,
Saturday,43120,EU,3.6,2str,43,,,,,,,,,,,,
Saturday,43123,EU,3.6,3str,431,,,,,,,,,,,,
Saturday,43142,EU,3.6,3str,431,,,,,,,,,,,,
Saturday,43210,EU,3.6,2str,43,,,,,,,,,,,,
Saturday,43210,EU,3.6,2str,43,,,,,,,,,,,,
Saturday,43211,EU,3.6,3str,432,,,,,,,,,,,,
Saturday,43230,EU,3.6,2str,43,,,,,,,,,,,,
Saturday,43240,EU,3.6,2str,43,,,,,,,,,,,,
Saturday,43240,EU,3.6,2str,43,,,,,,,,,,,,
Saturday,43240,EU,3.6,2str,43,,,,,,,,,,,,
Saturday,43310,EU,3.6,2str,43,,,,,,,,,,,,
Saturday,43310,EU,3.6,2str,43,,,,,,,,,,,,
Saturday,43310,EU,3.6,2str,43,,,,,,,,,,,,
Saturday,43320,EU,3.6,2str,43,,,,,,,,,,,,
Saturday,43322,EU,3.6,3str,433,,,,,,,,,,,,
Saturday,43342,EU,3.6,3str,433,,,,,,,,,,,,
Saturday,43410,EU,3.6,2str,43,,,,,,,,,,,,
Saturday,43410,EU,3.6,2str,43,,,,,,,,,,,,
Saturday,43410,EU,3.6,2str,43,,,,,,,,,,,,
Saturday,43420,EU,3.6,2str,43,,,,,,,,,,,,
Saturday,43420,EU,3.6,2str,43,,,,,,,,,,,,
Saturday,43430,EU,3.6,2str,43,,,,,,,,,,,,
Saturday,44110,EU,3.6,2str,44,,,,,,,,,,,,
Saturday,44124,EU,3.6,3str,441,,,,,,,,,,,,
Saturday,44130,EU,3.6,2str,44,,,,,,,,,,,,
Saturday,44130,EU,3.6,2str,44,,,,,,,,,,,,
Saturday,44130,EU,3.6,2str,44,,,,,,,,,,,,
Saturday,44210,EU,3.6,2str,44,,,,,,,,,,,,
Saturday,44210,EU,3.6,2str,44,,,,,,,,,,,,
Saturday,44210,EU,3.6,2str,44,,,,,,,,,,,,
Saturday,44210,EU,3.6,2str,44,,,,,,,,,,,,
Saturday,44212,EU,3.6,3str,442,,,,,,,,,,,,
Saturday,44220,EU,3.6,2str,44,,,,,,,,,,,,
Saturday,44240,EU,3.6,2str,44,,,,,,,,,,,,
Saturday,44320,EU,3.6,2str,44,,,,,,,,,,,,
Saturday,44322,EU,3.6,3str,443,,,,,,,,,,,,
Saturday,44330,EU,3.6,2str,44,,,,,,,,,,,,
Saturday,44330,EU,3.6,2str,44,,,,,,,,,,,,
Saturday,44420,EU,3.6,2str,44,,,,,,,,,,,,
Saturday,44420,EU,3.6,2str,44,,,,,,,,,,,,
Saturday,44423,EU,3.6,3str,444,,,,,,,,,,,,
Wednesday,43400,EU,3.6,2str,43,,,,,,,,,,,,
Wednesday,42300,EU,3.6,2str,42,,,,,,,,,,,,
Wednesday,44100,EU,3.6,2str,44,,,,,,,,,,,,
Wednesday,41100,EU,3.6,2str,41,,,,,,,,,,,,
Wednesday,42330,EU,3.6,2str,42,,,,,,,,,,,,
Thursday,42440,EU,3.6,2str,42,,,,,,,,,,,,
Thursday,44100,EU,3.6,2str,44,,,,,,,,,,,,
Thursday,44000,EU,3.6,2str,44,,,,,,,,,,,,
Thursday,44400,EU,3.6,2str,44,,,,,,,,,,,,
Thursday,41300,EU,3.6,2str,41,,,,,,,,,,,,
Thursday,44110,EU,3.6,2str,44,,,,,,,,,,,,
Friday,43000,EU,3.6,2str,43,,,,,,,,,,,,
Friday,41000,EU,3.6,2str,41,,,,,,,,,,,,
Friday,41000,EU,3.6,2str,41,,,,,,,,,,,,
Friday,41000,EU,3.6,2str,41,,,,,,,,,,,,
Friday,41000,EU,3.6,2str,41,,,,,,,,,,,,
Friday,44000,EU,3.6,2str,44,,,,,,,,,,,,
Friday,41000,EU,3.6,2str,41,,,,,,,,,,,,
Friday,41000,EU,3.6,2str,41,,,,,,,,,,,,
Friday,43000,EU,3.6,2str,43,,,,,,,,,,,,
Friday,44000,EU,3.6,2str,44,,,,,,,,,,,,
Friday,44000,EU,3.6,2str,44,,,,,,,,,,,,
Friday,43400,EU,3.6,2str,43,,,,,,,,,,,,
Friday,42000,EU,3.6,2str,42,,,,,,,,,,,,
Friday,44000,EU,3.6,2str,44,,,,,,,,,,,,
Friday,41000,EU,3.6,2str,41,,,,,,,,,,,,
Friday,42200,EU,3.6,2str,42,,,,,,,,,,,,
Friday,43000,EU,3.6,2str,43,,,,,,,,,,,,
Friday,42200,EU,3.6,2str,42,,,,,,,,,,,,
Friday,43000,EU,3.6,2str,43,,,,,,,,,,,,
Friday,42400,EU,3.6,2str,42,,,,,,,,,,,,
Friday,41400,EU,3.6,2str,41,,,,,,,,,,,,
Friday,44400,EU,3.6,2str,44,,,,,,,,,,,,
Friday,42400,EU,3.6,2str,42,,,,,,,,,,,,
Friday,43000,EU,3.6,2str,43,,,,,,,,,,,,
Friday,42120,EU,3.6,2str,42,,,,,,,,,,,,
Friday,44100,EU,3.6,2str,44,,,,,,,,,,,,
Friday,44100,EU,3.6,2str,44,,,,,,,,,,,,
Friday,43100,EU,3.6,2str,43,,,,,,,,,,,,
Friday,44200,EU,3.6,2str,44,,,,,,,,,,,,
Friday,44400,EU,3.6,2str,44,,,,,,,,,,,,
Friday,42100,EU,3.6,2str,42,,,,,,,,,,,,
Friday,44000,EU,3.6,2str,44,,,,,,,,,,,,
Friday,44000,EU,3.6,2str,44,,,,,,,,,,,,
Friday,43000,EU,3.6,2str,43,,,,,,,,,,,,
Friday,42400,EU,3.6,2str,42,,,,,,,,,,,,
Friday,41400,EU,3.6,2str,41,,,,,,,,,,,,
Friday,44440,EU,3.6,2str,44,,,,,,,,,,,,
Friday,43230,EU,3.6,2str,43,,,,,,,,,,,,
Friday,42200,EU,3.6,2str,42,,,,,,,,,,,,
Friday,41400,EU,3.6,2str,41,,,,,,,,,,,,
Friday,44440,EU,3.6,2str,44,,,,,,,,,,,,
Friday,43230,EU,3.6,2str,43,,,,,,,,,,,,
Friday,42200,EU,3.6,2str,42,,,,,,,,,,,,
Friday,42100,EU,3.6,2str,42,,,,,,,,,,,,
Friday,41410,EU,3.6,2str,41,,,,,,,,,,,,
Friday,41000,EU,3.6,2str,41,,,,,,,,,,,,
Friday,43100,EU,3.6,2str,43,,,,,,,,,,,,
Friday,42000,EU,3.6,2str,42,,,,,,,,,,,,
Friday,43000,EU,3.6,2str,43,,,,,,,,,,,,
Friday,41200,EU,3.6,2str,41,,,,,,,,,,,,
Friday,42100,EU,3.6,2str,42,,,,,,,,,,,,
Friday,42310,EU,3.6,2str,42,,,,,,,,,,,,
Friday,42000,EU,3.6,2str,42,,,,,,,,,,,,
Friday,41200,EU,3.6,2str,41,,,,,,,,,,,,
Friday,42100,EU,3.6,2str,42,,,,,,,,,,,,
Friday,42310,EU,3.6,2str,42,,,,,,,,,,,,
Friday,42000,EU,3.6,2str,42,,,,,,,,,,,,
Friday,44000,EU,3.6,2str,44,,,,,,,,,,,,
Friday,42230,EU,3.6,2str,42,,,,,,,,,,,,
Friday,43000,EU,3.6,2str,43,,,,,,,,,,,,
Friday,43000,EU,3.6,2str,43,,,,,,,,,,,,
Friday,43300,EU,3.6,2str,43,,,,,,,,,,,,
Friday,43300,EU,3.6,2str,43,,,,,,,,,,,,
Friday,43000,EU,3.6,2str,43,,,,,,,,,,,,
Friday,42200,EU,3.6,2str,42,,,,,,,,,,,,
Friday,43000,EU,3.6,2str,43,,,,,,,,,,,,
Friday,42400,EU,3.6,2str,42,,,,,,,,,,,,
Friday,41400,EU,3.6,2str,41,,,,,,,,,,,,
Friday,44400,EU,3.6,2str,44,,,,,,,,,,,,
Friday,42400,EU,3.6,2str,42,,,,,,,,,,,,
Friday,43000,EU,3.6,2str,43,,,,,,,,,,,,
Friday,42120,EU,3.6,2str,42,,,,,,,,,,,,
Friday,41100,EU,3.6,2str,41,,,,,,,,,,,,
Friday,44200,EU,3.6,2str,44,,,,,,,,,,,,
Friday,42000,EU,3.6,2str,42,,,,,,,,,,,,
Friday,42000,EU,3.6,2str,42,,,,,,,,,,,,
Friday,44000,EU,3.6,2str,44,,,,,,,,,,,,
Friday,44200,EU,3.6,2str,44,,,,,,,,,,,,
Friday,43210,EU,3.6,2str,43,,,,,,,,,,,,
Friday,42300,EU,3.6,2str,42,,,,,,,,,,,,
Friday,42000,EU,3.6,2str,42,,,,,,,,,,,,
Friday,44000,EU,3.6,2str,44,,,,,,,,,,,,
Friday,44000,EU,3.6,2str,44,,,,,,,,,,,,
Friday,41000,EU,3.6,2str,41,,,,,,,,,,,,
Friday,41100,EU,3.6,2str,41,,,,,,,,,,,,
Friday,41000,EU,3.6,2str,41,,,,,,,,,,,,
Friday,41000,EU,3.6,2str,41,,,,,,,,,,,,
Friday,44000,EU,3.6,2str,44,,,,,,,,,,,,
Friday,43000,EU,3.6,2str,43,,,,,,,,,,,,
Friday,44000,EU,3.6,2str,44,,,,,,,,,,,,
Friday,43000,EU,3.6,2str,43,,,,,,,,,,,,
Friday,41000,EU,3.6,2str,41,,,,,,,,,,,,
Friday,41000,EU,3.6,2str,41,,,,,,,,,,,,
Friday,42300,EU,3.6,2str,42,,,,,,,,,,,,
Friday,42000,EU,3.6,2str,42,,,,,,,,,,,,
Friday,43000,EU,3.6,2str,43,,,,,,,,,,,,
Friday,42200,EU,3.6,2str,42,,,,,,,,,,,,
Friday,41000,EU,3.6,2str,41,,,,,,,,,,,,
Friday,41000,EU,3.6,2str,41,,,,,,,,,,,,
Friday,42100,EU,3.6,2str,42,,,,,,,,,,,,
Friday,43000,EU,3.6,2str,43,,,,,,,,,,,,
Friday,43000,EU,3.6,2str,43,,,,,,,,,,,,
Friday,41000,EU,3.6,2str,41,,,,,,,,,,,,
Friday,41000,EU,3.6,2str,41,,,,,,,,,,,,
Friday,41000,EU,3.6,2str,41,,,,,,,,,,,,
Friday,41000,EU,3.6,2str,41,,,,,,,,,,,,
Friday,44000,EU,3.6,2str,44,,,,,,,,,,,,
Friday,41000,EU,3.6,2str,41,,,,,,,,,,,,
Friday,41000,EU,3.6,2str,41,,,,,,,,,,,,
Friday,43000,EU,3.6,2str,43,,,,,,,,,,,,
Friday,44000,EU,3.6,2str,44,,,,,,,,,,,,
Friday,44000,EU,3.6,2str,44,,,,,,,,,,,,
Friday,43400,EU,3.6,2str,43,,,,,,,,,,,,
Friday,42000,EU,3.6,2str,42,,,,,,,,,,,,
Friday,44000,EU,3.6,2str,44,,,,,,,,,,,,
Friday,41000,EU,3.6,2str,41,,,,,,,,,,,,
Friday,42200,EU,3.6,2str,42,,,,,,,,,,,,
Friday,43000,EU,3.6,2str,43,,,,,,,,,,,,
Friday,42200,EU,3.6,2str,42,,,,,,,,,,,,
Friday,43000,EU,3.6,2str,43,,,,,,,,,,,,
Friday,42400,EU,3.6,2str,42,,,,,,,,,,,,
Friday,41400,EU,3.6,2str,41,,,,,,,,,,,,
Friday,44400,EU,3.6,2str,44,,,,,,,,,,,,
Friday,42400,EU,3.6,2str,42,,,,,,,,,,,,
Friday,43000,EU,3.6,2str,43,,,,,,,,,,,,
Friday,42120,EU,3.6,2str,42,,,,,,,,,,,,
Friday,44100,EU,3.6,2str,44,,,,,,,,,,,,
Friday,44100,EU,3.6,2str,44,,,,,,,,,,,,
Friday,43100,EU,3.6,2str,43,,,,,,,,,,,,
Friday,44200,EU,3.6,2str,44,,,,,,,,,,,,
Friday,44400,EU,3.6,2str,44,,,,,,,,,,,,
Friday,42100,EU,3.6,2str,42,,,,,,,,,,,,
Friday,44000,EU,3.6,2str,44,,,,,,,,,,,,
Friday,44000,EU,3.6,2str,44,,,,,,,,,,,,
Friday,43000,EU,3.6,2str,43,,,,,,,,,,,,
Friday,42400,EU,3.6,2str,42,,,,,,,,,,,,
Friday,41400,EU,3.6,2str,41,,,,,,,,,,,,
Friday,44440,EU,3.6,2str,44,,,,,,,,,,,,
Friday,43230,EU,3.6,2str,43,,,,,,,,,,,,
Friday,42200,EU,3.6,2str,42,,,,,,,,,,,,
Friday,41400,EU,3.6,2str,41,,,,,,,,,,,,
Friday,44440,EU,3.6,2str,44,,,,,,,,,,,,
Friday,43230,EU,3.6,2str,43,,,,,,,,,,,,
Friday,42200,EU,3.6,2str,42,,,,,,,,,,,,
Friday,42100,EU,3.6,2str,42,,,,,,,,,,,,
Friday,41410,EU,3.6,2str,41,,,,,,,,,,,,
Friday,41000,EU,3.6,2str,41,,,,,,,,,,,,
Friday,43100,EU,3.6,2str,43,,,,,,,,,,,,
Friday,42000,EU,3.6,2str,42,,,,,,,,,,,,
Friday,43000,EU,3.6,2str,43,,,,,,,,,,,,
Friday,41200,EU,3.6,2str,41,,,,,,,,,,,,
Friday,42100,EU,3.6,2str,42,,,,,,,,,,,,
Friday,42310,EU,3.6,2str,42,,,,,,,,,,,,
Friday,42000,EU,3.6,2str,42,,,,,,,,,,,,
Friday,41200,EU,3.6,2str,41,,,,,,,,,,,,
Friday,42100,EU,3.6,2str,42,,,,,,,,,,,,
Friday,42310,EU,3.6,2str,42,,,,,,,,,,,,
Friday,42000,EU,3.6,2str,42,,,,,,,,,,,,
Friday,44000,EU,3.6,2str,44,,,,,,,,,,,,
Friday,42230,EU,3.6,2str,42,,,,,,,,,,,,
Friday,43000,EU,3.6,2str,43,,,,,,,,,,,,
Friday,43000,EU,3.6,2str,43,,,,,,,,,,,,
Friday,43300,EU,3.6,2str,43,,,,,,,,,,,,
Friday,43300,EU,3.6,2str,43,,,,,,,,,,,,
Friday,43000,EU,3.6,2str,43,,,,,,,,,,,,
Friday,42200,EU,3.6,2str,42,,,,,,,,,,,,
Friday,43000,EU,3.6,2str,43,,,,,,,,,,,,
Friday,42400,EU,3.6,2str,42,,,,,,,,,,,,
Friday,41400,EU,3.6,2str,41,,,,,,,,,,,,
Friday,44400,EU,3.6,2str,44,,,,,,,,,,,,
Friday,42400,EU,3.6,2str,42,,,,,,,,,,,,
Friday,43000,EU,3.6,2str,43,,,,,,,,,,,,
Friday,42120,EU,3.6,2str,42,,,,,,,,,,,,
Friday,41100,EU,3.6,2str,41,,,,,,,,,,,,
Friday,44200,EU,3.6,2str,44,,,,,,,,,,,,
Friday,42000,EU,3.6,2str,42,,,,,,,,,,,,
Friday,42000,EU,3.6,2str,42,,,,,,,,,,,,
Friday,44000,EU,3.6,2str,44,,,,,,,,,,,,
Friday,44200,EU,3.6,2str,44,,,,,,,,,,,,
Friday,43210,EU,3.6,2str,43,,,,,,,,,,,,
Friday,42300,EU,3.6,2str,42,,,,,,,,,,,,
Friday,42000,EU,3.6,2str,42,,,,,,,,,,,,
Friday,44000,EU,3.6,2str,44,,,,,,,,,,,,
Friday,44000,EU,3.6,2str,44,,,,,,,,,,,,
Friday,41000,EU,3.6,2str,41,,,,,,,,,,,,
Friday,41100,EU,3.6,2str,41,,,,,,,,,,,,
Friday,41000,EU,3.6,2str,41,,,,,,,,,,,,
Friday,41000,EU,3.6,2str,41,,,,,,,,,,,,
Friday,44000,EU,3.6,2str,44,,,,,,,,,,,,
Friday,43000,EU,3.6,2str,43,,,,,,,,,,,,
Friday,44000,EU,3.6,2str,44,,,,,,,,,,,,
Friday,43000,EU,3.6,2str,43,,,,,,,,,,,,
Friday,41000,EU,3.6,2str,41,,,,,,,,,,,,
Friday,41000,EU,3.6,2str,41,,,,,,,,,,,,
Friday,42300,EU,3.6,2str,42,,,,,,,,,,,,
Friday,42000,EU,3.6,2str,42,,,,,,,,,,,,
Friday,43000,EU,3.6,2str,43,,,,,,,,,,,,
Friday,42200,EU,3.6,2str,42,,,,,,,,,,,,
Friday,41000,EU,3.6,2str,41,,,,,,,,,,,,
Friday,41000,EU,3.6,2str,41,,,,,,,,,,,,
Friday,42100,EU,3.6,2str,42,,,,,,,,,,,,
Friday,43000,EU,3.6,2str,43,,,,,,,,,,,,
Friday,42100,EU,3.6,2str,42,,,,,,,,,,,,
Friday,43200,EU,3.6,2str,43,,,,,,,,,,,,
Friday,43200,EU,3.6,2str,43,,,,,,,,,,,,
Friday,41100,EU,3.6,2str,41,,,,,,,,,,,,
Friday,44400,EU,3.6,2str,44,,,,,,,,,,,,
Friday,42400,EU,3.6,2str,42,,,,,,,,,,,,
Friday,42400,EU,3.6,2str,42,,,,,,,,,,,,
Friday,43400,EU,3.6,2str,43,,,,,,,,,,,,
Friday,42100,EU,3.6,2str,42,,,,,,,,,,,,
Friday,42300,EU,3.6,2str,42,,,,,,,,,,,,
Friday,41400,EU,3.6,2str,41,,,,,,,,,,,,
Friday,42100,EU,3.6,2str,42,,,,,,,,,,,,
Friday,42200,EU,3.6,2str,42,,,,,,,,,,,,
Friday,41300,EU,3.6,2str,41,,,,,,,,,,,,
Friday,42000,EU,3.6,2str,42,,,,,,,,,,,,
Friday,43400,EU,3.6,2str,43,,,,,,,,,,,,
Friday,43300,EU,3.6,2str,43,,,,,,,,,,,,
Friday,44220,EU,3.6,2str,44,,,,,,,,,,,,
Friday,43000,EU,3.6,2str,43,,,,,,,,,,,,
Friday,41300,EU,3.6,2str,41,,,,,,,,,,,,
Friday,44300,EU,3.6,2str,44,,,,,,,,,,,,
Friday,41000,EU,3.6,2str,41,,,,,,,,,,,,
Friday,42300,EU,3.6,2str,42,,,,,,,,,,,,
Friday,42200,EU,3.6,2str,42,,,,,,,,,,,,
Friday,43300,EU,3.6,2str,43,,,,,,,,,,,,
Friday,42200,EU,3.6,2str,42,,,,,,,,,,,,
Friday,43300,EU,3.6,2str,43,,,,,,,,,,,,
Friday,41340,EU,3.6,2str,41,,,,,,,,,,,,
Friday,41000,EU,3.6,2str,41,,,,,,,,,,,,
Friday,41000,EU,3.6,2str,41,,,,,,,,,,,,
Friday,44000,EU,3.6,2str,44,,,,,,,,,,,,
Friday,44000,EU,3.6,2str,44,,,,,,,,,,,,
Friday,42100,EU,3.6,2str,42,,,,,,,,,,,,
Friday,44000,EU,3.6,2str,44,,,,,,,,,,,,
Friday,42000,EU,3.6,2str,42,,,,,,,,,,,,
Friday,43000,EU,3.6,2str,43,,,,,,,,,,,,
Friday,44000,EU,3.6,2str,44,,,,,,,,,,,,
Friday,44420,EU,3.6,2str,44,,,,,,,,,,,,
Friday,41330,EU,3.6,2str,41,,,,,,,,,,,,
Friday,43300,EU,3.6,2str,43,,,,,,,,,,,,
Friday,44000,EU,3.6,2str,44,,,,,,,,,,,,
Friday,43000,EU,3.6,2str,43,,,,,,,,,,,,
Friday,43100,EU,3.6,2str,43,,,,,,,,,,,,
Friday,41200,EU,3.6,2str,41,,,,,,,,,,,,
Friday,42400,EU,3.6,2str,42,,,,,,,,,,,,
Friday,43110,EU,3.6,2str,43,,,,,,,,,,,,
Friday,42000,EU,3.6,2str,42,,,,,,,,,,,,
Friday,41240,EU,3.6,2str,41,,,,,,,,,,,,
Friday,44300,EU,3.6,2str,44,,,,,,,,,,,,
Friday,42200,EU,3.6,2str,42,,,,,,,,,,,,
Friday,43400,EU,3.6,2str,43,,,,,,,,,,,,
Friday,41000,EU,3.6,2str,41,,,,,,,,,,,,
Friday,43000,EU,3.6,2str,43,,,,,,,,,,,,
Friday,44000,EU,3.6,2str,44,,,,,,,,,,,,
Friday,43400,EU,3.6,2str,43,,,,,,,,,,,,
Friday,42400,EU,3.6,2str,42,,,,,,,,,,,,
Friday,42200,EU,3.6,2str,42,,,,,,,,,,,,
Friday,42100,EU,3.6,2str,42,,,,,,,,,,,,
Friday,44240,EU,3.6,2str,44,,,,,,,,,,,,
Friday,41400,EU,3.6,2str,41,,,,,,,,,,,,
Friday,43300,EU,3.6,2str,43,,,,,,,,,,,,
Friday,42300,EU,3.6,2str,42,,,,,,,,,,,,
Friday,42200,EU,3.6,2str,42,,,,,,,,,,,,
Friday,43300,EU,3.6,2str,43,,,,,,,,,,,,
Friday,42200,EU,3.6,2str,42,,,,,,,,,,,,
Friday,43300,EU,3.6,2str,43,,,,,,,,,,,,
Friday,41340,EU,3.6,2str,41,,,,,,,,,,,,
Friday,41000,EU,3.6,2str,41,,,,,,,,,,,,
Friday,41000,EU,3.6,2str,41,,,,,,,,,,,,
Friday,44000,EU,3.6,2str,44,,,,,,,,,,,,
Friday,44000,EU,3.6,2str,44,,,,,,,,,,,,
Friday,42100,EU,3.6,2str,42,,,,,,,,,,,,
Friday,44000,EU,3.6,2str,44,,,,,,,,,,,,
Friday,42000,EU,3.6,2str,42,,,,,,,,,,,,
Friday,43000,EU,3.6,2str,43,,,,,,,,,,,,
Friday,44000,EU,3.6,2str,44,,,,,,,,,,,,
Friday,44420,EU,3.6,2str,44,,,,,,,,,,,,
Friday,41330,EU,3.6,2str,41,,,,,,,,,,,,
Friday,43300,EU,3.6,2str,43,,,,,,,,,,,,
Friday,44000,EU,3.6,2str,44,,,,,,,,,,,,
Friday,43000,EU,3.6,2str,43,,,,,,,,,,,,
Friday,43100,EU,3.6,2str,43,,,,,,,,,,,,
Friday,41200,EU,3.6,2str,41,,,,,,,,,,,,
Friday,42400,EU,3.6,2str,42,,,,,,,,,,,,
Friday,43110,EU,3.6,2str,43,,,,,,,,,,,,
Friday,42000,EU,3.6,2str,42,,,,,,,,,,,,
Friday,41240,EU,3.6,2str,41,,,,,,,,,,,,
Friday,44300,EU,3.6,2str,44,,,,,,,,,,,,
Friday,42200,EU,3.6,2str,42,,,,,,,,,,,,
Friday,43400,EU,3.6,2str,43,,,,,,,,,,,,
Friday,41000,EU,3.6,2str,41,,,,,,,,,,,,
Friday,43000,EU,3.6,2str,43,,,,,,,,,,,,
Friday,44000,EU,3.6,2str,44,,,,,,,,,,,,
Friday,43400,EU,3.6,2str,43,,,,,,,,,,,,
Friday,42400,EU,3.6,2str,42,,,,,,,,,,,,
Friday,42200,EU,3.6,2str,42,,,,,,,,,,,,
Friday,42100,EU,3.6,2str,42,,,,,,,,,,,,
Friday,44240,EU,3.6,2str,44,,,,,,,,,,,,
Friday,41400,EU,3.6,2str,41,,,,,,,,,,,,
Friday,43300,EU,3.6,2str,43,,,,,,,,,,,,
Friday,43300,EU,3.6,2str,43,,,,,,,,,,,,
Friday,43210,EU,3.6,2str,43,,,,,,,,,,,,
Friday,43000,EU,3.6,2str,43,,,,,,,,,,,,
Friday,43100,EU,3.6,2str,43,,,,,,,,,,,,
Friday,41100,EU,3.6,2str,41,,,,,,,,,,,,
Friday,43400,EU,3.6,2str,43,,,,,,,,,,,,
Friday,43200,EU,3.6,2str,43,,,,,,,,,,,,
Friday,41000,EU,3.6,2str,41,,,,,,,,,,,,
Friday,43000,EU,3.6,2str,43,,,,,,,,,,,,
Friday,41000,EU,3.6,2str,41,,,,,,,,,,,,
Friday,42000,EU,3.6,2str,42,,,,,,,,,,,,
Friday,43400,EU,3.6,2str,43,,,,,,,,,,,,
Friday,44000,EU,3.6,2str,44,,,,,,,,,,,,
Friday,44200,EU,3.6,2str,44,,,,,,,,,,,,
Friday,41200,EU,3.6,2str,41,,,,,,,,,,,,
Friday,41000,EU,3.6,2str,41,,,,,,,,,,,,
Friday,44000,EU,3.6,2str,44,,,,,,,,,,,,
Friday,44000,EU,3.6,2str,44,,,,,,,,,,,,
Friday,41000,EU,3.6,2str,41,,,,,,,,,,,,
Friday,44000,EU,3.6,2str,44,,,,,,,,,,,,
Friday,42100,EU,3.6,2str,42,,,,,,,,,,,,
Friday,43000,EU,3.6,2str,43,,,,,,,,,,,,
Friday,41400,EU,3.6,2str,41,,,,,,,,,,,,
Friday,43100,EU,3.6,2str,43,,,,,,,,,,,,
Friday,41000,EU,3.6,2str,41,,,,,,,,,,,,
Friday,43420,EU,3.6,2str,43,,,,,,,,,,,,
Friday,42220,EU,3.6,2str,42,,,,,,,,,,,,
Friday,43000,EU,3.6,2str,43,,,,,,,,,,,,
Friday,44400,EU,3.6,2str,44,,,,,,,,,,,,
Friday,43000,EU,3.6,2str,43,,,,,,,,,,,,
Friday,43000,EU,3.6,2str,43,,,,,,,,,,,,
Friday,41000,EU,3.6,2str,41,,,,,,,,,,,,
Friday,43300,EU,3.6,2str,43,,,,,,,,,,,,
Friday,43200,EU,3.6,2str,43,,,,,,,,,,,,
Friday,43400,EU,3.6,2str,43,,,,,,,,,,,,
Friday,42000,EU,3.6,2str,42,,,,,,,,,,,,
Friday,43000,EU,3.6,2str,43,,,,,,,,,,,,
Friday,41300,EU,3.6,2str,41,,,,,,,,,,,,
Friday,43000,EU,3.6,2str,43,,,,,,,,,,,,
Friday,44400,EU,3.6,2str,44,,,,,,,,,,,,
Friday,43300,EU,3.6,2str,43,,,,,,,,,,,,
Friday,43300,EU,3.6,2str,43,,,,,,,,,,,,
Friday,41000,EU,3.6,2str,41,,,,,,,,,,,,
Friday,42000,EU,3.6,2str,42,,,,,,,,,,,,
Friday,42000,EU,3.6,2str,42,,,,,,,,,,,,
Friday,43200,EU,3.6,2str,43,,,,,,,,,,,,
Friday,41000,EU,3.6,2str,41,,,,,,,,,,,,
Friday,44000,EU,3.6,2str,44,,,,,,,,,,,,
Friday,44000,EU,3.6,2str,44,,,,,,,,,,,,
Friday,41400,EU,3.6,2str,41,,,,,,,,,,,,
Friday,41000,EU,3.6,2str,41,,,,,,,,,,,,
Friday,42000,EU,3.6,2str,42,,,,,,,,,,,,
Friday,41000,EU,3.6,2str,41,,,,,,,,,,,,
Friday,41000,EU,3.6,2str,41,,,,,,,,,,,,
Friday,43000,EU,3.6,2str,43,,,,,,,,,,,,
Friday,44000,EU,3.6,2str,44,,,,,,,,,,,,
Sunday,41341,EU,3.6,3str,413,,,,,,,,,,,,
Sunday,41342,EU,3.6,3str,413,,,,,,,,,,,,
Sunday,41342,EU,3.6,3str,413,,,,,,,,,,,,
Sunday,42230,EU,3.6,2str,42,,,,,,,,,,,,
Sunday,42241,EU,3.6,3str,422,,,,,,,,,,,,
Sunday,42321,EU,3.6,3str,423,,,,,,,,,,,,
Sunday,43221,EU,3.6,3str,432,,,,,,,,,,,,
Sunday,43313,EU,3.6,3str,433,,,,,,,,,,,,
Sunday,44134,EU,3.6,3str,441,,,,,,,,,,,,
Sunday,44144,EU,3.6,3str,441,,,,,,,,,,,,
Sunday,44334,EU,3.6,3str,443,,,,,,,,,,,,
Sunday,44444,EU,3.6,3str,444,,,,,,,,,,,,
Monday,41121,EU,3.6,3str,411,,,,,,,,,,,,
Monday,44232,EU,3.6,3str,442,,,,,,,,,,,,
Monday,44234,EU,3.6,3str,442,,,,,,,,,,,,
Monday,44433,EU,3.6,3str,444,,,,,,,,,,,,
Monday,44444,EU,3.6,3str,444,,,,,,,,,,,,
Tuesday,41133,EU,3.6,3str,411,,,,,,,,,,,,
Tuesday,41142,EU,3.6,3str,411,,,,,,,,,,,,
Tuesday,41211,EU,3.6,3str,412,,,,,,,,,,,,
Tuesday,42232,EU,3.6,3str,422,,,,,,,,,,,,
Tuesday,44421,EU,3.6,3str,444,,,,,,,,,,,,
Wednesday,41114,EU,3.6,3str,411,,,,,,,,,,,,
Wednesday,41122,EU,3.6,3str,411,,,,,,,,,,,,
Wednesday,41412,EU,3.6,3str,414,,,,,,,,,,,,
Wednesday,41432,EU,3.6,3str,414,,,,,,,,,,,,
Wednesday,42413,EU,3.6,3str,424,,,,,,,,,,,,
Wednesday,43132,EU,3.6,3str,431,,,,,,,,,,,,
Wednesday,43210,EU,3.6,2str,43,,,,,,,,,,,,
Wednesday,43432,EU,3.6,3str,434,,,,,,,,,,,,
Wednesday,44113,EU,3.6,3str,441,,,,,,,,,,,,
Wednesday,44313,EU,3.6,3str,443,,,,,,,,,,,,
Wednesday,44331,EU,3.6,3str,443,,,,,,,,,,,,
Wednesday,44432,EU,3.6,3str,444,,,,,,,,,,,,
Thursday,41140,EU,3.6,2str,41,,,,,,,,,,,,
Thursday,41312,EU,3.6,3str,413,,,,,,,,,,,,
Thursday,41344,EU,3.6,3str,413,,,,,,,,,,,,
Thursday,41421,EU,3.6,3str,414,,,,,,,,,,,,
Thursday,42124,EU,3.6,3str,421,,,,,,,,,,,,
Thursday,42143,EU,3.6,3str,421,,,,,,,,,,,,
Thursday,42212,EU,3.6,3str,422,,,,,,,,,,,,
Thursday,42411,EU,3.6,3str,424,,,,,,,,,,,,
Thursday,42412,EU,3.6,3str,424,,,,,,,,,,,,
Thursday,42434,EU,3.6,3str,424,,,,,,,,,,,,
Thursday,42441,EU,3.6,3str,424,,,,,,,,,,,,
Thursday,43144,EU,3.6,3str,431,,,,,,,,,,,,
Thursday,43231,EU,3.6,3str,432,,,,,,,,,,,,
Thursday,43243,EU,3.6,3str,432,,,,,,,,,,,,
Thursday,43320,EU,3.6,2str,43,,,,,,,,,,,,
Thursday,43331,EU,3.6,3str,433,,,,,,,,,,,,
Thursday,43443,EU,3.6,3str,434,,,,,,,,,,,,
Thursday,44242,EU,3.6,3str,442,,,,,,,,,,,,
Thursday,44322,EU,3.6,3str,443,,,,,,,,,,,,
Thursday,44323,EU,3.6,3str,443,,,,,,,,,,,,
Thursday,44332,EU,3.6,3str,443,,,,,,,,,,,,
Thursday,44341,EU,3.6,3str,443,,,,,,,,,,,,
Friday,41113,EU,3.6,3str,411,,,,,,,,,,,,
Friday,42141,EU,3.6,3str,421,,,,,,,,,,,,
Friday,42322,EU,3.6,3str,423,,,,,,,,,,,,
Friday,42334,EU,3.6,3str,423,,,,,,,,,,,,
Friday,43121,EU,3.6,3str,431,,,,,,,,,,,,
Friday,43233,EU,3.6,3str,432,,,,,,,,,,,,
Friday,44131,EU,3.6,3str,441,,,,,,,,,,,,
Saturday,41112,EU,3.6,3str,411,,,,,,,,,,,,
Saturday,41134,EU,3.6,3str,411,,,,,,,,,,,,
Saturday,41244,EU,3.6,3str,412,,,,,,,,,,,,
Saturday,41311,EU,3.6,3str,413,,,,,,,,,,,,
Saturday,41322,EU,3.6,3str,413,,,,,,,,,,,,
Saturday,41411,EU,3.6,3str,414,,,,,,,,,,,,
Saturday,41424,EU,3.6,3str,414,,,,,,,,,,,,
Saturday,41442,EU,3.6,3str,414,,,,,,,,,,,,
Saturday,42132,EU,3.6,3str,421,,,,,,,,,,,,
Saturday,42224,EU,3.6,3str,422,,,,,,,,,,,,
Saturday,42313,EU,3.6,3str,423,,,,,,,,,,,,
Saturday,43123,EU,3.6,3str,431,,,,,,,,,,,,
Saturday,43142,EU,3.6,3str,431,,,,,,,,,,,,
Saturday,43211,EU,3.6,3str,432,,,,,,,,,,,,
Saturday,43322,EU,3.6,3str,433,,,,,,,,,,,,
Saturday,43342,EU,3.6,3str,433,,,,,,,,,,,,
Saturday,44124,EU,3.6,3str,441,,,,,,,,,,,,
Saturday,44212,EU,3.6,3str,442,,,,,,,,,,,,
Saturday,44423,EU,3.6,3str,444,,,,,,,,,,,,
Sunday,41100,EU,3.6,2str,41,,,,,,,,,,,,
Sunday,41310,EU,3.6,2str,41,,,,,,,,,,,,
Sunday,41320,EU,3.6,2str,41,,,,,,,,,,,,
Sunday,41341,EU,3.6,3str,413,,,,,,,,,,,,
Sunday,41342,EU,3.6,3str,413,,,,,,,,,,,,
Sunday,41342,EU,3.6,3str,413,,,,,,,,,,,,
Sunday,41410,EU,3.6,2str,41,,,,,,,,,,,,
Sunday,42230,EU,3.6,2str,42,,,,,,,,,,,,
Sunday,42241,EU,3.6,3str,422,,,,,,,,,,,,
Sunday,42310,EU,3.6,2str,42,,,,,,,,,,,,
Sunday,42321,EU,3.6,3str,423,,,,,,,,,,,,
Sunday,42420,EU,3.6,2str,42,,,,,,,,,,,,
Sunday,43220,EU,3.6,2str,43,,,,,,,,,,,,
Sunday,43221,EU,3.6,3str,432,,,,,,,,,,,,
Sunday,43230,EU,3.6,2str,43,,,,,,,,,,,,
Sunday,43230,EU,3.6,2str,43,,,,,,,,,,,,
Sunday,43313,EU,3.6,3str,433,,,,,,,,,,,,
Sunday,43320,EU,3.6,2str,43,,,,,,,,,,,,
Sunday,44134,EU,3.6,3str,441,,,,,,,,,,,,
Sunday,44140,EU,3.6,2str,44,,,,,,,,,,,,
Sunday,44144,EU,3.6,3str,441,,,,,,,,,,,,
Sunday,44334,EU,3.6,3str,443,,,,,,,,,,,,
Sunday,44340,EU,3.6,2str,44,,,,,,,,,,,,
Sunday,44340,EU,3.6,2str,44,,,,,,,,,,,,
Sunday,44444,EU,3.6,3str,444,,,,,,,,,,,,
Monday,41121,EU,3.6,3str,411,,,,,,,,,,,,
Monday,41242,EU,3.6,3str,412,,,,,,,,,,,,
Monday,41320,EU,3.6,2str,41,,,,,,,,,,,,
Monday,41420,EU,3.6,2str,41,,,,,,,,,,,,
Monday,42130,EU,3.6,2str,42,,,,,,,,,,,,
Monday,42320,EU,3.6,2str,42,,,,,,,,,,,,
Monday,42340,EU,3.6,2str,42,,,,,,,,,,,,
Monday,42430,EU,3.6,2str,42,,,,,,,,,,,,
Monday,43000,EU,3.6,2str,43,,,,,,,,,,,,
Monday,43110,EU,3.6,2str,43,,,,,,,,,,,,
Monday,43130,EU,3.6,2str,43,,,,,,,,,,,,
Monday,43210,EU,3.6,2str,43,,,,,,,,,,,,
Monday,43240,EU,3.6,2str,43,,,,,,,,,,,,
Monday,43310,EU,3.6,2str,43,,,,,,,,,,,,
Monday,44232,EU,3.6,3str,442,,,,,,,,,,,,
Monday,44232,EU,3.6,3str,442,,,,,,,,,,,,
Monday,44234,EU,3.6,3str,442,,,,,,,,,,,,
Monday,44320,EU,3.6,2str,44,,,,,,,,,,,,
Monday,44433,EU,3.6,3str,444,,,,,,,,,,,,
Monday,44434,EU,3.6,3str,444,,,,,,,,,,,,
Monday,44444,EU,3.6,3str,444,,,,,,,,,,,,
Tuesday,41130,EU,3.6,2str,41,,,,,,,,,,,,
Tuesday,41133,EU,3.6,3str,411,,,,,,,,,,,,
Tuesday,41142,EU,3.6,3str,411,,,,,,,,,,,,
Tuesday,41211,EU,3.6,3str,412,,,,,,,,,,,,
Tuesday,41220,EU,3.6,2str,41,,,,,,,,,,,,
Tuesday,41400,EU,3.6,2str,41,,,,,,,,,,,,
Tuesday,42220,EU,3.6,2str,42,,,,,,,,,,,,
Tuesday,42232,EU,3.6,3str,422,,,,,,,,,,,,
Tuesday,42320,EU,3.6,2str,42,,,,,,,,,,,,
Tuesday,42424,EU,3.6,3str,424,,,,,,,,,,,,
Tuesday,43220,EU,3.6,2str,43,,,,,,,,,,,,
Tuesday,43240,EU,3.6,2str,43,,,,,,,,,,,,
Tuesday,43334,EU,3.6,3str,433,,,,,,,,,,,,
Tuesday,44421,EU,3.6,3str,444,,,,,,,,,,,,
Wednesday,41114,EU,3.6,3str,411,,,,,,,,,,,,
Wednesday,41120,EU,3.6,2str,41,,,,,,,,,,,,
Wednesday,41122,EU,3.6,3str,411,,,,,,,,,,,,
Wednesday,41220,EU,3.6,2str,41,,,,,,,,,,,,
Wednesday,41220,EU,3.6,2str,41,,,,,,,,,,,,
Wednesday,41221,EU,3.6,3str,412,,,,,,,,,,,,
Wednesday,41320,EU,3.6,2str,41,,,,,,,,,,,,
Wednesday,41330,EU,3.6,2str,41,,,,,,,,,,,,
Wednesday,41330,EU,3.6,2str,41,,,,,,,,,,,,
Wednesday,41400,EU,3.6,2str,41,,,,,,,,,,,,
Wednesday,41412,EU,3.6,3str,414,,,,,,,,,,,,
Wednesday,41420,EU,3.6,2str,41,,,,,,,,,,,,
Wednesday,41432,EU,3.6,3str,414,,,,,,,,,,,,
Wednesday,42100,EU,3.6,2str,42,,,,,,,,,,,,
Wednesday,42100,EU,3.6,2str,42,,,,,,,,,,,,
Wednesday,42111,EU,3.6,3str,421,,,,,,,,,,,,
Wednesday,42120,EU,3.6,2str,42,,,,,,,,,,,,
Wednesday,42210,EU,3.6,2str,42,,,,,,,,,,,,
Wednesday,42220,EU,3.6,2str,42,,,,,,,,,,,,
Wednesday,42240,EU,3.6,2str,42,,,,,,,,,,,,
Wednesday,42300,EU,3.6,2str,42,,,,,,,,,,,,
Wednesday,42300,EU,3.6,2str,42,,,,,,,,,,,,
Wednesday,42320,EU,3.6,2str,42,,,,,,,,,,,,
Wednesday,42330,EU,3.6,2str,42,,,,,,,,,,,,
Wednesday,42413,EU,3.6,3str,424,,,,,,,,,,,,
Wednesday,43110,EU,3.6,2str,43,,,,,,,,,,,,
Wednesday,43110,EU,3.6,2str,43,,,,,,,,,,,,
Wednesday,43130,EU,3.6,2str,43,,,,,,,,,,,,
Wednesday,43132,EU,3.6,3str,431,,,,,,,,,,,,
Wednesday,43140,EU,3.6,2str,43,,,,,,,,,,,,
Wednesday,43210,EU,3.6,2str,43,,,,,,,,,,,,
Wednesday,43330,EU,3.6,2str,43,,,,,,,,,,,,
Wednesday,43334,EU,3.6,3str,433,,,,,,,,,,,,
Wednesday,43340,EU,3.6,2str,43,,,,,,,,,,,,
Wednesday,43430,EU,3.6,2str,43,,,,,,,,,,,,
Wednesday,43432,EU,3.6,3str,434,,,,,,,,,,,,
Wednesday,43434,EU,3.6,3str,434,,,,,,,,,,,,
Wednesday,44110,EU,3.6,2str,44,,,,,,,,,,,,
Wednesday,44110,EU,3.6,2str,44,,,,,,,,,,,,
Wednesday,44113,EU,3.6,3str,441,,,,,,,,,,,,
Wednesday,44120,EU,3.6,2str,44,,,,,,,,,,,,
Wednesday,44130,EU,3.6,2str,44,,,,,,,,,,,,
Wednesday,44240,EU,3.6,2str,44,,,,,,,,,,,,
Wednesday,44313,EU,3.6,3str,443,,,,,,,,,,,,
Wednesday,44320,EU,3.6,2str,44,,,,,,,,,,,,
Wednesday,44331,EU,3.6,3str,443,,,,,,,,,,,,
Wednesday,44340,EU,3.6,2str,44,,,,,,,,,,,,
Wednesday,44340,EU,3.6,2str,44,,,,,,,,,,,,
Wednesday,44410,EU,3.6,2str,44,,,,,,,,,,,,
Wednesday,44420,EU,3.6,2str,44,,,,,,,,,,,,
Wednesday,44432,EU,3.6,3str,444,,,,,,,,,,,,
Wednesday,44440,EU,3.6,2str,44,,,,,,,,,,,,
Wednesday,44440,EU,3.6,2str,44,,,,,,,,,,,,
Thursday,41140,EU,3.6,2str,41,,,,,,,,,,,,
Thursday,41312,EU,3.6,3str,413,,,,,,,,,,,,
Thursday,41344,EU,3.6,3str,413,,,,,,,,,,,,
Thursday,41421,EU,3.6,3str,414,,,,,,,,,,,,
Thursday,42000,EU,3.6,2str,42,,,,,,,,,,,,
Thursday,42124,EU,3.6,3str,421,,,,,,,,,,,,
Thursday,42143,EU,3.6,3str,421,,,,,,,,,,,,
Thursday,42212,EU,3.6,3str,422,,,,,,,,,,,,
Thursday,42411,EU,3.6,3str,424,,,,,,,,,,,,
Thursday,42412,EU,3.6,3str,424,,,,,,,,,,,,
Thursday,42434,EU,3.6,3str,424,,,,,,,,,,,,
Thursday,42441,EU,3.6,3str,424,,,,,,,,,,,,
Thursday,42443,EU,3.6,3str,424,,,,,,,,,,,,
Thursday,43144,EU,3.6,3str,431,,,,,,,,,,,,
Thursday,43231,EU,3.6,3str,432,,,,,,,,,,,,
Thursday,43243,EU,3.6,3str,432,,,,,,,,,,,,
Thursday,43320,EU,3.6,2str,43,,,,,,,,,,,,
Thursday,43331,EU,3.6,3str,433,,,,,,,,,,,,
Thursday,43443,EU,3.6,3str,434,,,,,,,,,,,,
Thursday,44233,EU,3.6,3str,442,,,,,,,,,,,,
Thursday,44242,EU,3.6,3str,442,,,,,,,,,,,,
Thursday,44322,EU,3.6,3str,443,,,,,,,,,,,,
Thursday,44323,EU,3.6,3str,443,,,,,,,,,,,,
Thursday,44332,EU,3.6,3str,443,,,,,,,,,,,,
Thursday,44341,EU,3.6,3str,443,,,,,,,,,,,,
Friday,41113,EU,3.6,3str,411,,,,,,,,,,,,
Friday,41120,EU,3.6,2str,41,,,,,,,,,,,,
Friday,41130,EU,3.6,2str,41,,,,,,,,,,,,
Friday,41222,EU,3.6,3str,412,,,,,,,,,,,,
Friday,42141,EU,3.6,3str,421,,,,,,,,,,,,
Friday,42322,EU,3.6,3str,423,,,,,,,,,,,,
Friday,42334,EU,3.6,3str,423,,,,,,,,,,,,
Friday,43121,EU,3.6,3str,431,,,,,,,,,,,,
Friday,43233,EU,3.6,3str,432,,,,,,,,,,,,
Friday,43441,EU,3.6,3str,434,,,,,,,,,,,,
Friday,44120,EU,3.6,2str,44,,,,,,,,,,,,
Friday,44131,EU,3.6,3str,441,,,,,,,,,,,,
Friday,44320,EU,3.6,2str,44,,,,,,,,,,,,
Saturday,41100,EU,3.6,2str,41,,,,,,,,,,,,
Saturday,41112,EU,3.6,3str,411,,,,,,,,,,,,
Saturday,41120,EU,3.6,2str,41,,,,,,,,,,,,
Saturday,41120,EU,3.6,2str,41,,,,,,,,,,,,
Saturday,41134,EU,3.6,3str,411,,,,,,,,,,,,
Saturday,41220,EU,3.6,2str,41,,,,,,,,,,,,
Saturday,41220,EU,3.6,2str,41,,,,,,,,,,,,
Saturday,41220,EU,3.6,2str,41,,,,,,,,,,,,
Saturday,41220,EU,3.6,2str,41,,,,,,,,,,,,
Saturday,41220,EU,3.6,2str,41,,,,,,,,,,,,
Saturday,41220,EU,3.6,2str,41,,,,,,,,,,,,
Saturday,41244,EU,3.6,3str,412,,,,,,,,,,,,
Saturday,41311,EU,3.6,3str,413,,,,,,,,,,,,
Saturday,41322,EU,3.6,3str,413,,,,,,,,,,,,
Saturday,41410,EU,3.6,2str,41,,,,,,,,,,,,
Saturday,41410,EU,3.6,2str,41,,,,,,,,,,,,
Saturday,41411,EU,3.6,3str,414,,,,,,,,,,,,
Saturday,41420,EU,3.6,2str,41,,,,,,,,,,,,
Saturday,41424,EU,3.6,3str,414,,,,,,,,,,,,
Saturday,41430,EU,3.6,2str,41,,,,,,,,,,,,
Saturday,41430,EU,3.6,2str,41,,,,,,,,,,,,
Saturday,41442,EU,3.6,3str,414,,,,,,,,,,,,
Saturday,42110,EU,3.6,2str,42,,,,,,,,,,,,
Saturday,42110,EU,3.6,2str,42,,,,,,,,,,,,
Saturday,42132,EU,3.6,3str,421,,,,,,,,,,,,
Saturday,42224,EU,3.6,3str,422,,,,,,,,,,,,
Saturday,42230,EU,3.6,2str,42,,,,,,,,,,,,
Saturday,42230,EU,3.6,2str,42,,,,,,,,,,,,
Saturday,42310,EU,3.6,2str,42,,,,,,,,,,,,
Saturday,42313,EU,3.6,3str,423,,,,,,,,,,,,
Saturday,42320,EU,3.6,2str,42,,,,,,,,,,,,
Saturday,42320,EU,3.6,2str,42,,,,,,,,,,,,
Saturday,42410,EU,3.6,2str,42,,,,,,,,,,,,
Saturday,42420,EU,3.6,2str,42,,,,,,,,,,,,
Saturday,42420,EU,3.6,2str,42,,,,,,,,,,,,
Saturday,42430,EU,3.6,2str,42,,,,,,,,,,,,
Saturday,42430,EU,3.6,2str,42,,,,,,,,,,,,
Saturday,42440,EU,3.6,2str,42,,,,,,,,,,,,
Saturday,42440,EU,3.6,2str,42,,,,,,,,,,,,
Saturday,42440,EU,3.6,2str,42,,,,,,,,,,,,
Saturday,43120,EU,3.6,2str,43,,,,,,,,,,,,
Saturday,43120,EU,3.6,2str,43,,,,,,,,,,,,
Saturday,43123,EU,3.6,3str,431,,,,,,,,,,,,
Saturday,43142,EU,3.6,3str,431,,,,,,,,,,,,
Saturday,43210,EU,3.6,2str,43,,,,,,,,,,,,
Saturday,43210,EU,3.6,2str,43,,,,,,,,,,,,
Saturday,43211,EU,3.6,3str,432,,,,,,,,,,,,
Saturday,43230,EU,3.6,2str,43,,,,,,,,,,,,
Saturday,43240,EU,3.6,2str,43,,,,,,,,,,,,
Saturday,43240,EU,3.6,2str,43,,,,,,,,,,,,
Saturday,43240,EU,3.6,2str,43,,,,,,,,,,,,
Saturday,43310,EU,3.6,2str,43,,,,,,,,,,,,
Saturday,43310,EU,3.6,2str,43,,,,,,,,,,,,
Saturday,43310,EU,3.6,2str,43,,,,,,,,,,,,
Saturday,43320,EU,3.6,2str,43,,,,,,,,,,,,
Saturday,43322,EU,3.6,3str,433,,,,,,,,,,,,
Saturday,43342,EU,3.6,3str,433,,,,,,,,,,,,
Saturday,43410,EU,3.6,2str,43,,,,,,,,,,,,
Saturday,43410,EU,3.6,2str,43,,,,,,,,,,,,
Saturday,43410,EU,3.6,2str,43,,,,,,,,,,,,
Saturday,43420,EU,3.6,2str,43,,,,,,,,,,,,
Saturday,43420,EU,3.6,2str,43,,,,,,,,,,,,
Saturday,43430,EU,3.6,2str,43,,,,,,,,,,,,
Saturday,44110,EU,3.6,2str,44,,,,,,,,,,,,
Saturday,44124,EU,3.6,3str,441,,,,,,,,,,,,
Saturday,44130,EU,3.6,2str,44,,,,,,,,,,,,
Saturday,44130,EU,3.6,2str,44,,,,,,,,,,,,
Saturday,44130,EU,3.6,2str,44,,,,,,,,,,,,
Saturday,44210,EU,3.6,2str,44,,,,,,,,,,,,
Saturday,44210,EU,3.6,2str,44,,,,,,,,,,,,
Saturday,44210,EU,3.6,2str,44,,,,,,,,,,,,
Saturday,44210,EU,3.6,2str,44,,,,,,,,,,,,
Saturday,44212,EU,3.6,3str,442,,,,,,,,,,,,
Saturday,44220,EU,3.6,2str,44,,,,,,,,,,,,
Saturday,44240,EU,3.6,2str,44,,,,,,,,,,,,
Saturday,44320,EU,3.6,2str,44,,,,,,,,,,,,
Saturday,44322,EU,3.6,3str,443,,,,,,,,,,,,
Saturday,44330,EU,3.6,2str,44,,,,,,,,,,,,
Saturday,44330,EU,3.6,2str,44,,,,,,,,,,,,
Saturday,44420,EU,3.6,2str,44,,,,,,,,,,,,
Saturday,44420,EU,3.6,2str,44,,,,,,,,,,,,
Saturday,44423,EU,3.6,3str,444,,,,,,,,,,,,
Wednesday,43400,EU,3.6,2str,43,,,,,,,,,,,,
Wednesday,42300,EU,3.6,2str,42,,,,,,,,,,,,
Wednesday,44100,EU,3.6,2str,44,,,,,,,,,,,,
Wednesday,41100,EU,3.6,2str,41,,,,,,,,,,,,
Wednesday,42330,EU,3.6,2str,42,,,,,,,,,,,,
Thursday,42440,EU,3.6,2str,42,,,,,,,,,,,,
Thursday,44100,EU,3.6,2str,44,,,,,,,,,,,,
Thursday,44000,EU,3.6,2str,44,,,,,,,,,,,,
Thursday,44400,EU,3.6,2str,44,,,,,,,,,,,,
Thursday,41300,EU,3.6,2str,41,,,,,,,,,,,,
Thursday,44110,EU,3.6,2str,44,,,,,,,,,,,,
Friday,43000,EU,3.6,2str,43,,,,,,,,,,,,
Friday,41000,EU,3.6,2str,41,,,,,,,,,,,,
Friday,41000,EU,3.6,2str,41,,,,,,,,,,,,
Friday,41000,EU,3.6,2str,41,,,,,,,,,,,,
Friday,41000,EU,3.6,2str,41,,,,,,,,,,,,
Friday,44000,EU,3.6,2str,44,,,,,,,,,,,,
Friday,41000,EU,3.6,2str,41,,,,,,,,,,,,
Friday,41000,EU,3.6,2str,41,,,,,,,,,,,,
Friday,43000,EU,3.6,2str,43,,,,,,,,,,,,
Friday,44000,EU,3.6,2str,44,,,,,,,,,,,,
Friday,44000,EU,3.6,2str,44,,,,,,,,,,,,
Friday,43400,EU,3.6,2str,43,,,,,,,,,,,,
Friday,42000,EU,3.6,2str,42,,,,,,,,,,,,
Friday,44000,EU,3.6,2str,44,,,,,,,,,,,,
Friday,41000,EU,3.6,2str,41,,,,,,,,,,,,
Friday,42200,EU,3.6,2str,42,,,,,,,,,,,,
Friday,43000,EU,3.6,2str,43,,,,,,,,,,,,
Friday,42200,EU,3.6,2str,42,,,,,,,,,,,,
Friday,43000,EU,3.6,2str,43,,,,,,,,,,,,
Friday,42400,EU,3.6,2str,42,,,,,,,,,,,,
Friday,41400,EU,3.6,2str,41,,,,,,,,,,,,
Friday,44400,EU,3.6,2str,44,,,,,,,,,,,,
Friday,42400,EU,3.6,2str,42,,,,,,,,,,,,
Friday,43000,EU,3.6,2str,43,,,,,,,,,,,,
Friday,42120,EU,3.6,2str,42,,,,,,,,,,,,
Friday,44100,EU,3.6,2str,44,,,,,,,,,,,,
Friday,44100,EU,3.6,2str,44,,,,,,,,,,,,
Friday,43100,EU,3.6,2str,43,,,,,,,,,,,,
Friday,44200,EU,3.6,2str,44,,,,,,,,,,,,
Friday,44400,EU,3.6,2str,44,,,,,,,,,,,,
Friday,42100,EU,3.6,2str,42,,,,,,,,,,,,
Friday,44000,EU,3.6,2str,44,,,,,,,,,,,,
Friday,44000,EU,3.6,2str,44,,,,,,,,,,,,
Friday,43000,EU,3.6,2str,43,,,,,,,,,,,,
Friday,42400,EU,3.6,2str,42,,,,,,,,,,,,
Friday,41400,EU,3.6,2str,41,,,,,,,,,,,,
Friday,44440,EU,3.6,2str,44,,,,,,,,,,,,
Friday,43230,EU,3.6,2str,43,,,,,,,,,,,,
Friday,42200,EU,3.6,2str,42,,,,,,,,,,,,
Friday,41400,EU,3.6,2str,41,,,,,,,,,,,,
Friday,44440,EU,3.6,2str,44,,,,,,,,,,,,
Friday,43230,EU,3.6,2str,43,,,,,,,,,,,,
Friday,42200,EU,3.6,2str,42,,,,,,,,,,,,
Friday,42100,EU,3.6,2str,42,,,,,,,,,,,,
Friday,41410,EU,3.6,2str,41,,,,,,,,,,,,
Friday,41000,EU,3.6,2str,41,,,,,,,,,,,,
Friday,43100,EU,3.6,2str,43,,,,,,,,,,,,
Friday,42000,EU,3.6,2str,42,,,,,,,,,,,,
Friday,43000,EU,3.6,2str,43,,,,,,,,,,,,
Friday,41200,EU,3.6,2str,41,,,,,,,,,,,,
Friday,42100,EU,3.6,2str,42,,,,,,,,,,,,
Friday,42310,EU,3.6,2str,42,,,,,,,,,,,,
Friday,42000,EU,3.6,2str,42,,,,,,,,,,,,
Friday,41200,EU,3.6,2str,41,,,,,,,,,,,,
Friday,42100,EU,3.6,2str,42,,,,,,,,,,,,
Friday,42310,EU,3.6,2str,42,,,,,,,,,,,,
Friday,42000,EU,3.6,2str,42,,,,,,,,,,,,
Friday,44000,EU,3.6,2str,44,,,,,,,,,,,,
Friday,42230,EU,3.6,2str,42,,,,,,,,,,,,
Friday,43000,EU,3.6,2str,43,,,,,,,,,,,,
Friday,43000,EU,3.6,2str,43,,,,,,,,,,,,
Friday,43300,EU,3.6,2str,43,,,,,,,,,,,,
Friday,43300,EU,3.6,2str,43,,,,,,,,,,,,
Friday,43000,EU,3.6,2str,43,,,,,,,,,,,,
Friday,42200,EU,3.6,2str,42,,,,,,,,,,,,
Friday,43000,EU,3.6,2str,43,,,,,,,,,,,,
Friday,42400,EU,3.6,2str,42,,,,,,,,,,,,
Friday,41400,EU,3.6,2str,41,,,,,,,,,,,,
Friday,44400,EU,3.6,2str,44,,,,,,,,,,,,
Friday,42400,EU,3.6,2str,42,,,,,,,,,,,,
Friday,43000,EU,3.6,2str,43,,,,,,,,,,,,
Friday,42120,EU,3.6,2str,42,,,,,,,,,,,,
Friday,41100,EU,3.6,2str,41,,,,,,,,,,,,
Friday,44200,EU,3.6,2str,44,,,,,,,,,,,,
Friday,42000,EU,3.6,2str,42,,,,,,,,,,,,
Friday,42000,EU,3.6,2str,42,,,,,,,,,,,,
Friday,44000,EU,3.6,2str,44,,,,,,,,,,,,
Friday,44200,EU,3.6,2str,44,,,,,,,,,,,,
Friday,43210,EU,3.6,2str,43,,,,,,,,,,,,
Friday,42300,EU,3.6,2str,42,,,,,,,,,,,,
Friday,42000,EU,3.6,2str,42,,,,,,,,,,,,
Friday,44000,EU,3.6,2str,44,,,,,,,,,,,,
Friday,44000,EU,3.6,2str,44,,,,,,,,,,,,
Friday,41000,EU,3.6,2str,41,,,,,,,,,,,,
Friday,41100,EU,3.6,2str,41,,,,,,,,,,,,
Friday,41000,EU,3.6,2str,41,,,,,,,,,,,,
Friday,41000,EU,3.6,2str,41,,,,,,,,,,,,
Friday,44000,EU,3.6,2str,44,,,,,,,,,,,,
Friday,43000,EU,3.6,2str,43,,,,,,,,,,,,
Friday,44000,EU,3.6,2str,44,,,,,,,,,,,,
Friday,43000,EU,3.6,2str,43,,,,,,,,,,,,
Friday,41000,EU,3.6,2str,41,,,,,,,,,,,,
Friday,41000,EU,3.6,2str,41,,,,,,,,,,,,
Friday,42300,EU,3.6,2str,42,,,,,,,,,,,,
Friday,42000,EU,3.6,2str,42,,,,,,,,,,,,
Friday,43000,EU,3.6,2str,43,,,,,,,,,,,,
Friday,42200,EU,3.6,2str,42,,,,,,,,,,,,
Friday,41000,EU,3.6,2str,41,,,,,,,,,,,,
Friday,41000,EU,3.6,2str,41,,,,,,,,,,,,
Friday,42100,EU,3.6,2str,42,,,,,,,,,,,,
Friday,43000,EU,3.6,2str,43,,,,,,,,,,,,
Friday,43000,EU,3.6,2str,43,,,,,,,,,,,,
Friday,41000,EU,3.6,2str,41,,,,,,,,,,,,
Friday,41000,EU,3.6,2str,41,,,,,,,,,,,,
Friday,41000,EU,3.6,2str,41,,,,,,,,,,,,
Friday,41000,EU,3.6,2str,41,,,,,,,,,,,,
Friday,44000,EU,3.6,2str,44,,,,,,,,,,,,
Friday,41000,EU,3.6,2str,41,,,,,,,,,,,,
Friday,41000,EU,3.6,2str,41,,,,,,,,,,,,
Friday,43000,EU,3.6,2str,43,,,,,,,,,,,,
Friday,44000,EU,3.6,2str,44,,,,,,,,,,,,
Friday,44000,EU,3.6,2str,44,,,,,,,,,,,,
Friday,43400,EU,3.6,2str,43,,,,,,,,,,,,
Friday,42000,EU,3.6,2str,42,,,,,,,,,,,,
Friday,44000,EU,3.6,2str,44,,,,,,,,,,,,
Friday,41000,EU,3.6,2str,41,,,,,,,,,,,,
Friday,42200,EU,3.6,2str,42,,,,,,,,,,,,
Friday,43000,EU,3.6,2str,43,,,,,,,,,,,,
Friday,42200,EU,3.6,2str,42,,,,,,,,,,,,
Friday,43000,EU,3.6,2str,43,,,,,,,,,,,,
Friday,42400,EU,3.6,2str,42,,,,,,,,,,,,
Friday,41400,EU,3.6,2str,41,,,,,,,,,,,,
Friday,44400,EU,3.6,2str,44,,,,,,,,,,,,
Friday,42400,EU,3.6,2str,42,,,,,,,,,,,,
Friday,43000,EU,3.6,2str,43,,,,,,,,,,,,
Friday,42120,EU,3.6,2str,42,,,,,,,,,,,,
Friday,44100,EU,3.6,2str,44,,,,,,,,,,,,
Friday,44100,EU,3.6,2str,44,,,,,,,,,,,,
Friday,43100,EU,3.6,2str,43,,,,,,,,,,,,
Friday,44200,EU,3.6,2str,44,,,,,,,,,,,,
Friday,44400,EU,3.6,2str,44,,,,,,,,,,,,
Friday,42100,EU,3.6,2str,42,,,,,,,,,,,,
Friday,44000,EU,3.6,2str,44,,,,,,,,,,,,
Friday,44000,EU,3.6,2str,44,,,,,,,,,,,,
Friday,43000,EU,3.6,2str,43,,,,,,,,,,,,
Friday,42400,EU,3.6,2str,42,,,,,,,,,,,,
Friday,41400,EU,3.6,2str,41,,,,,,,,,,,,
Friday,44440,EU,3.6,2str,44,,,,,,,,,,,,
Friday,43230,EU,3.6,2str,43,,,,,,,,,,,,
Friday,42200,EU,3.6,2str,42,,,,,,,,,,,,
Friday,41400,EU,3.6,2str,41,,,,,,,,,,,,
Friday,44440,EU,3.6,2str,44,,,,,,,,,,,,
Friday,43230,EU,3.6,2str,43,,,,,,,,,,,,
Friday,42200,EU,3.6,2str,42,,,,,,,,,,,,
Friday,42100,EU,3.6,2str,42,,,,,,,,,,,,
Friday,41410,EU,3.6,2str,41,,,,,,,,,,,,
Friday,41000,EU,3.6,2str,41,,,,,,,,,,,,
Friday,43100,EU,3.6,2str,43,,,,,,,,,,,,
Friday,42000,EU,3.6,2str,42,,,,,,,,,,,,
Friday,43000,EU,3.6,2str,43,,,,,,,,,,,,
Friday,41200,EU,3.6,2str,41,,,,,,,,,,,,
Friday,42100,EU,3.6,2str,42,,,,,,,,,,,,
Friday,42310,EU,3.6,2str,42,,,,,,,,,,,,
Friday,42000,EU,3.6,2str,42,,,,,,,,,,,,
Friday,41200,EU,3.6,2str,41,,,,,,,,,,,,
Friday,42100,EU,3.6,2str,42,,,,,,,,,,,,
Friday,42310,EU,3.6,2str,42,,,,,,,,,,,,
Friday,42000,EU,3.6,2str,42,,,,,,,,,,,,
Friday,44000,EU,3.6,2str,44,,,,,,,,,,,,
Friday,42230,EU,3.6,2str,42,,,,,,,,,,,,
Friday,43000,EU,3.6,2str,43,,,,,,,,,,,,
Friday,43000,EU,3.6,2str,43,,,,,,,,,,,,
Friday,43300,EU,3.6,2str,43,,,,,,,,,,,,
Friday,43300,EU,3.6,2str,43,,,,,,,,,,,,
Friday,43000,EU,3.6,2str,43,,,,,,,,,,,,
Friday,42200,EU,3.6,2str,42,,,,,,,,,,,,
Friday,43000,EU,3.6,2str,43,,,,,,,,,,,,
Friday,42400,EU,3.6,2str,42,,,,,,,,,,,,
Friday,41400,EU,3.6,2str,41,,,,,,,,,,,,
Friday,44400,EU,3.6,2str,44,,,,,,,,,,,,
Friday,42400,EU,3.6,2str,42,,,,,,,,,,,,
Friday,43000,EU,3.6,2str,43,,,,,,,,,,,,
Friday,42120,EU,3.6,2str,42,,,,,,,,,,,,
Friday,41100,EU,3.6,2str,41,,,,,,,,,,,,
Friday,44200,EU,3.6,2str,44,,,,,,,,,,,,
Friday,42000,EU,3.6,2str,42,,,,,,,,,,,,
Friday,42000,EU,3.6,2str,42,,,,,,,,,,,,
Friday,44000,EU,3.6,2str,44,,,,,,,,,,,,
Friday,44200,EU,3.6,2str,44,,,,,,,,,,,,
Friday,43210,EU,3.6,2str,43,,,,,,,,,,,,
Friday,42300,EU,3.6,2str,42,,,,,,,,,,,,
Friday,42000,EU,3.6,2str,42,,,,,,,,,,,,
Friday,44000,EU,3.6,2str,44,,,,,,,,,,,,
Friday,44000,EU,3.6,2str,44,,,,,,,,,,,,
Friday,41000,EU,3.6,2str,41,,,,,,,,,,,,
Friday,41100,EU,3.6,2str,41,,,,,,,,,,,,
Friday,41000,EU,3.6,2str,41,,,,,,,,,,,,
Friday,41000,EU,3.6,2str,41,,,,,,,,,,,,
Friday,44000,EU,3.6,2str,44,,,,,,,,,,,,
Friday,43000,EU,3.6,2str,43,,,,,,,,,,,,
Friday,44000,EU,3.6,2str,44,,,,,,,,,,,,
Friday,43000,EU,3.6,2str,43,,,,,,,,,,,,
Friday,41000,EU,3.6,2str,41,,,,,,,,,,,,
Friday,41000,EU,3.6,2str,41,,,,,,,,,,,,
Friday,42300,EU,3.6,2str,42,,,,,,,,,,,,
Friday,42000,EU,3.6,2str,42,,,,,,,,,,,,
Friday,43000,EU,3.6,2str,43,,,,,,,,,,,,
Friday,42200,EU,3.6,2str,42,,,,,,,,,,,,
Friday,41000,EU,3.6,2str,41,,,,,,,,,,,,
Friday,41000,EU,3.6,2str,41,,,,,,,,,,,,
Friday,42100,EU,3.6,2str,42,,,,,,,,,,,,
Friday,43000,EU,3.6,2str,43,,,,,,,,,,,,
Friday,42100,EU,3.6,2str,42,,,,,,,,,,,,
Friday,43200,EU,3.6,2str,43,,,,,,,,,,,,
Friday,43200,EU,3.6,2str,43,,,,,,,,,,,,
Friday,41100,EU,3.6,2str,41,,,,,,,,,,,,
Friday,44400,EU,3.6,2str,44,,,,,,,,,,,,
Friday,42400,EU,3.6,2str,42,,,,,,,,,,,,
Friday,42400,EU,3.6,2str,42,,,,,,,,,,,,
Friday,43400,EU,3.6,2str,43,,,,,,,,,,,,
Friday,42100,EU,3.6,2str,42,,,,,,,,,,,,
Friday,42300,EU,3.6,2str,42,,,,,,,,,,,,
Friday,41400,EU,3.6,2str,41,,,,,,,,,,,,
Friday,42100,EU,3.6,2str,42,,,,,,,,,,,,
Friday,42200,EU,3.6,2str,42,,,,,,,,,,,,
Friday,41300,EU,3.6,2str,41,,,,,,,,,,,,
Friday,42000,EU,3.6,2str,42,,,,,,,,,,,,
Friday,43400,EU,3.6,2str,43,,,,,,,,,,,,
Friday,43300,EU,3.6,2str,43,,,,,,,,,,,,
Friday,44220,EU,3.6,2str,44,,,,,,,,,,,,
Friday,43000,EU,3.6,2str,43,,,,,,,,,,,,
Friday,41300,EU,3.6,2str,41,,,,,,,,,,,,
Friday,44300,EU,3.6,2str,44,,,,,,,,,,,,
Friday,41000,EU,3.6,2str,41,,,,,,,,,,,,
Friday,42300,EU,3.6,2str,42,,,,,,,,,,,,
Friday,42200,EU,3.6,2str,42,,,,,,,,,,,,
Friday,43300,EU,3.6,2str,43,,,,,,,,,,,,
Friday,42200,EU,3.6,2str,42,,,,,,,,,,,,
Friday,43300,EU,3.6,2str,43,,,,,,,,,,,,
Friday,41340,EU,3.6,2str,41,,,,,,,,,,,,
Friday,41000,EU,3.6,2str,41,,,,,,,,,,,,
Friday,41000,EU,3.6,2str,41,,,,,,,,,,,,
Friday,44000,EU,3.6,2str,44,,,,,,,,,,,,
Friday,44000,EU,3.6,2str,44,,,,,,,,,,,,
Friday,42100,EU,3.6,2str,42,,,,,,,,,,,,
Friday,44000,EU,3.6,2str,44,,,,,,,,,,,,
Friday,42000,EU,3.6,2str,42,,,,,,,,,,,,
Friday,43000,EU,3.6,2str,43,,,,,,,,,,,,
Friday,44000,EU,3.6,2str,44,,,,,,,,,,,,
Friday,44420,EU,3.6,2str,44,,,,,,,,,,,,
Friday,41330,EU,3.6,2str,41,,,,,,,,,,,,
Friday,43300,EU,3.6,2str,43,,,,,,,,,,,,
Friday,44000,EU,3.6,2str,44,,,,,,,,,,,,
Friday,43000,EU,3.6,2str,43,,,,,,,,,,,,
Friday,43100,EU,3.6,2str,43,,,,,,,,,,,,
Friday,41200,EU,3.6,2str,41,,,,,,,,,,,,
Friday,42400,EU,3.6,2str,42,,,,,,,,,,,,
Friday,43110,EU,3.6,2str,43,,,,,,,,,,,,
Friday,42000,EU,3.6,2str,42,,,,,,,,,,,,
Friday,41240,EU,3.6,2str,41,,,,,,,,,,,,
Friday,44300,EU,3.6,2str,44,,,,,,,,,,,,
Friday,42200,EU,3.6,2str,42,,,,,,,,,,,,
Friday,43400,EU,3.6,2str,43,,,,,,,,,,,,
Friday,41000,EU,3.6,2str,41,,,,,,,,,,,,
Friday,43000,EU,3.6,2str,43,,,,,,,,,,,,
Friday,44000,EU,3.6,2str,44,,,,,,,,,,,,
Friday,43400,EU,3.6,2str,43,,,,,,,,,,,,
Friday,42400,EU,3.6,2str,42,,,,,,,,,,,,
Friday,42200,EU,3.6,2str,42,,,,,,,,,,,,
Friday,42100,EU,3.6,2str,42,,,,,,,,,,,,
Friday,44240,EU,3.6,2str,44,,,,,,,,,,,,
Friday,41400,EU,3.6,2str,41,,,,,,,,,,,,
Friday,43300,EU,3.6,2str,43,,,,,,,,,,,,
Friday,42300,EU,3.6,2str,42,,,,,,,,,,,,
Friday,42200,EU,3.6,2str,42,,,,,,,,,,,,
Friday,43300,EU,3.6,2str,43,,,,,,,,,,,,
Friday,42200,EU,3.6,2str,42,,,,,,,,,,,,
Friday,43300,EU,3.6,2str,43,,,,,,,,,,,,
Friday,41340,EU,3.6,2str,41,,,,,,,,,,,,
Friday,41000,EU,3.6,2str,41,,,,,,,,,,,,
Friday,41000,EU,3.6,2str,41,,,,,,,,,,,,
Friday,44000,EU,3.6,2str,44,,,,,,,,,,,,
Friday,44000,EU,3.6,2str,44,,,,,,,,,,,,
Friday,42100,EU,3.6,2str,42,,,,,,,,,,,,
Friday,44000,EU,3.6,2str,44,,,,,,,,,,,,
Friday,42000,EU,3.6,2str,42,,,,,,,,,,,,
Friday,43000,EU,3.6,2str,43,,,,,,,,,,,,
Friday,44000,EU,3.6,2str,44,,,,,,,,,,,,
Friday,44420,EU,3.6,2str,44,,,,,,,,,,,,
Friday,41330,EU,3.6,2str,41,,,,,,,,,,,,
Friday,43300,EU,3.6,2str,43,,,,,,,,,,,,
Friday,44000,EU,3.6,2str,44,,,,,,,,,,,,
Friday,43000,EU,3.6,2str,43,,,,,,,,,,,,
Friday,43100,EU,3.6,2str,43,,,,,,,,,,,,
Friday,41200,EU,3.6,2str,41,,,,,,,,,,,,
Friday,42400,EU,3.6,2str,42,,,,,,,,,,,,
Friday,43110,EU,3.6,2str,43,,,,,,,,,,,,
Friday,42000,EU,3.6,2str,42,,,,,,,,,,,,
Friday,41240,EU,3.6,2str,41,,,,,,,,,,,,
Friday,44300,EU,3.6,2str,44,,,,,,,,,,,,
Friday,42200,EU,3.6,2str,42,,,,,,,,,,,,
Friday,43400,EU,3.6,2str,43,,,,,,,,,,,,
Friday,41000,EU,3.6,2str,41,,,,,,,,,,,,
Friday,43000,EU,3.6,2str,43,,,,,,,,,,,,
Friday,44000,EU,3.6,2str,44,,,,,,,,,,,,
Friday,43400,EU,3.6,2str,43,,,,,,,,,,,,
Friday,42400,EU,3.6,2str,42,,,,,,,,,,,,
Friday,42200,EU,3.6,2str,42,,,,,,,,,,,,
Friday,42100,EU,3.6,2str,42,,,,,,,,,,,,
Friday,44240,EU,3.6,2str,44,,,,,,,,,,,,
Friday,41400,EU,3.6,2str,41,,,,,,,,,,,,
Friday,43300,EU,3.6,2str,43,,,,,,,,,,,,
Friday,43300,EU,3.6,2str,43,,,,,,,,,,,,
Friday,43210,EU,3.6,2str,43,,,,,,,,,,,,
Friday,43000,EU,3.6,2str,43,,,,,,,,,,,,
Friday,43100,EU,3.6,2str,43,,,,,,,,,,,,
Friday,41100,EU,3.6,2str,41,,,,,,,,,,,,
Friday,43400,EU,3.6,2str,43,,,,,,,,,,,,
Friday,43200,EU,3.6,2str,43,,,,,,,,,,,,
Friday,41000,EU,3.6,2str,41,,,,,,,,,,,,
Friday,43000,EU,3.6,2str,43,,,,,,,,,,,,
Friday,41000,EU,3.6,2str,41,,,,,,,,,,,,
Friday,42000,EU,3.6,2str,42,,,,,,,,,,,,
Friday,43400,EU,3.6,2str,43,,,,,,,,,,,,
Friday,44000,EU,3.6,2str,44,,,,,,,,,,,,
Friday,44200,EU,3.6,2str,44,,,,,,,,,,,,
Friday,41200,EU,3.6,2str,41,,,,,,,,,,,,
Friday,41000,EU,3.6,2str,41,,,,,,,,,,,,
Friday,44000,EU,3.6,2str,44,,,,,,,,,,,,
Friday,44000,EU,3.6,2str,44,,,,,,,,,,,,
Friday,41000,EU,3.6,2str,41,,,,,,,,,,,,
Friday,44000,EU,3.6,2str,44,,,,,,,,,,,,
Friday,42100,EU,3.6,2str,42,,,,,,,,,,,,
Friday,43000,EU,3.6,2str,43,,,,,,,,,,,,
Friday,41400,EU,3.6,2str,41,,,,,,,,,,,,
Friday,43100,EU,3.6,2str,43,,,,,,,,,,,,
Friday,41000,EU,3.6,2str,41,,,,,,,,,,,,
Friday,43420,EU,3.6,2str,43,,,,,,,,,,,,
Friday,42220,EU,3.6,2str,42,,,,,,,,,,,,
Friday,43000,EU,3.6,2str,43,,,,,,,,,,,,
Friday,44400,EU,3.6,2str,44,,,,,,,,,,,,
Friday,43000,EU,3.6,2str,43,,,,,,,,,,,,
Friday,43000,EU,3.6,2str,43,,,,,,,,,,,,
Friday,41000,EU,3.6,2str,41,,,,,,,,,,,,
Friday,43300,EU,3.6,2str,43,,,,,,,,,,,,
Friday,43200,EU,3.6,2str,43,,,,,,,,,,,,
Friday,43400,EU,3.6,2str,43,,,,,,,,,,,,
Friday,42000,EU,3.6,2str,42,,,,,,,,,,,,
Friday,43000,EU,3.6,2str,43,,,,,,,,,,,,
Friday,41300,EU,3.6,2str,41,,,,,,,,,,,,
Friday,43000,EU,3.6,2str,43,,,,,,,,,,,,
Friday,44400,EU,3.6,2str,44,,,,,,,,,,,,
Friday,43300,EU,3.6,2str,43,,,,,,,,,,,,
Friday,43300,EU,3.6,2str,43,,,,,,,,,,,,
Friday,41000,EU,3.6,2str,41,,,,,,,,,,,,
Friday,42000,EU,3.6,2str,42,,,,,,,,,,,,
Friday,42000,EU,3.6,2str,42,,,,,,,,,,,,
Friday,43200,EU,3.6,2str,43,,,,,,,,,,,,
Friday,41000,EU,3.6,2str,41,,,,,,,,,,,,
Friday,44000,EU,3.6,2str,44,,,,,,,,,,,,
Friday,44000,EU,3.6,2str,44,,,,,,,,,,,,
Friday,41400,EU,3.6,2str,41,,,,,,,,,,,,
Friday,41000,EU,3.6,2str,41,,,,,,,,,,,,
Friday,42000,EU,3.6,2str,42,,,,,,,,,,,,
Friday,41000,EU,3.6,2str,41,,,,,,,,,,,,
Friday,41000,EU,3.6,2str,41,,,,,,,,,,,,
Friday,43000,EU,3.6,2str,43,,,,,,,,,,,,
Friday,44000,EU,3.6,2str,44,,,,,,,,,,,,
Sunday,41341,EU,3.6,3str,413,,,,,,,,,,,,
Sunday,41342,EU,3.6,3str,413,,,,,,,,,,,,
Sunday,41342,EU,3.6,3str,413,,,,,,,,,,,,
Sunday,42230,EU,3.6,2str,42,,,,,,,,,,,,
Sunday,42241,EU,3.6,3str,422,,,,,,,,,,,,
Sunday,42321,EU,3.6,3str,423,,,,,,,,,,,,
Sunday,43221,EU,3.6,3str,432,,,,,,,,,,,,
Sunday,43313,EU,3.6,3str,433,,,,,,,,,,,,
Sunday,44134,EU,3.6,3str,441,,,,,,,,,,,,
Sunday,44144,EU,3.6,3str,441,,,,,,,,,,,,
Sunday,44334,EU,3.6,3str,443,,,,,,,,,,,,
Sunday,44444,EU,3.6,3str,444,,,,,,,,,,,,
Monday,41121,EU,3.6,3str,411,,,,,,,,,,,,
Monday,44232,EU,3.6,3str,442,,,,,,,,,,,,
Monday,44234,EU,3.6,3str,442,,,,,,,,,,,,
Monday,44433,EU,3.6,3str,444,,,,,,,,,,,,
Monday,44444,EU,3.6,3str,444,,,,,,,,,,,,
Tuesday,41133,EU,3.6,3str,411,,,,,,,,,,,,
Tuesday,41142,EU,3.6,3str,411,,,,,,,,,,,,
Tuesday,41211,EU,3.6,3str,412,,,,,,,,,,,,
Tuesday,42232,EU,3.6,3str,422,,,,,,,,,,,,
Tuesday,44421,EU,3.6,3str,444,,,,,,,,,,,,
Wednesday,41114,EU,3.6,3str,411,,,,,,,,,,,,
Wednesday,41122,EU,3.6,3str,411,,,,,,,,,,,,
Wednesday,41412,EU,3.6,3str,414,,,,,,,,,,,,
Wednesday,41432,EU,3.6,3str,414,,,,,,,,,,,,
Wednesday,42413,EU,3.6,3str,424,,,,,,,,,,,,
Wednesday,43132,EU,3.6,3str,431,,,,,,,,,,,,
Wednesday,43210,EU,3.6,2str,43,,,,,,,,,,,,
Wednesday,43432,EU,3.6,3str,434,,,,,,,,,,,,
Wednesday,44113,EU,3.6,3str,441,,,,,,,,,,,,
Wednesday,44313,EU,3.6,3str,443,,,,,,,,,,,,
Wednesday,44331,EU,3.6,3str,443,,,,,,,,,,,,
Wednesday,44432,EU,3.6,3str,444,,,,,,,,,,,,
Thursday,41140,EU,3.6,2str,41,,,,,,,,,,,,
Thursday,41312,EU,3.6,3str,413,,,,,,,,,,,,
Thursday,41344,EU,3.6,3str,413,,,,,,,,,,,,
Thursday,41421,EU,3.6,3str,414,,,,,,,,,,,,
Thursday,42124,EU,3.6,3str,421,,,,,,,,,,,,
Thursday,42143,EU,3.6,3str,421,,,,,,,,,,,,
Thursday,42212,EU,3.6,3str,422,,,,,,,,,,,,
Thursday,42411,EU,3.6,3str,424,,,,,,,,,,,,
Thursday,42412,EU,3.6,3str,424,,,,,,,,,,,,
Thursday,42434,EU,3.6,3str,424,,,,,,,,,,,,
Thursday,42441,EU,3.6,3str,424,,,,,,,,,,,,
Thursday,43144,EU,3.6,3str,431,,,,,,,,,,,,
Thursday,43231,EU,3.6,3str,432,,,,,,,,,,,,
Thursday,43243,EU,3.6,3str,432,,,,,,,,,,,,
Thursday,43320,EU,3.6,2str,43,,,,,,,,,,,,
Thursday,43331,EU,3.6,3str,433,,,,,,,,,,,,
Thursday,43443,EU,3.6,3str,434,,,,,,,,,,,,
Thursday,44242,EU,3.6,3str,442,,,,,,,,,,,,
Thursday,44322,EU,3.6,3str,443,,,,,,,,,,,,
Thursday,44323,EU,3.6,3str,443,,,,,,,,,,,,
Thursday,44332,EU,3.6,3str,443,,,,,,,,,,,,
Thursday,44341,EU,3.6,3str,443,,,,,,,,,,,,
Friday,41113,EU,3.6,3str,411,,,,,,,,,,,,
Friday,42141,EU,3.6,3str,421,,,,,,,,,,,,
Friday,42322,EU,3.6,3str,423,,,,,,,,,,,,
Friday,42334,EU,3.6,3str,423,,,,,,,,,,,,
Friday,43121,EU,3.6,3str,431,,,,,,,,,,,,
Friday,43233,EU,3.6,3str,432,,,,,,,,,,,,
Friday,44131,EU,3.6,3str,441,,,,,,,,,,,,
Saturday,41112,EU,3.6,3str,411,,,,,,,,,,,,
Saturday,41134,EU,3.6,3str,411,,,,,,,,,,,,
Saturday,41244,EU,3.6,3str,412,,,,,,,,,,,,
Saturday,41311,EU,3.6,3str,413,,,,,,,,,,,,
Saturday,41322,EU,3.6,3str,413,,,,,,,,,,,,
Saturday,41411,EU,3.6,3str,414,,,,,,,,,,,,
Saturday,41424,EU,3.6,3str,414,,,,,,,,,,,,
Saturday,41442,EU,3.6,3str,414,,,,,,,,,,,,
Saturday,42132,EU,3.6,3str,421,,,,,,,,,,,,
Saturday,42224,EU,3.6,3str,422,,,,,,,,,,,,
Saturday,42313,EU,3.6,3str,423,,,,,,,,,,,,
Saturday,43123,EU,3.6,3str,431,,,,,,,,,,,,
Saturday,43142,EU,3.6,3str,431,,,,,,,,,,,,
Saturday,43211,EU,3.6,3str,432,,,,,,,,,,,,
Saturday,43322,EU,3.6,3str,433,,,,,,,,,,,,
Saturday,43342,EU,3.6,3str,433,,,,,,,,,,,,
Saturday,44124,EU,3.6,3str,441,,,,,,,,,,,,
Saturday,44212,EU,3.6,3str,442,,,,,,,,,,,,
Saturday,44423,EU,3.6,3str,444,,,,,,,,,,,,
Sunday,41100,EU,3.6,2str,41,,,,,,,,,,,,
Sunday,41310,EU,3.6,2str,41,,,,,,,,,,,,
Sunday,41320,EU,3.6,2str,41,,,,,,,,,,,,
Sunday,41341,EU,3.6,3str,413,,,,,,,,,,,,
Sunday,41342,EU,3.6,3str,413,,,,,,,,,,,,
Sunday,41342,EU,3.6,3str,413,,,,,,,,,,,,
Sunday,41410,EU,3.6,2str,41,,,,,,,,,,,,
Sunday,42230,EU,3.6,2str,42,,,,,,,,,,,,
Sunday,42241,EU,3.6,3str,422,,,,,,,,,,,,
Sunday,42310,EU,3.6,2str,42,,,,,,,,,,,,
Sunday,42321,EU,3.6,3str,423,,,,,,,,,,,,
Sunday,42420,EU,3.6,2str,42,,,,,,,,,,,,
Sunday,43220,EU,3.6,2str,43,,,,,,,,,,,,
Sunday,43221,EU,3.6,3str,432,,,,,,,,,,,,
Sunday,43230,EU,3.6,2str,43,,,,,,,,,,,,
Sunday,43230,EU,3.6,2str,43,,,,,,,,,,,,
Sunday,43313,EU,3.6,3str,433,,,,,,,,,,,,
Sunday,43320,EU,3.6,2str,43,,,,,,,,,,,,
Sunday,44134,EU,3.6,3str,441,,,,,,,,,,,,
Sunday,44140,EU,3.6,2str,44,,,,,,,,,,,,
Sunday,44144,EU,3.6,3str,441,,,,,,,,,,,,
Sunday,44334,EU,3.6,3str,443,,,,,,,,,,,,
Sunday,44340,EU,3.6,2str,44,,,,,,,,,,,,
Sunday,44340,EU,3.6,2str,44,,,,,,,,,,,,
Sunday,44444,EU,3.6,3str,444,,,,,,,,,,,,
Monday,41121,EU,3.6,3str,411,,,,,,,,,,,,
Monday,41242,EU,3.6,3str,412,,,,,,,,,,,,
Monday,41320,EU,3.6,2str,41,,,,,,,,,,,,
Monday,41420,EU,3.6,2str,41,,,,,,,,,,,,
Monday,42130,EU,3.6,2str,42,,,,,,,,,,,,
Monday,42320,EU,3.6,2str,42,,,,,,,,,,,,
Monday,42340,EU,3.6,2str,42,,,,,,,,,,,,
Monday,42430,EU,3.6,2str,42,,,,,,,,,,,,
Monday,43000,EU,3.6,2str,43,,,,,,,,,,,,
Monday,43110,EU,3.6,2str,43,,,,,,,,,,,,
Monday,43130,EU,3.6,2str,43,,,,,,,,,,,,
Monday,43210,EU,3.6,2str,43,,,,,,,,,,,,
Monday,43240,EU,3.6,2str,43,,,,,,,,,,,,
Monday,43310,EU,3.6,2str,43,,,,,,,,,,,,
Monday,44232,EU,3.6,3str,442,,,,,,,,,,,,
Monday,44232,EU,3.6,3str,442,,,,,,,,,,,,
Monday,44234,EU,3.6,3str,442,,,,,,,,,,,,
Monday,44320,EU,3.6,2str,44,,,,,,,,,,,,
Monday,44433,EU,3.6,3str,444,,,,,,,,,,,,
Monday,44434,EU,3.6,3str,444,,,,,,,,,,,,
Monday,44444,EU,3.6,3str,444,,,,,,,,,,,,
Tuesday,41130,EU,3.6,2str,41,,,,,,,,,,,,
Tuesday,41133,EU,3.6,3str,411,,,,,,,,,,,,
Tuesday,41142,EU,3.6,3str,411,,,,,,,,,,,,
Tuesday,41211,EU,3.6,3str,412,,,,,,,,,,,,
Tuesday,41220,EU,3.6,2str,41,,,,,,,,,,,,
Tuesday,41400,EU,3.6,2str,41,,,,,,,,,,,,
Tuesday,42220,EU,3.6,2str,42,,,,,,,,,,,,
Tuesday,42232,EU,3.6,3str,422,,,,,,,,,,,,
Tuesday,42320,EU,3.6,2str,42,,,,,,,,,,,,
Tuesday,42424,EU,3.6,3str,424,,,,,,,,,,,,
Tuesday,43220,EU,3.6,2str,43,,,,,,,,,,,,
Tuesday,43240,EU,3.6,2str,43,,,,,,,,,,,,
Tuesday,43334,EU,3.6,3str,433,,,,,,,,,,,,
Tuesday,44421,EU,3.6,3str,444,,,,,,,,,,,,
Wednesday,41114,EU,3.6,3str,411,,,,,,,,,,,,
Wednesday,41120,EU,3.6,2str,41,,,,,,,,,,,,
Wednesday,41122,EU,3.6,3str,411,,,,,,,,,,,,
Wednesday,41220,EU,3.6,2str,41,,,,,,,,,,,,
Wednesday,41220,EU,3.6,2str,41,,,,,,,,,,,,
Wednesday,41221,EU,3.6,3str,412,,,,,,,,,,,,
Wednesday,41320,EU,3.6,2str,41,,,,,,,,,,,,
Wednesday,41330,EU,3.6,2str,41,,,,,,,,,,,,
Wednesday,41330,EU,3.6,2str,41,,,,,,,,,,,,
Wednesday,41400,EU,3.6,2str,41,,,,,,,,,,,,
Wednesday,41412,EU,3.6,3str,414,,,,,,,,,,,,
Wednesday,41420,EU,3.6,2str,41,,,,,,,,,,,,
Wednesday,41432,EU,3.6,3str,414,,,,,,,,,,,,
Wednesday,42100,EU,3.6,2str,42,,,,,,,,,,,,
Wednesday,42100,EU,3.6,2str,42,,,,,,,,,,,,
Wednesday,42111,EU,3.6,3str,421,,,,,,,,,,,,
Wednesday,42120,EU,3.6,2str,42,,,,,,,,,,,,
Wednesday,42210,EU,3.6,2str,42,,,,,,,,,,,,
Wednesday,42220,EU,3.6,2str,42,,,,,,,,,,,,
Wednesday,42240,EU,3.6,2str,42,,,,,,,,,,,,
Wednesday,42300,EU,3.6,2str,42,,,,,,,,,,,,
Wednesday,42300,EU,3.6,2str,42,,,,,,,,,,,,
Wednesday,42320,EU,3.6,2str,42,,,,,,,,,,,,
Wednesday,42330,EU,3.6,2str,42,,,,,,,,,,,,
Wednesday,42413,EU,3.6,3str,424,,,,,,,,,,,,
Wednesday,43110,EU,3.6,2str,43,,,,,,,,,,,,
Wednesday,43110,EU,3.6,2str,43,,,,,,,,,,,,
Wednesday,43130,EU,3.6,2str,43,,,,,,,,,,,,
Wednesday,43132,EU,3.6,3str,431,,,,,,,,,,,,
Wednesday,43140,EU,3.6,2str,43,,,,,,,,,,,,
Wednesday,43210,EU,3.6,2str,43,,,,,,,,,,,,
Wednesday,43330,EU,3.6,2str,43,,,,,,,,,,,,
Wednesday,43334,EU,3.6,3str,433,,,,,,,,,,,,
Wednesday,43340,EU,3.6,2str,43,,,,,,,,,,,,
Wednesday,43430,EU,3.6,2str,43,,,,,,,,,,,,
Wednesday,43432,EU,3.6,3str,434,,,,,,,,,,,,
Wednesday,43434,EU,3.6,3str,434,,,,,,,,,,,,
Wednesday,44110,EU,3.6,2str,44,,,,,,,,,,,,
Wednesday,44110,EU,3.6,2str,44,,,,,,,,,,,,
Wednesday,44113,EU,3.6,3str,441,,,,,,,,,,,,
Wednesday,44120,EU,3.6,2str,44,,,,,,,,,,,,
Wednesday,44130,EU,3.6,2str,44,,,,,,,,,,,,
Wednesday,44240,EU,3.6,2str,44,,,,,,,,,,,,
Wednesday,44313,EU,3.6,3str,443,,,,,,,,,,,,
Wednesday,44320,EU,3.6,2str,44,,,,,,,,,,,,
Wednesday,44331,EU,3.6,3str,443,,,,,,,,,,,,
Wednesday,44340,EU,3.6,2str,44,,,,,,,,,,,,
Wednesday,44340,EU,3.6,2str,44,,,,,,,,,,,,
Wednesday,44410,EU,3.6,2str,44,,,,,,,,,,,,
Wednesday,44420,EU,3.6,2str,44,,,,,,,,,,,,
Wednesday,44432,EU,3.6,3str,444,,,,,,,,,,,,
Wednesday,44440,EU,3.6,2str,44,,,,,,,,,,,,
Wednesday,44440,EU,3.6,2str,44,,,,,,,,,,,,
Thursday,41140,EU,3.6,2str,41,,,,,,,,,,,,
Thursday,41312,EU,3.6,3str,413,,,,,,,,,,,,
Thursday,41344,EU,3.6,3str,413,,,,,,,,,,,,
Thursday,41421,EU,3.6,3str,414,,,,,,,,,,,,
Thursday,42000,EU,3.6,2str,42,,,,,,,,,,,,
Thursday,42124,EU,3.6,3str,421,,,,,,,,,,,,
Thursday,42143,EU,3.6,3str,421,,,,,,,,,,,,
Thursday,42212,EU,3.6,3str,422,,,,,,,,,,,,
Thursday,42411,EU,3.6,3str,424,,,,,,,,,,,,
Thursday,42412,EU,3.6,3str,424,,,,,,,,,,,,
Thursday,42434,EU,3.6,3str,424,,,,,,,,,,,,
Thursday,42441,EU,3.6,3str,424,,,,,,,,,,,,
Thursday,42443,EU,3.6,3str,424,,,,,,,,,,,,
Thursday,43144,EU,3.6,3str,431,,,,,,,,,,,,
Thursday,43231,EU,3.6,3str,432,,,,,,,,,,,,
Thursday,43243,EU,3.6,3str,432,,,,,,,,,,,,
Thursday,43320,EU,3.6,2str,43,,,,,,,,,,,,
Thursday,43331,EU,3.6,3str,433,,,,,,,,,,,,
Thursday,43443,EU,3.6,3str,434,,,,,,,,,,,,
Thursday,44233,EU,3.6,3str,442,,,,,,,,,,,,
Thursday,44242,EU,3.6,3str,442,,,,,,,,,,,,
Thursday,44322,EU,3.6,3str,443,,,,,,,,,,,,
Thursday,44323,EU,3.6,3str,443,,,,,,,,,,,,
Thursday,44332,EU,3.6,3str,443,,,,,,,,,,,,
Thursday,44341,EU,3.6,3str,443,,,,,,,,,,,,
Friday,41113,EU,3.6,3str,411,,,,,,,,,,,,
Friday,41120,EU,3.6,2str,41,,,,,,,,,,,,
Friday,41130,EU,3.6,2str,41,,,,,,,,,,,,
Friday,41222,EU,3.6,3str,412,,,,,,,,,,,,
Friday,42141,EU,3.6,3str,421,,,,,,,,,,,,
Friday,42322,EU,3.6,3str,423,,,,,,,,,,,,
Friday,42334,EU,3.6,3str,423,,,,,,,,,,,,
Friday,43121,EU,3.6,3str,431,,,,,,,,,,,,
Friday,43233,EU,3.6,3str,432,,,,,,,,,,,,
Friday,43441,EU,3.6,3str,434,,,,,,,,,,,,
Friday,44120,EU,3.6,2str,44,,,,,,,,,,,,
Friday,44131,EU,3.6,3str,441,,,,,,,,,,,,
Friday,44320,EU,3.6,2str,44,,,,,,,,,,,,
Saturday,41100,EU,3.6,2str,41,,,,,,,,,,,,
Saturday,41112,EU,3.6,3str,411,,,,,,,,,,,,
Saturday,41120,EU,3.6,2str,41,,,,,,,,,,,,
Saturday,41120,EU,3.6,2str,41,,,,,,,,,,,,
Saturday,41134,EU,3.6,3str,411,,,,,,,,,,,,
Saturday,41220,EU,3.6,2str,41,,,,,,,,,,,,
Saturday,41220,EU,3.6,2str,41,,,,,,,,,,,,
Saturday,41220,EU,3.6,2str,41,,,,,,,,,,,,
Saturday,41220,EU,3.6,2str,41,,,,,,,,,,,,
Saturday,41220,EU,3.6,2str,41,,,,,,,,,,,,
Saturday,41220,EU,3.6,2str,41,,,,,,,,,,,,
Saturday,41244,EU,3.6,3str,412,,,,,,,,,,,,
Saturday,41311,EU,3.6,3str,413,,,,,,,,,,,,
Saturday,41322,EU,3.6,3str,413,,,,,,,,,,,,
Saturday,41410,EU,3.6,2str,41,,,,,,,,,,,,
Saturday,41410,EU,3.6,2str,41,,,,,,,,,,,,
Saturday,41411,EU,3.6,3str,414,,,,,,,,,,,,
Saturday,41420,EU,3.6,2str,41,,,,,,,,,,,,
Saturday,41424,EU,3.6,3str,414,,,,,,,,,,,,
Saturday,41430,EU,3.6,2str,41,,,,,,,,,,,,
Saturday,41430,EU,3.6,2str,41,,,,,,,,,,,,
Saturday,41442,EU,3.6,3str,414,,,,,,,,,,,,
Saturday,42110,EU,3.6,2str,42,,,,,,,,,,,,
Saturday,42110,EU,3.6,2str,42,,,,,,,,,,,,
Saturday,42132,EU,3.6,3str,421,,,,,,,,,,,,
Saturday,42224,EU,3.6,3str,422,,,,,,,,,,,,
Saturday,42230,EU,3.6,2str,42,,,,,,,,,,,,
Saturday,42230,EU,3.6,2str,42,,,,,,,,,,,,
Saturday,42310,EU,3.6,2str,42,,,,,,,,,,,,
Saturday,42313,EU,3.6,3str,423,,,,,,,,,,,,
Saturday,42320,EU,3.6,2str,42,,,,,,,,,,,,
Saturday,42320,EU,3.6,2str,42,,,,,,,,,,,,
Saturday,42410,EU,3.6,2str,42,,,,,,,,,,,,
Saturday,42420,EU,3.6,2str,42,,,,,,,,,,,,
Saturday,42420,EU,3.6,2str,42,,,,,,,,,,,,
Saturday,42430,EU,3.6,2str,42,,,,,,,,,,,,
Saturday,42430,EU,3.6,2str,42,,,,,,,,,,,,
Saturday,42440,EU,3.6,2str,42,,,,,,,,,,,,
Saturday,42440,EU,3.6,2str,42,,,,,,,,,,,,
Saturday,42440,EU,3.6,2str,42,,,,,,,,,,,,
Saturday,43120,EU,3.6,2str,43,,,,,,,,,,,,
Saturday,43120,EU,3.6,2str,43,,,,,,,,,,,,
Saturday,43123,EU,3.6,3str,431,,,,,,,,,,,,
Saturday,43142,EU,3.6,3str,431,,,,,,,,,,,,
Saturday,43210,EU,3.6,2str,43,,,,,,,,,,,,
Saturday,43210,EU,3.6,2str,43,,,,,,,,,,,,
Saturday,43211,EU,3.6,3str,432,,,,,,,,,,,,
Saturday,43230,EU,3.6,2str,43,,,,,,,,,,,,
Saturday,43240,EU,3.6,2str,43,,,,,,,,,,,,
Saturday,43240,EU,3.6,2str,43,,,,,,,,,,,,
Saturday,43240,EU,3.6,2str,43,,,,,,,,,,,,
Saturday,43310,EU,3.6,2str,43,,,,,,,,,,,,
Saturday,43310,EU,3.6,2str,43,,,,,,,,,,,,
Saturday,43310,EU,3.6,2str,43,,,,,,,,,,,,
Saturday,43320,EU,3.6,2str,43,,,,,,,,,,,,
Saturday,43322,EU,3.6,3str,433,,,,,,,,,,,,
Saturday,43342,EU,3.6,3str,433,,,,,,,,,,,,
Saturday,43410,EU,3.6,2str,43,,,,,,,,,,,,
Saturday,43410,EU,3.6,2str,43,,,,,,,,,,,,
Saturday,43410,EU,3.6,2str,43,,,,,,,,,,,,
Saturday,43420,EU,3.6,2str,43,,,,,,,,,,,,
Saturday,43420,EU,3.6,2str,43,,,,,,,,,,,,
Saturday,43430,EU,3.6,2str,43,,,,,,,,,,,,
Saturday,44110,EU,3.6,2str,44,,,,,,,,,,,,
Saturday,44124,EU,3.6,3str,441,,,,,,,,,,,,
Saturday,44130,EU,3.6,2str,44,,,,,,,,,,,,
Saturday,44130,EU,3.6,2str,44,,,,,,,,,,,,
Saturday,44130,EU,3.6,2str,44,,,,,,,,,,,,
Saturday,44210,EU,3.6,2str,44,,,,,,,,,,,,
Saturday,44210,EU,3.6,2str,44,,,,,,,,,,,,
Saturday,44210,EU,3.6,2str,44,,,,,,,,,,,,
Saturday,44210,EU,3.6,2str,44,,,,,,,,,,,,
Saturday,44212,EU,3.6,3str,442,,,,,,,,,,,,
Saturday,44220,EU,3.6,2str,44,,,,,,,,,,,,
Saturday,44240,EU,3.6,2str,44,,,,,,,,,,,,
Saturday,44320,EU,3.6,2str,44,,,,,,,,,,,,
Saturday,44322,EU,3.6,3str,443,,,,,,,,,,,,
Saturday,44330,EU,3.6,2str,44,,,,,,,,,,,,
Saturday,44330,EU,3.6,2str,44,,,,,,,,,,,,
Saturday,44420,EU,3.6,2str,44,,,,,,,,,,,,
Saturday,44420,EU,3.6,2str,44,,,,,,,,,,,,
Saturday,44423,EU,3.6,3str,444,,,,,,,,,,,,
Wednesday,43400,EU,3.6,2str,43,,,,,,,,,,,,
Wednesday,42300,EU,3.6,2str,42,,,,,,,,,,,,
Wednesday,44100,EU,3.6,2str,44,,,,,,,,,,,,
Wednesday,41100,EU,3.6,2str,41,,,,,,,,,,,,
Wednesday,42330,EU,3.6,2str,42,,,,,,,,,,,,
Thursday,42440,EU,3.6,2str,42,,,,,,,,,,,,
Thursday,44100,EU,3.6,2str,44,,,,,,,,,,,,
Thursday,44000,EU,3.6,2str,44,,,,,,,,,,,,
Thursday,44400,EU,3.6,2str,44,,,,,,,,,,,,
Thursday,41300,EU,3.6,2str,41,,,,,,,,,,,,
Thursday,44110,EU,3.6,2str,44,,,,,,,,,,,,
Friday,43000,EU,3.6,2str,43,,,,,,,,,,,,
Friday,41000,EU,3.6,2str,41,,,,,,,,,,,,
Friday,41000,EU,3.6,2str,41,,,,,,,,,,,,
Friday,41000,EU,3.6,2str,41,,,,,,,,,,,,
Friday,41000,EU,3.6,2str,41,,,,,,,,,,,,
Friday,44000,EU,3.6,2str,44,,,,,,,,,,,,
Friday,41000,EU,3.6,2str,41,,,,,,,,,,,,
Friday,41000,EU,3.6,2str,41,,,,,,,,,,,,
Friday,43000,EU,3.6,2str,43,,,,,,,,,,,,
Friday,44000,EU,3.6,2str,44,,,,,,,,,,,,
Friday,44000,EU,3.6,2str,44,,,,,,,,,,,,
Friday,43400,EU,3.6,2str,43,,,,,,,,,,,,
Friday,42000,EU,3.6,2str,42,,,,,,,,,,,,
Friday,44000,EU,3.6,2str,44,,,,,,,,,,,,
Friday,41000,EU,3.6,2str,41,,,,,,,,,,,,
Friday,42200,EU,3.6,2str,42,,,,,,,,,,,,
Friday,43000,EU,3.6,2str,43,,,,,,,,,,,,
Friday,42200,EU,3.6,2str,42,,,,,,,,,,,,
Friday,43000,EU,3.6,2str,43,,,,,,,,,,,,
Friday,42400,EU,3.6,2str,42,,,,,,,,,,,,
Friday,41400,EU,3.6,2str,41,,,,,,,,,,,,
Friday,44400,EU,3.6,2str,44,,,,,,,,,,,,
Friday,42400,EU,3.6,2str,42,,,,,,,,,,,,
Friday,43000,EU,3.6,2str,43,,,,,,,,,,,,
Friday,42120,EU,3.6,2str,42,,,,,,,,,,,,
Friday,44100,EU,3.6,2str,44,,,,,,,,,,,,
Friday,44100,EU,3.6,2str,44,,,,,,,,,,,,
Friday,43100,EU,3.6,2str,43,,,,,,,,,,,,
Friday,44200,EU,3.6,2str,44,,,,,,,,,,,,
Friday,44400,EU,3.6,2str,44,,,,,,,,,,,,
Friday,42100,EU,3.6,2str,42,,,,,,,,,,,,
Friday,44000,EU,3.6,2str,44,,,,,,,,,,,,
Friday,44000,EU,3.6,2str,44,,,,,,,,,,,,
Friday,43000,EU,3.6,2str,43,,,,,,,,,,,,
Friday,42400,EU,3.6,2str,42,,,,,,,,,,,,
Friday,41400,EU,3.6,2str,41,,,,,,,,,,,,
Friday,44440,EU,3.6,2str,44,,,,,,,,,,,,
Friday,43230,EU,3.6,2str,43,,,,,,,,,,,,
Friday,42200,EU,3.6,2str,42,,,,,,,,,,,,
Friday,41400,EU,3.6,2str,41,,,,,,,,,,,,
Friday,44440,EU,3.6,2str,44,,,,,,,,,,,,
Friday,43230,EU,3.6,2str,43,,,,,,,,,,,,
Friday,42200,EU,3.6,2str,42,,,,,,,,,,,,
Friday,42100,EU,3.6,2str,42,,,,,,,,,,,,
Friday,41410,EU,3.6,2str,41,,,,,,,,,,,,
Friday,41000,EU,3.6,2str,41,,,,,,,,,,,,
Friday,43100,EU,3.6,2str,43,,,,,,,,,,,,
Friday,42000,EU,3.6,2str,42,,,,,,,,,,,,
Friday,43000,EU,3.6,2str,43,,,,,,,,,,,,
Friday,41200,EU,3.6,2str,41,,,,,,,,,,,,
Friday,42100,EU,3.6,2str,42,,,,,,,,,,,,
Friday,42310,EU,3.6,2str,42,,,,,,,,,,,,
Friday,42000,EU,3.6,2str,42,,,,,,,,,,,,
Friday,41200,EU,3.6,2str,41,,,,,,,,,,,,
Friday,42100,EU,3.6,2str,42,,,,,,,,,,,,
Friday,42310,EU,3.6,2str,42,,,,,,,,,,,,
Friday,42000,EU,3.6,2str,42,,,,,,,,,,,,
Friday,44000,EU,3.6,2str,44,,,,,,,,,,,,
Friday,42230,EU,3.6,2str,42,,,,,,,,,,,,
Friday,43000,EU,3.6,2str,43,,,,,,,,,,,,
Friday,43000,EU,3.6,2str,43,,,,,,,,,,,,
Friday,43300,EU,3.6,2str,43,,,,,,,,,,,,
Friday,43300,EU,3.6,2str,43,,,,,,,,,,,,
Friday,43000,EU,3.6,2str,43,,,,,,,,,,,,
Friday,42200,EU,3.6,2str,42,,,,,,,,,,,,
Friday,43000,EU,3.6,2str,43,,,,,,,,,,,,
Friday,42400,EU,3.6,2str,42,,,,,,,,,,,,
Friday,41400,EU,3.6,2str,41,,,,,,,,,,,,
Friday,44400,EU,3.6,2str,44,,,,,,,,,,,,
Friday,42400,EU,3.6,2str,42,,,,,,,,,,,,
Friday,43000,EU,3.6,2str,43,,,,,,,,,,,,
Friday,42120,EU,3.6,2str,42,,,,,,,,,,,,
Friday,41100,EU,3.6,2str,41,,,,,,,,,,,,
Friday,44200,EU,3.6,2str,44,,,,,,,,,,,,
Friday,42000,EU,3.6,2str,42,,,,,,,,,,,,
Friday,42000,EU,3.6,2str,42,,,,,,,,,,,,
Friday,44000,EU,3.6,2str,44,,,,,,,,,,,,
Friday,44200,EU,3.6,2str,44,,,,,,,,,,,,
Friday,43210,EU,3.6,2str,43,,,,,,,,,,,,
Friday,42300,EU,3.6,2str,42,,,,,,,,,,,,
Friday,42000,EU,3.6,2str,42,,,,,,,,,,,,
Friday,44000,EU,3.6,2str,44,,,,,,,,,,,,
Friday,44000,EU,3.6,2str,44,,,,,,,,,,,,
Friday,41000,EU,3.6,2str,41,,,,,,,,,,,,
Friday,41100,EU,3.6,2str,41,,,,,,,,,,,,
Friday,41000,EU,3.6,2str,41,,,,,,,,,,,,
Friday,41000,EU,3.6,2str,41,,,,,,,,,,,,
Friday,44000,EU,3.6,2str,44,,,,,,,,,,,,
Friday,43000,EU,3.6,2str,43,,,,,,,,,,,,
Friday,44000,EU,3.6,2str,44,,,,,,,,,,,,
Friday,43000,EU,3.6,2str,43,,,,,,,,,,,,
Friday,41000,EU,3.6,2str,41,,,,,,,,,,,,
Friday,41000,EU,3.6,2str,41,,,,,,,,,,,,
Friday,42300,EU,3.6,2str,42,,,,,,,,,,,,
Friday,42000,EU,3.6,2str,42,,,,,,,,,,,,
Friday,43000,EU,3.6,2str,43,,,,,,,,,,,,
Friday,42200,EU,3.6,2str,42,,,,,,,,,,,,
Friday,41000,EU,3.6,2str,41,,,,,,,,,,,,
Friday,41000,EU,3.6,2str,41,,,,,,,,,,,,
Friday,42100,EU,3.6,2str,42,,,,,,,,,,,,
Friday,43000,EU,3.6,2str,43,,,,,,,,,,,,
Friday,43000,EU,3.6,2str,43,,,,,,,,,,,,
Friday,41000,EU,3.6,2str,41,,,,,,,,,,,,
Friday,41000,EU,3.6,2str,41,,,,,,,,,,,,
Friday,41000,EU,3.6,2str,41,,,,,,,,,,,,
Friday,41000,EU,3.6,2str,41,,,,,,,,,,,,
Friday,44000,EU,3.6,2str,44,,,,,,,,,,,,
Friday,41000,EU,3.6,2str,41,,,,,,,,,,,,
Friday,41000,EU,3.6,2str,41,,,,,,,,,,,,
Friday,43000,EU,3.6,2str,43,,,,,,,,,,,,
Friday,44000,EU,3.6,2str,44,,,,,,,,,,,,
Friday,44000,EU,3.6,2str,44,,,,,,,,,,,,
Friday,43400,EU,3.6,2str,43,,,,,,,,,,,,
Friday,42000,EU,3.6,2str,42,,,,,,,,,,,,
Friday,44000,EU,3.6,2str,44,,,,,,,,,,,,
Friday,41000,EU,3.6,2str,41,,,,,,,,,,,,
Friday,42200,EU,3.6,2str,42,,,,,,,,,,,,
Friday,43000,EU,3.6,2str,43,,,,,,,,,,,,
Friday,42200,EU,3.6,2str,42,,,,,,,,,,,,
Friday,43000,EU,3.6,2str,43,,,,,,,,,,,,
Friday,42400,EU,3.6,2str,42,,,,,,,,,,,,
Friday,41400,EU,3.6,2str,41,,,,,,,,,,,,
Friday,44400,EU,3.6,2str,44,,,,,,,,,,,,
Friday,42400,EU,3.6,2str,42,,,,,,,,,,,,
Friday,43000,EU,3.6,2str,43,,,,,,,,,,,,
Friday,42120,EU,3.6,2str,42,,,,,,,,,,,,
Friday,44100,EU,3.6,2str,44,,,,,,,,,,,,
Friday,44100,EU,3.6,2str,44,,,,,,,,,,,,
Friday,43100,EU,3.6,2str,43,,,,,,,,,,,,
Friday,44200,EU,3.6,2str,44,,,,,,,,,,,,
Friday,44400,EU,3.6,2str,44,,,,,,,,,,,,
Friday,42100,EU,3.6,2str,42,,,,,,,,,,,,
Friday,44000,EU,3.6,2str,44,,,,,,,,,,,,
Friday,44000,EU,3.6,2str,44,,,,,,,,,,,,
Friday,43000,EU,3.6,2str,43,,,,,,,,,,,,
Friday,42400,EU,3.6,2str,42,,,,,,,,,,,,
Friday,41400,EU,3.6,2str,41,,,,,,,,,,,,
Friday,44440,EU,3.6,2str,44,,,,,,,,,,,,
Friday,43230,EU,3.6,2str,43,,,,,,,,,,,,
Friday,42200,EU,3.6,2str,42,,,,,,,,,,,,
Friday,41400,EU,3.6,2str,41,,,,,,,,,,,,
Friday,44440,EU,3.6,2str,44,,,,,,,,,,,,
Friday,43230,EU,3.6,2str,43,,,,,,,,,,,,
Friday,42200,EU,3.6,2str,42,,,,,,,,,,,,
Friday,42100,EU,3.6,2str,42,,,,,,,,,,,,
Friday,41410,EU,3.6,2str,41,,,,,,,,,,,,
Friday,41000,EU,3.6,2str,41,,,,,,,,,,,,
Friday,43100,EU,3.6,2str,43,,,,,,,,,,,,
Friday,42000,EU,3.6,2str,42,,,,,,,,,,,,
Friday,43000,EU,3.6,2str,43,,,,,,,,,,,,
Friday,41200,EU,3.6,2str,41,,,,,,,,,,,,
Friday,42100,EU,3.6,2str,42,,,,,,,,,,,,
Friday,42310,EU,3.6,2str,42,,,,,,,,,,,,
Friday,42000,EU,3.6,2str,42,,,,,,,,,,,,
Friday,41200,EU,3.6,2str,41,,,,,,,,,,,,
Friday,42100,EU,3.6,2str,42,,,,,,,,,,,,
Friday,42310,EU,3.6,2str,42,,,,,,,,,,,,
Friday,42000,EU,3.6,2str,42,,,,,,,,,,,,
Friday,44000,EU,3.6,2str,44,,,,,,,,,,,,
Friday,42230,EU,3.6,2str,42,,,,,,,,,,,,
Friday,43000,EU,3.6,2str,43,,,,,,,,,,,,
Friday,43000,EU,3.6,2str,43,,,,,,,,,,,,
Friday,43300,EU,3.6,2str,43,,,,,,,,,,,,
Friday,43300,EU,3.6,2str,43,,,,,,,,,,,,
Friday,43000,EU,3.6,2str,43,,,,,,,,,,,,
Friday,42200,EU,3.6,2str,42,,,,,,,,,,,,
Friday,43000,EU,3.6,2str,43,,,,,,,,,,,,
Friday,42400,EU,3.6,2str,42,,,,,,,,,,,,
Friday,41400,EU,3.6,2str,41,,,,,,,,,,,,
Friday,44400,EU,3.6,2str,44,,,,,,,,,,,,
Friday,42400,EU,3.6,2str,42,,,,,,,,,,,,
Friday,43000,EU,3.6,2str,43,,,,,,,,,,,,
Friday,42120,EU,3.6,2str,42,,,,,,,,,,,,
Friday,41100,EU,3.6,2str,41,,,,,,,,,,,,
Friday,44200,EU,3.6,2str,44,,,,,,,,,,,,
Friday,42000,EU,3.6,2str,42,,,,,,,,,,,,
Friday,42000,EU,3.6,2str,42,,,,,,,,,,,,
Friday,44000,EU,3.6,2str,44,,,,,,,,,,,,
Friday,44200,EU,3.6,2str,44,,,,,,,,,,,,
Friday,43210,EU,3.6,2str,43,,,,,,,,,,,,
Friday,42300,EU,3.6,2str,42,,,,,,,,,,,,
Friday,42000,EU,3.6,2str,42,,,,,,,,,,,,
Friday,44000,EU,3.6,2str,44,,,,,,,,,,,,
Friday,44000,EU,3.6,2str,44,,,,,,,,,,,,
Friday,41000,EU,3.6,2str,41,,,,,,,,,,,,
Friday,41100,EU,3.6,2str,41,,,,,,,,,,,,
Friday,41000,EU,3.6,2str,41,,,,,,,,,,,,
Friday,41000,EU,3.6,2str,41,,,,,,,,,,,,
Friday,44000,EU,3.6,2str,44,,,,,,,,,,,,
Friday,43000,EU,3.6,2str,43,,,,,,,,,,,,
Friday,44000,EU,3.6,2str,44,,,,,,,,,,,,
Friday,43000,EU,3.6,2str,43,,,,,,,,,,,,
Friday,41000,EU,3.6,2str,41,,,,,,,,,,,,
Friday,41000,EU,3.6,2str,41,,,,,,,,,,,,
Friday,42300,EU,3.6,2str,42,,,,,,,,,,,,
Friday,42000,EU,3.6,2str,42,,,,,,,,,,,,
Friday,43000,EU,3.6,2str,43,,,,,,,,,,,,
Friday,42200,EU,3.6,2str,42,,,,,,,,,,,,
Friday,41000,EU,3.6,2str,41,,,,,,,,,,,,
Friday,41000,EU,3.6,2str,41,,,,,,,,,,,,
Friday,42100,EU,3.6,2str,42,,,,,,,,,,,,
Friday,43000,EU,3.6,2str,43,,,,,,,,,,,,
Friday,42100,EU,3.6,2str,42,,,,,,,,,,,,
Friday,43200,EU,3.6,2str,43,,,,,,,,,,,,
Friday,43200,EU,3.6,2str,43,,,,,,,,,,,,
Friday,41100,EU,3.6,2str,41,,,,,,,,,,,,
Friday,44400,EU,3.6,2str,44,,,,,,,,,,,,
Friday,42400,EU,3.6,2str,42,,,,,,,,,,,,
Friday,42400,EU,3.6,2str,42,,,,,,,,,,,,
Friday,43400,EU,3.6,2str,43,,,,,,,,,,,,
Friday,42100,EU,3.6,2str,42,,,,,,,,,,,,
Friday,42300,EU,3.6,2str,42,,,,,,,,,,,,
Friday,41400,EU,3.6,2str,41,,,,,,,,,,,,
Friday,42100,EU,3.6,2str,42,,,,,,,,,,,,
Friday,42200,EU,3.6,2str,42,,,,,,,,,,,,
Friday,41300,EU,3.6,2str,41,,,,,,,,,,,,
Friday,42000,EU,3.6,2str,42,,,,,,,,,,,,
Friday,43400,EU,3.6,2str,43,,,,,,,,,,,,
Friday,43300,EU,3.6,2str,43,,,,,,,,,,,,
Friday,44220,EU,3.6,2str,44,,,,,,,,,,,,
Friday,43000,EU,3.6,2str,43,,,,,,,,,,,,
Friday,41300,EU,3.6,2str,41,,,,,,,,,,,,
Friday,44300,EU,3.6,2str,44,,,,,,,,,,,,
Friday,41000,EU,3.6,2str,41,,,,,,,,,,,,
Friday,42300,EU,3.6,2str,42,,,,,,,,,,,,
Friday,42200,EU,3.6,2str,42,,,,,,,,,,,,
Friday,43300,EU,3.6,2str,43,,,,,,,,,,,,
Friday,42200,EU,3.6,2str,42,,,,,,,,,,,,
Friday,43300,EU,3.6,2str,43,,,,,,,,,,,,
Friday,41340,EU,3.6,2str,41,,,,,,,,,,,,
Friday,41000,EU,3.6,2str,41,,,,,,,,,,,,
Friday,41000,EU,3.6,2str,41,,,,,,,,,,,,
Friday,44000,EU,3.6,2str,44,,,,,,,,,,,,
Friday,44000,EU,3.6,2str,44,,,,,,,,,,,,
Friday,42100,EU,3.6,2str,42,,,,,,,,,,,,
Friday,44000,EU,3.6,2str,44,,,,,,,,,,,,
Friday,42000,EU,3.6,2str,42,,,,,,,,,,,,
Friday,43000,EU,3.6,2str,43,,,,,,,,,,,,
Friday,44000,EU,3.6,2str,44,,,,,,,,,,,,
Friday,44420,EU,3.6,2str,44,,,,,,,,,,,,
Friday,41330,EU,3.6,2str,41,,,,,,,,,,,,
Friday,43300,EU,3.6,2str,43,,,,,,,,,,,,
Friday,44000,EU,3.6,2str,44,,,,,,,,,,,,
Friday,43000,EU,3.6,2str,43,,,,,,,,,,,,
Friday,43100,EU,3.6,2str,43,,,,,,,,,,,,
Friday,41200,EU,3.6,2str,41,,,,,,,,,,,,
Friday,42400,EU,3.6,2str,42,,,,,,,,,,,,
Friday,43110,EU,3.6,2str,43,,,,,,,,,,,,
Friday,42000,EU,3.6,2str,42,,,,,,,,,,,,
Friday,41240,EU,3.6,2str,41,,,,,,,,,,,,
Friday,44300,EU,3.6,2str,44,,,,,,,,,,,,
Friday,42200,EU,3.6,2str,42,,,,,,,,,,,,
Friday,43400,EU,3.6,2str,43,,,,,,,,,,,,
Friday,41000,EU,3.6,2str,41,,,,,,,,,,,,
Friday,43000,EU,3.6,2str,43,,,,,,,,,,,,
Friday,44000,EU,3.6,2str,44,,,,,,,,,,,,
Friday,43400,EU,3.6,2str,43,,,,,,,,,,,,
Friday,42400,EU,3.6,2str,42,,,,,,,,,,,,
Friday,42200,EU,3.6,2str,42,,,,,,,,,,,,
Friday,42100,EU,3.6,2str,42,,,,,,,,,,,,
Friday,44240,EU,3.6,2str,44,,,,,,,,,,,,
Friday,41400,EU,3.6,2str,41,,,,,,,,,,,,
Friday,43300,EU,3.6,2str,43,,,,,,,,,,,,
Friday,42300,EU,3.6,2str,42,,,,,,,,,,,,
Friday,42200,EU,3.6,2str,42,,,,,,,,,,,,
Friday,43300,EU,3.6,2str,43,,,,,,,,,,,,
Friday,42200,EU,3.6,2str,42,,,,,,,,,,,,
Friday,43300,EU,3.6,2str,43,,,,,,,,,,,,
Friday,41340,EU,3.6,2str,41,,,,,,,,,,,,
Friday,41000,EU,3.6,2str,41,,,,,,,,,,,,
Friday,41000,EU,3.6,2str,41,,,,,,,,,,,,
Friday,44000,EU,3.6,2str,44,,,,,,,,,,,,
Friday,44000,EU,3.6,2str,44,,,,,,,,,,,,
Friday,42100,EU,3.6,2str,42,,,,,,,,,,,,
Friday,44000,EU,3.6,2str,44,,,,,,,,,,,,
Friday,42000,EU,3.6,2str,42,,,,,,,,,,,,
Friday,43000,EU,3.6,2str,43,,,,,,,,,,,,
Friday,44000,EU,3.6,2str,44,,,,,,,,,,,,
Friday,44420,EU,3.6,2str,44,,,,,,,,,,,,
Friday,41330,EU,3.6,2str,41,,,,,,,,,,,,
Friday,43300,EU,3.6,2str,43,,,,,,,,,,,,
Friday,44000,EU,3.6,2str,44,,,,,,,,,,,,
Friday,43000,EU,3.6,2str,43,,,,,,,,,,,,
Friday,43100,EU,3.6,2str,43,,,,,,,,,,,,
Friday,41200,EU,3.6,2str,41,,,,,,,,,,,,
Friday,42400,EU,3.6,2str,42,,,,,,,,,,,,
Friday,43110,EU,3.6,2str,43,,,,,,,,,,,,
Friday,42000,EU,3.6,2str,42,,,,,,,,,,,,
Friday,41240,EU,3.6,2str,41,,,,,,,,,,,,
Friday,44300,EU,3.6,2str,44,,,,,,,,,,,,
Friday,42200,EU,3.6,2str,42,,,,,,,,,,,,
Friday,43400,EU,3.6,2str,43,,,,,,,,,,,,
Friday,41000,EU,3.6,2str,41,,,,,,,,,,,,
Friday,43000,EU,3.6,2str,43,,,,,,,,,,,,
Friday,44000,EU,3.6,2str,44,,,,,,,,,,,,
Friday,43400,EU,3.6,2str,43,,,,,,,,,,,,
Friday,42400,EU,3.6,2str,42,,,,,,,,,,,,
Friday,42200,EU,3.6,2str,42,,,,,,,,,,,,
Friday,42100,EU,3.6,2str,42,,,,,,,,,,,,
Friday,44240,EU,3.6,2str,44,,,,,,,,,,,,
Friday,41400,EU,3.6,2str,41,,,,,,,,,,,,
Friday,43300,EU,3.6,2str,43,,,,,,,,,,,,
Friday,43300,EU,3.6,2str,43,,,,,,,,,,,,
Friday,43210,EU,3.6,2str,43,,,,,,,,,,,,
Friday,43000,EU,3.6,2str,43,,,,,,,,,,,,
Friday,43100,EU,3.6,2str,43,,,,,,,,,,,,
Friday,41100,EU,3.6,2str,41,,,,,,,,,,,,
Friday,43400,EU,3.6,2str,43,,,,,,,,,,,,
Friday,43200,EU,3.6,2str,43,,,,,,,,,,,,
Friday,41000,EU,3.6,2str,41,,,,,,,,,,,,
Friday,43000,EU,3.6,2str,43,,,,,,,,,,,,
Friday,41000,EU,3.6,2str,41,,,,,,,,,,,,
Friday,42000,EU,3.6,2str,42,,,,,,,,,,,,
Friday,43400,EU,3.6,2str,43,,,,,,,,,,,,
Friday,44000,EU,3.6,2str,44,,,,,,,,,,,,
Friday,44200,EU,3.6,2str,44,,,,,,,,,,,,
Friday,41200,EU,3.6,2str,41,,,,,,,,,,,,
Friday,41000,EU,3.6,2str,41,,,,,,,,,,,,
Friday,44000,EU,3.6,2str,44,,,,,,,,,,,,
Friday,44000,EU,3.6,2str,44,,,,,,,,,,,,
Friday,41000,EU,3.6,2str,41,,,,,,,,,,,,
Friday,44000,EU,3.6,2str,44,,,,,,,,,,,,
Friday,42100,EU,3.6,2str,42,,,,,,,,,,,,
Friday,43000,EU,3.6,2str,43,,,,,,,,,,,,
Friday,41400,EU,3.6,2str,41,,,,,,,,,,,,
Friday,43100,EU,3.6,2str,43,,,,,,,,,,,,
Friday,41000,EU,3.6,2str,41,,,,,,,,,,,,
Friday,43420,EU,3.6,2str,43,,,,,,,,,,,,
Friday,42220,EU,3.6,2str,42,,,,,,,,,,,,
Friday,43000,EU,3.6,2str,43,,,,,,,,,,,,
Friday,44400,EU,3.6,2str,44,,,,,,,,,,,,
Friday,43000,EU,3.6,2str,43,,,,,,,,,,,,
Friday,43000,EU,3.6,2str,43,,,,,,,,,,,,
Friday,41000,EU,3.6,2str,41,,,,,,,,,,,,
Friday,43300,EU,3.6,2str,43,,,,,,,,,,,,
Friday,43200,EU,3.6,2str,43,,,,,,,,,,,,
Friday,43400,EU,3.6,2str,43,,,,,,,,,,,,
Friday,42000,EU,3.6,2str,42,,,,,,,,,,,,
Friday,43000,EU,3.6,2str,43,,,,,,,,,,,,
Friday,41300,EU,3.6,2str,41,,,,,,,,,,,,
Friday,43000,EU,3.6,2str,43,,,,,,,,,,,,
Friday,44400,EU,3.6,2str,44,,,,,,,,,,,,
Friday,43300,EU,3.6,2str,43,,,,,,,,,,,,
Friday,43300,EU,3.6,2str,43,,,,,,,,,,,,
Friday,41000,EU,3.6,2str,41,,,,,,,,,,,,
Friday,42000,EU,3.6,2str,42,,,,,,,,,,,,
Friday,42000,EU,3.6,2str,42,,,,,,,,,,,,
Friday,43200,EU,3.6,2str,43,,,,,,,,,,,,
Friday,41000,EU,3.6,2str,41,,,,,,,,,,,,
Friday,44000,EU,3.6,2str,44,,,,,,,,,,,,
Friday,44000,EU,3.6,2str,44,,,,,,,,,,,,
Friday,41400,EU,3.6,2str,41,,,,,,,,,,,,
Friday,41000,EU,3.6,2str,41,,,,,,,,,,,,
Friday,42000,EU,3.6,2str,42,,,,,,,,,,,,
Friday,41000,EU,3.6,2str,41,,,,,,,,,,,,
Friday,41000,EU,3.6,2str,41,,,,,,,,,,,,
Friday,43000,EU,3.6,2str,43,,,,,,,,,,,,
Friday,44000,EU,3.6,2str,44,,,,,,,,,,,,
Thursday,44440,EU,3.6,2str,44,,,,,,,,,,,,
Thursday,44230,EU,3.6,2str,44,,,,,,,,,,,,
Thursday,42110,EU,3.6,2str,42,,,,,,,,,,,,
Thursday,43420,EU,3.6,2str,43,,,,,,,,,,,,
Thursday,43422,EU,3.6,3str,434,,,,,,,,,,,,
Thursday,43240,EU,3.6,2str,43,,,,,,,,,,,,
Friday,44130,EU,3.6,2str,44,,,,,,,,,,,,
Friday,44200,EU,3.6,2str,44,,,,,,,,,,,,
Friday,43300,EU,3.6,2str,43,,,,,,,,,,,,
Friday,42100,EU,3.6,2str,42,,,,,,,,,,,,
Friday,44300,EU,3.6,2str,44,,,,,,,,,,,,
Friday,41100,EU,3.6,2str,41,,,,,,,,,,,,
Friday,44100,EU,3.6,2str,44,,,,,,,,,,,,
Friday,43220,EU,3.6,2str,43,,,,,,,,,,,,
Friday,42410,EU,3.6,2str,42,,,,,,,,,,,,
Friday,43210,EU,3.6,2str,43,,,,,,,,,,,,
Friday,43330,EU,3.6,2str,43,,,,,,,,,,,,
Friday,44110,EU,3.6,2str,44,,,,,,,,,,,,
Friday,41330,EU,3.6,2str,41,,,,,,,,,,,,
Friday,43000,EU,3.6,2str,43,,,,,,,,,,,,
Friday,43420,EU,3.6,2str,43,,,,,,,,,,,,
Friday,41410,EU,3.6,2str,41,,,,,,,,,,,,
Friday,41310,EU,3.6,2str,41,,,,,,,,,,,,
Friday,41320,EU,3.6,2str,41,,,,,,,,,,,,
Friday,43210,EU,3.6,2str,43,,,,,,,,,,,,
Friday,41140,EU,3.6,2str,41,,,,,,,,,,,,
Friday,44230,EU,3.6,2str,44,,,,,,,,,,,,
Friday,43130,EU,3.6,2str,43,,,,,,,,,,,,
Friday,41430,EU,3.6,2str,41,,,,,,,,,,,,
Friday,41440,EU,3.6,2str,41,,,,,,,,,,,,
Friday,44310,EU,3.6,2str,44,,,,,,,,,,,,
Friday,42420,EU,3.6,2str,42,,,,,,,,,,,,
Friday,41310,EU,3.6,2str,41,,,,,,,,,,,,
Friday,44430,EU,3.6,2str,44,,,,,,,,,,,,
Friday,42130,EU,3.6,2str,42,,,,,,,,,,,,
Friday,41110,EU,3.6,2str,41,,,,,,,,,,,,
Friday,44300,EU,3.6,2str,44,,,,,,,,,,,,
Friday,42110,EU,3.6,2str,42,,,,,,,,,,,,
Friday,42120,EU,3.6,2str,42,,,,,,,,,,,,
Friday,42410,EU,3.6,2str,42,,,,,,,,,,,,
Friday,44240,EU,3.6,2str,44,,,,,,,,,,,,
Friday,44430,EU,3.6,2str,44,,,,,,,,,,,,
Friday,44420,EU,3.6,2str,44,,,,,,,,,,,,
Friday,44220,EU,3.6,2str,44,,,,,,,,,,,,
Friday,43320,EU,3.6,2str,43,,,,,,,,,,,,
Friday,41210,EU,3.6,2str,41,,,,,,,,,,,,
Friday,41340,EU,3.6,2str,41,,,,,,,,,,,,
Friday,42130,EU,3.6,2str,42,,,,,,,,,,,,
Friday,44410,EU,3.6,2str,44,,,,,,,,,,,,
Friday,41000,EU,3.6,2str,41,,,,,,,,,,,,
Friday,42000,EU,3.6,2str,42,,,,,,,,,,,,
Friday,44000,EU,3.6,2str,44,,,,,,,,,,,,
Friday,42000,EU,3.6,2str,42,,,,,,,,,,,,
Friday,44000,EU,3.6,2str,44,,,,,,,,,,,,
Friday,44000,EU,3.6,2str,44,,,,,,,,,,,,
Friday,43000,EU,3.6,2str,43,,,,,,,,,,,,
Friday,44000,EU,3.6,2str,44,,,,,,,,,,,,
Friday,41000,EU,3.6,2str,41,,,,,,,,,,,,
Friday,42000,EU,3.6,2str,42,,,,,,,,,,,,
Friday,41000,EU,3.6,2str,41,,,,,,,,,,,,
Friday,44000,EU,3.6,2str,44,,,,,,,,,,,,
Friday,42000,EU,3.6,2str,42,,,,,,,,,,,,
Friday,42000,EU,3.6,2str,42,,,,,,,,,,,,
Friday,43000,EU,3.6,2str,43,,,,,,,,,,,,
Friday,43000,EU,3.6,2str,43,,,,,,,,,,,,
Friday,44000,EU,3.6,2str,44,,,,,,,,,,,,
Friday,42000,EU,3.6,2str,42,,,,,,,,,,,,
Friday,42000,EU,3.6,2str,42,,,,,,,,,,,,
Friday,44000,EU,3.6,2str,44,,,,,,,,,,,,
Friday,42000,EU,3.6,2str,42,,,,,,,,,,,,
Friday,43000,EU,3.6,2str,43,,,,,,,,,,,,
Friday,42000,EU,3.6,2str,42,,,,,,,,,,,,
Friday,42000,EU,3.6,2str,42,,,,,,,,,,,,
Friday,42000,EU,3.6,2str,42,,,,,,,,,,,,
Friday,42000,EU,3.6,2str,42,,,,,,,,,,,,
Friday,41000,EU,3.6,2str,41,,,,,,,,,,,,
Friday,42000,EU,3.6,2str,42,,,,,,,,,,,,
Friday,42000,EU,3.6,2str,42,,,,,,,,,,,,
Friday,44000,EU,3.6,2str,44,,,,,,,,,,,,
Friday,44000,EU,3.6,2str,44,,,,,,,,,,,,
Friday,43000,EU,3.6,2str,43,,,,,,,,,,,,
Friday,41000,EU,3.6,2str,41,,,,,,,,,,,,
Friday,44000,EU,3.6,2str,44,,,,,,,,,,,,
Friday,44000,EU,3.6,2str,44,,,,,,,,,,,,
Friday,42000,EU,3.6,2str,42,,,,,,,,,,,,
Friday,43000,EU,3.6,2str,43,,,,,,,,,,,,
Friday,41000,EU,3.6,2str,41,,,,,,,,,,,,
Friday,43000,EU,3.6,2str,43,,,,,,,,,,,,
Friday,41000,EU,3.6,2str,41,,,,,,,,,,,,
Friday,43000,EU,3.6,2str,43,,,,,,,,,,,,
Friday,41000,EU,3.6,2str,41,,,,,,,,,,,,
Friday,44000,EU,3.6,2str,44,,,,,,,,,,,,
Friday,44000,EU,3.6,2str,44,,,,,,,,,,,,
Friday,41000,EU,3.6,2str,41,,,,,,,,,,,,
Friday,43000,EU,3.6,2str,43,,,,,,,,,,,,
Friday,44000,EU,3.6,2str,44,,,,,,,,,,,,
Friday,43000,EU,3.6,2str,43,,,,,,,,,,,,
Friday,41000,EU,3.6,2str,41,,,,,,,,,,,,
Friday,42000,EU,3.6,2str,42,,,,,,,,,,,,
Friday,44000,EU,3.6,2str,44,,,,,,,,,,,,
Friday,41000,EU,3.6,2str,41,,,,,,,,,,,,
Friday,42000,EU,3.6,2str,42,,,,,,,,,,,,
Friday,41000,EU,3.6,2str,41,,,,,,,,,,,,
Friday,44000,EU,3.6,2str,44,,,,,,,,,,,,
Friday,42000,EU,3.6,2str,42,,,,,,,,,,,,
Friday,42000,EU,3.6,2str,42,,,,,,,,,,,,
Friday,41000,EU,3.6,2str,41,,,,,,,,,,,,
Friday,44000,EU,3.6,2str,44,,,,,,,,,,,,
Friday,44000,EU,3.6,2str,44,,,,,,,,,,,,
Friday,44000,EU,3.6,2str,44,,,,,,,,,,,,
Friday,41000,EU,3.6,2str,41,,,,,,,,,,,,
Friday,42000,EU,3.6,2str,42,,,,,,,,,,,,
Friday,44000,EU,3.6,2str,44,,,,,,,,,,,,
Friday,42000,EU,3.6,2str,42,,,,,,,,,,,,
Friday,41000,EU,3.6,2str,41,,,,,,,,,,,,
Friday,43000,EU,3.6,2str,43,,,,,,,,,,,,
Friday,42000,EU,3.6,2str,42,,,,,,,,,,,,
Friday,41000,EU,3.6,2str,41,,,,,,,,,,,,
Friday,44000,EU,3.6,2str,44,,,,,,,,,,,,
Friday,44000,EU,3.6,2str,44,,,,,,,,,,,,
Friday,43300,EU,3.6,2str,43,,,,,,,,,,,,
Friday,41000,EU,3.6,2str,41,,,,,,,,,,,,
Friday,41000,EU,3.6,2str,41,,,,,,,,,,,,
Friday,42000,EU,3.6,2str,42,,,,,,,,,,,,
Friday,41000,EU,3.6,2str,41,,,,,,,,,,,,
Friday,42000,EU,3.6,2str,42,,,,,,,,,,,,
Friday,44000,EU,3.6,2str,44,,,,,,,,,,,,
Friday,41000,EU,3.6,2str,41,,,,,,,,,,,,
Friday,42000,EU,3.6,2str,42,,,,,,,,,,,,
Friday,41000,EU,3.6,2str,41,,,,,,,,,,,,
Wednesday,41000,EU,3.6,2str,41,,,,,,,,,,,,
Wednesday,44000,EU,3.6,2str,44,,,,,,,,,,,,
Wednesday,42000,EU,3.6,2str,42,,,,,,,,,,,,
Wednesday,43000,EU,3.6,2str,43,,,,,,,,,,,,
Wednesday,43000,EU,3.6,2str,43,,,,,,,,,,,,
Wednesday,44000,EU,3.6,2str,44,,,,,,,,,,,,
Wednesday,42300,EU,3.6,2str,42,,,,,,,,,,,,
Wednesday,43000,EU,3.6,2str,43,,,,,,,,,,,,
Wednesday,44000,EU,3.6,2str,44,,,,,,,,,,,,
Wednesday,43000,EU,3.6,2str,43,,,,,,,,,,,,
Wednesday,44000,EU,3.6,2str,44,,,,,,,,,,,,
Wednesday,41000,EU,3.6,2str,41,,,,,,,,,,,,
Wednesday,44000,EU,3.6,2str,44,,,,,,,,,,,,
Wednesday,43000,EU,3.6,2str,43,,,,,,,,,,,,
Wednesday,44000,EU,3.6,2str,44,,,,,,,,,,,,
Wednesday,41000,EU,3.6,2str,41,,,,,,,,,,,,
Wednesday,41000,EU,3.6,2str,41,,,,,,,,,,,,
Wednesday,41000,EU,3.6,2str,41,,,,,,,,,,,,
Wednesday,41000,EU,3.6,2str,41,,,,,,,,,,,,
Wednesday,43000,EU,3.6,2str,43,,,,,,,,,,,,
Wednesday,44000,EU,3.6,2str,44,,,,,,,,,,,,
Wednesday,41000,EU,3.6,2str,41,,,,,,,,,,,,
Wednesday,42000,EU,3.6,2str,42,,,,,,,,,,,,
Wednesday,43000,EU,3.6,2str,43,,,,,,,,,,,,
Wednesday,42000,EU,3.6,2str,42,,,,,,,,,,,,
Wednesday,43000,EU,3.6,2str,43,,,,,,,,,,,,
Wednesday,44000,EU,3.6,2str,44,,,,,,,,,,,,
Wednesday,41000,EU,3.6,2str,41,,,,,,,,,,,,
Wednesday,43000,EU,3.6,2str,43,,,,,,,,,,,,
Wednesday,43000,EU,3.6,2str,43,,,,,,,,,,,,
Wednesday,41000,EU,3.6,2str,41,,,,,,,,,,,,
Wednesday,41000,EU,3.6,2str,41,,,,,,,,,,,,
Wednesday,43000,EU,3.6,2str,43,,,,,,,,,,,,
Wednesday,43000,EU,3.6,2str,43,,,,,,,,,,,,
Wednesday,42000,EU,3.6,2str,42,,,,,,,,,,,,
Wednesday,42000,EU,3.6,2str,42,,,,,,,,,,,,
Wednesday,43000,EU,3.6,2str,43,,,,,,,,,,,,
Wednesday,41000,EU,3.6,2str,41,,,,,,,,,,,,
Wednesday,42200,EU,3.6,2str,42,,,,,,,,,,,,
Wednesday,41300,EU,3.6,2str,41,,,,,,,,,,,,
Wednesday,41000,EU,3.6,2str,41,,,,,,,,,,,,
Wednesday,43000,EU,3.6,2str,43,,,,,,,,,,,,
Wednesday,43000,EU,3.6,2str,43,,,,,,,,,,,,
Wednesday,41000,EU,3.6,2str,41,,,,,,,,,,,,
Wednesday,43000,EU,3.6,2str,43,,,,,,,,,,,,
Wednesday,41000,EU,3.6,2str,41,,,,,,,,,,,,
Wednesday,44000,EU,3.6,2str,44,,,,,,,,,,,,
Wednesday,44000,EU,3.6,2str,44,,,,,,,,,,,,
Wednesday,41000,EU,3.6,2str,41,,,,,,,,,,,,
Wednesday,41000,EU,3.6,2str,41,,,,,,,,,,,,
Wednesday,42200,EU,3.6,2str,42,,,,,,,,,,,,
Wednesday,43000,EU,3.6,2str,43,,,,,,,,,,,,
Wednesday,43000,EU,3.6,2str,43,,,,,,,,,,,,
Wednesday,44000,EU,3.6,2str,44,,,,,,,,,,,,
Wednesday,44000,EU,3.6,2str,44,,,,,,,,,,,,
Wednesday,41000,EU,3.6,2str,41,,,,,,,,,,,,
Wednesday,41000,EU,3.6,2str,41,,,,,,,,,,,,
Wednesday,43000,EU,3.6,2str,43,,,,,,,,,,,,
Wednesday,41000,EU,3.6,2str,41,,,,,,,,,,,,
Wednesday,43000,EU,3.6,2str,43,,,,,,,,,,,,
Wednesday,43000,EU,3.6,2str,43,,,,,,,,,,,,
Wednesday,41200,EU,3.6,2str,41,,,,,,,,,,,,
Wednesday,43000,EU,3.6,2str,43,,,,,,,,,,,,
Wednesday,44000,EU,3.6,2str,44,,,,,,,,,,,,
Wednesday,43000,EU,3.6,2str,43,,,,,,,,,,,,
Wednesday,44000,EU,3.6,2str,44,,,,,,,,,,,,
Wednesday,44000,EU,3.6,2str,44,,,,,,,,,,,,
Wednesday,43000,EU,3.6,2str,43,,,,,,,,,,,,
Wednesday,41000,EU,3.6,2str,41,,,,,,,,,,,,
Wednesday,42000,EU,3.6,2str,42,,,,,,,,,,,,
Wednesday,42000,EU,3.6,2str,42,,,,,,,,,,,,
Wednesday,42000,EU,3.6,2str,42,,,,,,,,,,,,
Wednesday,42000,EU,3.6,2str,42,,,,,,,,,,,,
Wednesday,44000,EU,3.6,2str,44,,,,,,,,,,,,
Wednesday,41100,EU,3.6,2str,41,,,,,,,,,,,,
Wednesday,42000,EU,3.6,2str,42,,,,,,,,,,,,
Wednesday,41000,EU,3.6,2str,41,,,,,,,,,,,,
Wednesday,42000,EU,3.6,2str,42,,,,,,,,,,,,
Wednesday,42000,EU,3.6,2str,42,,,,,,,,,,,,
Wednesday,41000,EU,3.6,2str,41,,,,,,,,,,,,
Wednesday,44000,EU,3.6,2str,44,,,,,,,,,,,,
Wednesday,41000,EU,3.6,2str,41,,,,,,,,,,,,
Wednesday,41000,EU,3.6,2str,41,,,,,,,,,,,,
Wednesday,42000,EU,3.6,2str,42,,,,,,,,,,,,
Wednesday,43000,EU,3.6,2str,43,,,,,,,,,,,,
Wednesday,42000,EU,3.6,2str,42,,,,,,,,,,,,
Wednesday,41000,EU,3.6,2str,41,,,,,,,,,,,,
Wednesday,41000,EU,3.6,2str,41,,,,,,,,,,,,
Wednesday,43000,EU,3.6,2str,43,,,,,,,,,,,,
Wednesday,42000,EU,3.6,2str,42,,,,,,,,,,,,
Wednesday,43000,EU,3.6,2str,43,,,,,,,,,,,,
Wednesday,42000,EU,3.6,2str,42,,,,,,,,,,,,
Wednesday,43000,EU,3.6,2str,43,,,,,,,,,,,,
Wednesday,43000,EU,3.6,2str,43,,,,,,,,,,,,
Wednesday,41000,EU,3.6,2str,41,,,,,,,,,,,,
Wednesday,42000,EU,3.6,2str,42,,,,,,,,,,,,
Wednesday,42000,EU,3.6,2str,42,,,,,,,,,,,,
Wednesday,44000,EU,3.6,2str,44,,,,,,,,,,,,
Wednesday,42000,EU,3.6,2str,42,,,,,,,,,,,,
Wednesday,44000,EU,3.6,2str,44,,,,,,,,,,,,
Wednesday,42000,EU,3.6,2str,42,,,,,,,,,,,,
Wednesday,42000,EU,3.6,2str,42,,,,,,,,,,,,
Wednesday,44000,EU,3.6,2str,44,,,,,,,,,,,,
Wednesday,42000,EU,3.6,2str,42,,,,,,,,,,,,
Wednesday,44000,EU,3.6,2str,44,,,,,,,,,,,,
Wednesday,42000,EU,3.6,2str,42,,,,,,,,,,,,
Wednesday,41000,EU,3.6,2str,41,,,,,,,,,,,,
Wednesday,41000,EU,3.6,2str,41,,,,,,,,,,,,
Wednesday,42000,EU,3.6,2str,42,,,,,,,,,,,,
Wednesday,43000,EU,3.6,2str,43,,,,,,,,,,,,
Wednesday,41000,EU,3.6,2str,41,,,,,,,,,,,,
Wednesday,44000,EU,3.6,2str,44,,,,,,,,,,,,
Wednesday,44000,EU,3.6,2str,44,,,,,,,,,,,,
Wednesday,41000,EU,3.6,2str,41,,,,,,,,,,,,
Wednesday,43000,EU,3.6,2str,43,,,,,,,,,,,,
Wednesday,44000,EU,3.6,2str,44,,,,,,,,,,,,
Wednesday,44000,EU,3.6,2str,44,,,,,,,,,,,,
Wednesday,42100,EU,3.6,2str,42,,,,,,,,,,,,
Wednesday,42000,EU,3.6,2str,42,,,,,,,,,,,,
Wednesday,44000,EU,3.6,2str,44,,,,,,,,,,,,
Wednesday,42000,EU,3.6,2str,42,,,,,,,,,,,,
Wednesday,41000,EU,3.6,2str,41,,,,,,,,,,,,
Wednesday,44000,EU,3.6,2str,44,,,,,,,,,,,,
Wednesday,44000,EU,3.6,2str,44,,,,,,,,,,,,
Wednesday,41000,EU,3.6,2str,41,,,,,,,,,,,,
Wednesday,43000,EU,3.6,2str,43,,,,,,,,,,,,
Wednesday,43000,EU,3.6,2str,43,,,,,,,,,,,,
Wednesday,44000,EU,3.6,2str,44,,,,,,,,,,,,
Wednesday,43000,EU,3.6,2str,43,,,,,,,,,,,,
Wednesday,41000,EU,3.6,2str,41,,,,,,,,,,,,
Wednesday,44000,EU,3.6,2str,44,,,,,,,,,,,,
Wednesday,44000,EU,3.6,2str,44,,,,,,,,,,,,
Wednesday,41000,EU,3.6,2str,41,,,,,,,,,,,,
Wednesday,44000,EU,3.6,2str,44,,,,,,,,,,,,
Wednesday,42100,EU,3.6,2str,42,,,,,,,,,,,,
Wednesday,42000,EU,3.6,2str,42,,,,,,,,,,,,
Wednesday,44000,EU,3.6,2str,44,,,,,,,,,,,,
Wednesday,43000,EU,3.6,2str,43,,,,,,,,,,,,
Wednesday,42000,EU,3.6,2str,42,,,,,,,,,,,,
Wednesday,41000,EU,3.6,2str,41,,,,,,,,,,,,
Wednesday,43000,EU,3.6,2str,43,,,,,,,,,,,,
Wednesday,41000,EU,3.6,2str,41,,,,,,,,,,,,
Wednesday,44000,EU,3.6,2str,44,,,,,,,,,,,,
Wednesday,42000,EU,3.6,2str,42,,,,,,,,,,,,
Wednesday,41000,EU,3.6,2str,41,,,,,,,,,,,,
Wednesday,42000,EU,3.6,2str,42,,,,,,,,,,,,
Wednesday,41000,EU,3.6,2str,41,,,,,,,,,,,,
Wednesday,43000,EU,3.6,2str,43,,,,,,,,,,,,
Wednesday,42000,EU,3.6,2str,42,,,,,,,,,,,,
Sunday,42211,EU,3.7,3str,422,,,,,,,,,,,,
Sunday,43221,EU,3.7,3str,432,,,,,,,,,,,,
Sunday,44200,EU,3.7,2str,44,,,,,,,,,,,,
Sunday,44200,EU,3.7,2str,44,,,,,,,,,,,,
Sunday,44313,EU,3.7,3str,443,,,,,,,,,,,,
Sunday,44314,EU,3.7,3str,443,,,,,,,,,,,,
Sunday,44432,EU,3.7,3str,444,,,,,,,,,,,,
Sunday,44442,EU,3.7,3str,444,,,,,,,,,,,,
Monday,43411,EU,3.7,3str,434,,,,,,,,,,,,
Monday,43442,EU,3.7,3str,434,,,,,,,,,,,,
Monday,44112,EU,3.7,3str,441,,,,,,,,,,,,
Monday,44210,EU,3.7,2str,44,,,,,,,,,,,,
Monday,44243,EU,3.7,3str,442,,,,,,,,,,,,
Tuesday,41321,EU,3.7,3str,413,,,,,,,,,,,,
Tuesday,43111,EU,3.7,3str,431,,,,,,,,,,,,
Tuesday,43211,EU,3.7,3str,432,,,,,,,,,,,,
Wednesday,41413,EU,3.7,3str,414,,,,,,,,,,,,
Wednesday,42224,EU,3.7,3str,422,,,,,,,,,,,,
Wednesday,42414,EU,3.7,3str,424,,,,,,,,,,,,
Wednesday,43231,EU,3.7,3str,432,,,,,,,,,,,,
Wednesday,43342,EU,3.7,3str,433,,,,,,,,,,,,
Wednesday,43433,EU,3.7,3str,434,,,,,,,,,,,,
Wednesday,44213,EU,3.7,3str,442,,,,,,,,,,,,
Wednesday,44310,EU,3.7,2str,44,,,,,,,,,,,,
Wednesday,44412,EU,3.7,3str,444,,,,,,,,,,,,
Thursday,41232,EU,3.7,3str,412,,,,,,,,,,,,
Thursday,41422,EU,3.7,3str,414,,,,,,,,,,,,
Thursday,41424,EU,3.7,3str,414,,,,,,,,,,,,
Thursday,42230,EU,3.7,2str,42,,,,,,,,,,,,
Thursday,43234,EU,3.7,3str,432,,,,,,,,,,,,
Friday,41221,EU,3.7,3str,412,,,,,,,,,,,,
Friday,41242,EU,3.7,3str,412,,,,,,,,,,,,
Friday,42111,EU,3.7,3str,421,,,,,,,,,,,,
Friday,42243,EU,3.7,3str,422,,,,,,,,,,,,
Friday,43122,EU,3.7,3str,431,,,,,,,,,,,,
Friday,43224,EU,3.7,3str,432,,,,,,,,,,,,
Saturday,43224,EU,3.7,3str,432,,,,,,,,,,,,
Saturday,43224,EU,3.7,3str,432,,,,,,,,,,,,
Sunday,42211,EU,3.7,3str,422,,,,,,,,,,,,
Sunday,43221,EU,3.7,3str,432,,,,,,,,,,,,
Sunday,44200,EU,3.7,2str,44,,,,,,,,,,,,
Sunday,44200,EU,3.7,2str,44,,,,,,,,,,,,
Sunday,44313,EU,3.7,3str,443,,,,,,,,,,,,
Sunday,44314,EU,3.7,3str,443,,,,,,,,,,,,
Sunday,44432,EU,3.7,3str,444,,,,,,,,,,,,
Sunday,44442,EU,3.7,3str,444,,,,,,,,,,,,
Monday,43411,EU,3.7,3str,434,,,,,,,,,,,,
Monday,43442,EU,3.7,3str,434,,,,,,,,,,,,
Monday,44112,EU,3.7,3str,441,,,,,,,,,,,,
Monday,44210,EU,3.7,2str,44,,,,,,,,,,,,
Monday,44243,EU,3.7,3str,442,,,,,,,,,,,,
Tuesday,41321,EU,3.7,3str,413,,,,,,,,,,,,
Tuesday,43111,EU,3.7,3str,431,,,,,,,,,,,,
Tuesday,43211,EU,3.7,3str,432,,,,,,,,,,,,
Wednesday,41413,EU,3.7,3str,414,,,,,,,,,,,,
Wednesday,42224,EU,3.7,3str,422,,,,,,,,,,,,
Wednesday,42414,EU,3.7,3str,424,,,,,,,,,,,,
Wednesday,43231,EU,3.7,3str,432,,,,,,,,,,,,
Wednesday,43242,EU,3.7,3str,432,,,,,,,,,,,,
Wednesday,43322,EU,3.7,3str,433,,,,,,,,,,,,
Wednesday,43342,EU,3.7,3str,433,,,,,,,,,,,,
Wednesday,43423,EU,3.7,3str,434,,,,,,,,,,,,
Wednesday,43433,EU,3.7,3str,434,,,,,,,,,,,,
Wednesday,44213,EU,3.7,3str,442,,,,,,,,,,,,
Wednesday,44310,EU,3.7,2str,44,,,,,,,,,,,,
Wednesday,44412,EU,3.7,3str,444,,,,,,,,,,,,
Thursday,41232,EU,3.7,3str,412,,,,,,,,,,,,
Thursday,41422,EU,3.7,3str,414,,,,,,,,,,,,
Thursday,41424,EU,3.7,3str,414,,,,,,,,,,,,
Thursday,42230,EU,3.7,2str,42,,,,,,,,,,,,
Thursday,43234,EU,3.7,3str,432,,,,,,,,,,,,
Friday,41221,EU,3.7,3str,412,,,,,,,,,,,,
Friday,41241,EU,3.7,3str,412,,,,,,,,,,,,
Friday,41242,EU,3.7,3str,412,,,,,,,,,,,,
Friday,42111,EU,3.7,3str,421,,,,,,,,,,,,
Friday,42243,EU,3.7,3str,422,,,,,,,,,,,,
Friday,43122,EU,3.7,3str,431,,,,,,,,,,,,
Friday,43224,EU,3.7,3str,432,,,,,,,,,,,,
Saturday,43224,EU,3.7,3str,432,,,,,,,,,,,,
Saturday,43224,EU,3.7,3str,432,,,,,,,,,,,,
Sunday,42400,EU,3.7,2str,42,,,,,,,,,,,,
Sunday,41300,EU,3.7,2str,41,,,,,,,,,,,,
Sunday,43400,EU,3.7,2str,43,,,,,,,,,,,,
Monday,41000,EU,3.7,2str,41,,,,,,,,,,,,
Monday,44000,EU,3.7,2str,44,,,,,,,,,,,,
Monday,43120,EU,3.7,2str,43,,,,,,,,,,,,
Monday,41243,EU,3.7,3str,412,,,,,,,,,,,,
Monday,44200,EU,3.7,2str,44,,,,,,,,,,,,
Monday,43220,EU,3.7,2str,43,,,,,,,,,,,,
Monday,41200,EU,3.7,2str,41,,,,,,,,,,,,
Tuesday,44200,EU,3.7,2str,44,,,,,,,,,,,,
Tuesday,44440,EU,3.7,2str,44,,,,,,,,,,,,
Wednesday,41100,EU,3.7,2str,41,,,,,,,,,,,,
Wednesday,44200,EU,3.7,2str,44,,,,,,,,,,,,
Wednesday,44200,EU,3.7,2str,44,,,,,,,,,,,,
Wednesday,42233,EU,3.7,3str,422,,,,,,,,,,,,
Wednesday,44432,EU,3.7,3str,444,,,,,,,,,,,,
Wednesday,41434,EU,3.7,3str,414,,,,,,,,,,,,
Wednesday,41000,EU,3.7,2str,41,,,,,,,,,,,,
Wednesday,44110,EU,3.7,2str,44,,,,,,,,,,,,
Friday,41300,EU,3.7,2str,41,,,,,,,,,,,,
Friday,44200,EU,3.7,2str,44,,,,,,,,,,,,
Friday,42400,EU,3.7,2str,42,,,,,,,,,,,,
Friday,42200,EU,3.7,2str,42,,,,,,,,,,,,
Friday,42100,EU,3.7,2str,42,,,,,,,,,,,,
Friday,44100,EU,3.7,2str,44,,,,,,,,,,,,
Friday,43300,EU,3.7,2str,43,,,,,,,,,,,,
Friday,41300,EU,3.7,2str,41,,,,,,,,,,,,
Friday,41200,EU,3.7,2str,41,,,,,,,,,,,,
Saturday,44000,EU,3.7,2str,44,,,,,,,,,,,,
Saturday,41400,EU,3.7,2str,41,,,,,,,,,,,,
Saturday,43300,EU,3.7,2str,43,,,,,,,,,,,,
Saturday,42141,EU,3.7,3str,421,,,,,,,,,,,,
Saturday,42000,EU,3.7,2str,42,,,,,,,,,,,,
Saturday,42000,EU,3.7,2str,42,,,,,,,,,,,,
Saturday,41000,EU,3.7,2str,41,,,,,,,,,,,,
Saturday,42000,EU,3.7,2str,42,,,,,,,,,,,,
Saturday,41300,EU,3.7,2str,41,,,,,,,,,,,,
Saturday,43000,EU,3.7,2str,43,,,,,,,,,,,,
Saturday,41320,EU,3.7,2str,41,,,,,,,,,,,,
Saturday,41400,EU,3.7,2str,41,,,,,,,,,,,,
Saturday,43330,EU,3.7,2str,43,,,,,,,,,,,,
Saturday,41000,EU,3.7,2str,41,,,,,,,,,,,,
Saturday,42420,EU,3.7,2str,42,,,,,,,,,,,,
Saturday,43100,EU,3.7,2str,43,,,,,,,,,,,,
Wednesday,41300,EU,3.7,2str,41,,,,,,,,,,,,
Sunday,42400,EU,3.7,2str,42,,,,,,,,,,,,
Sunday,41300,EU,3.7,2str,41,,,,,,,,,,,,
Sunday,43400,EU,3.7,2str,43,,,,,,,,,,,,
Monday,41000,EU,3.7,2str,41,,,,,,,,,,,,
Monday,44000,EU,3.7,2str,44,,,,,,,,,,,,
Monday,43120,EU,3.7,2str,43,,,,,,,,,,,,
Monday,41243,EU,3.7,3str,412,,,,,,,,,,,,
Monday,44200,EU,3.7,2str,44,,,,,,,,,,,,
Monday,43220,EU,3.7,2str,43,,,,,,,,,,,,
Monday,41200,EU,3.7,2str,41,,,,,,,,,,,,
Tuesday,44200,EU,3.7,2str,44,,,,,,,,,,,,
Tuesday,44440,EU,3.7,2str,44,,,,,,,,,,,,
Wednesday,41100,EU,3.7,2str,41,,,,,,,,,,,,
Wednesday,44200,EU,3.7,2str,44,,,,,,,,,,,,
Wednesday,44200,EU,3.7,2str,44,,,,,,,,,,,,
Wednesday,42233,EU,3.7,3str,422,,,,,,,,,,,,
Wednesday,44432,EU,3.7,3str,444,,,,,,,,,,,,
Wednesday,41434,EU,3.7,3str,414,,,,,,,,,,,,
Wednesday,41000,EU,3.7,2str,41,,,,,,,,,,,,
Wednesday,44110,EU,3.7,2str,44,,,,,,,,,,,,
Friday,41300,EU,3.7,2str,41,,,,,,,,,,,,
Friday,44200,EU,3.7,2str,44,,,,,,,,,,,,
Friday,42400,EU,3.7,2str,42,,,,,,,,,,,,
Friday,42200,EU,3.7,2str,42,,,,,,,,,,,,
Friday,42100,EU,3.7,2str,42,,,,,,,,,,,,
Friday,44100,EU,3.7,2str,44,,,,,,,,,,,,
Friday,43300,EU,3.7,2str,43,,,,,,,,,,,,
Friday,41300,EU,3.7,2str,41,,,,,,,,,,,,
Friday,41200,EU,3.7,2str,41,,,,,,,,,,,,
Saturday,44000,EU,3.7,2str,44,,,,,,,,,,,,
Saturday,41400,EU,3.7,2str,41,,,,,,,,,,,,
Saturday,43300,EU,3.7,2str,43,,,,,,,,,,,,
Saturday,42141,EU,3.7,3str,421,,,,,,,,,,,,
Saturday,42000,EU,3.7,2str,42,,,,,,,,,,,,
Saturday,42000,EU,3.7,2str,42,,,,,,,,,,,,
Saturday,41000,EU,3.7,2str,41,,,,,,,,,,,,
Saturday,42000,EU,3.7,2str,42,,,,,,,,,,,,
Saturday,41300,EU,3.7,2str,41,,,,,,,,,,,,
Saturday,43000,EU,3.7,2str,43,,,,,,,,,,,,
Saturday,41320,EU,3.7,2str,41,,,,,,,,,,,,
Saturday,41400,EU,3.7,2str,41,,,,,,,,,,,,
Saturday,43330,EU,3.7,2str,43,,,,,,,,,,,,
Saturday,41000,EU,3.7,2str,41,,,,,,,,,,,,
Saturday,42420,EU,3.7,2str,42,,,,,,,,,,,,
Saturday,43100,EU,3.7,2str,43,,,,,,,,,,,,
Wednesday,41300,EU,3.7,2str,41,,,,,,,,,,,,
Friday,43000,EU,3.7,2str,43,,,,,,,,,,,,
Friday,44000,EU,3.7,2str,44,,,,,,,,,,,,
Friday,42000,EU,3.7,2str,42,,,,,,,,,,,,
Friday,42000,EU,3.7,2str,42,,,,,,,,,,,,
Friday,41000,EU,3.7,2str,41,,,,,,,,,,,,
Friday,42000,EU,3.7,2str,42,,,,,,,,,,,,
Friday,43000,EU,3.7,2str,43,,,,,,,,,,,,
Friday,43110,EU,3.7,2str,43,,,,,,,,,,,,
Friday,43000,EU,3.7,2str,43,,,,,,,,,,,,
Friday,44000,EU,3.7,2str,44,,,,,,,,,,,,
Friday,44000,EU,3.7,2str,44,,,,,,,,,,,,
Friday,44000,EU,3.7,2str,44,,,,,,,,,,,,
Friday,43000,EU,3.7,2str,43,,,,,,,,,,,,
Friday,41000,EU,3.7,2str,41,,,,,,,,,,,,
Friday,43000,EU,3.7,2str,43,,,,,,,,,,,,
Friday,41000,EU,3.7,2str,41,,,,,,,,,,,,
Friday,42000,EU,3.7,2str,42,,,,,,,,,,,,
Friday,41120,EU,3.7,2str,41,,,,,,,,,,,,
Friday,43200,EU,3.7,2str,43,,,,,,,,,,,,
Friday,41000,EU,3.7,2str,41,,,,,,,,,,,,
Friday,44000,EU,3.7,2str,44,,,,,,,,,,,,
Friday,41000,EU,3.7,2str,41,,,,,,,,,,,,
Friday,44440,EU,3.7,2str,44,,,,,,,,,,,,
Friday,44420,EU,3.7,2str,44,,,,,,,,,,,,
Friday,41000,EU,3.7,2str,41,,,,,,,,,,,,
Friday,44440,EU,3.7,2str,44,,,,,,,,,,,,
Friday,41420,EU,3.7,2str,41,,,,,,,,,,,,
Friday,44100,EU,3.7,2str,44,,,,,,,,,,,,
Friday,44400,EU,3.7,2str,44,,,,,,,,,,,,
Friday,44420,EU,3.7,2str,44,,,,,,,,,,,,
Friday,43000,EU,3.7,2str,43,,,,,,,,,,,,
Friday,42200,EU,3.7,2str,42,,,,,,,,,,,,
Friday,41400,EU,3.7,2str,41,,,,,,,,,,,,
Friday,44000,EU,3.7,2str,44,,,,,,,,,,,,
Friday,44300,EU,3.7,2str,44,,,,,,,,,,,,
Friday,42320,EU,3.7,2str,42,,,,,,,,,,,,
Friday,44200,EU,3.7,2str,44,,,,,,,,,,,,
Friday,42000,EU,3.7,2str,42,,,,,,,,,,,,
Friday,43300,EU,3.7,2str,43,,,,,,,,,,,,
Friday,44400,EU,3.7,2str,44,,,,,,,,,,,,
Friday,44400,EU,3.7,2str,44,,,,,,,,,,,,
Friday,43000,EU,3.7,2str,43,,,,,,,,,,,,
Friday,42000,EU,3.7,2str,42,,,,,,,,,,,,
Friday,41000,EU,3.7,2str,41,,,,,,,,,,,,
Friday,43300,EU,3.7,2str,43,,,,,,,,,,,,
Friday,42000,EU,3.7,2str,42,,,,,,,,,,,,
Friday,42000,EU,3.7,2str,42,,,,,,,,,,,,
Friday,42000,EU,3.7,2str,42,,,,,,,,,,,,
Friday,41000,EU,3.7,2str,41,,,,,,,,,,,,
Friday,43200,EU,3.7,2str,43,,,,,,,,,,,,
Friday,43000,EU,3.7,2str,43,,,,,,,,,,,,
Friday,41000,EU,3.7,2str,41,,,,,,,,,,,,
Friday,43100,EU,3.7,2str,43,,,,,,,,,,,,
Friday,42300,EU,3.7,2str,42,,,,,,,,,,,,
Friday,42200,EU,3.7,2str,42,,,,,,,,,,,,
Friday,44100,EU,3.7,2str,44,,,,,,,,,,,,
Friday,43000,EU,3.7,2str,43,,,,,,,,,,,,
Friday,44100,EU,3.7,2str,44,,,,,,,,,,,,
Friday,42130,EU,3.7,2str,42,,,,,,,,,,,,
Friday,44000,EU,3.7,2str,44,,,,,,,,,,,,
Friday,43000,EU,3.7,2str,43,,,,,,,,,,,,
Friday,42000,EU,3.7,2str,42,,,,,,,,,,,,
Friday,43000,EU,3.7,2str,43,,,,,,,,,,,,
Friday,44000,EU,3.7,2str,44,,,,,,,,,,,,
Friday,41400,EU,3.7,2str,41,,,,,,,,,,,,
Friday,44300,EU,3.7,2str,44,,,,,,,,,,,,
Friday,43000,EU,3.7,2str,43,,,,,,,,,,,,
Friday,44300,EU,3.7,2str,44,,,,,,,,,,,,
Friday,43000,EU,3.7,2str,43,,,,,,,,,,,,
Friday,44300,EU,3.7,2str,44,,,,,,,,,,,,
Friday,44000,EU,3.7,2str,44,,,,,,,,,,,,
Friday,42100,EU,3.7,2str,42,,,,,,,,,,,,
Friday,44300,EU,3.7,2str,44,,,,,,,,,,,,
Friday,44400,EU,3.7,2str,44,,,,,,,,,,,,
Friday,44200,EU,3.7,2str,44,,,,,,,,,,,,
Friday,42300,EU,3.7,2str,42,,,,,,,,,,,,
Friday,43300,EU,3.7,2str,43,,,,,,,,,,,,
Friday,41000,EU,3.7,2str,41,,,,,,,,,,,,
Friday,44400,EU,3.7,2str,44,,,,,,,,,,,,
Friday,44000,EU,3.7,2str,44,,,,,,,,,,,,
Friday,43230,EU,3.7,2str,43,,,,,,,,,,,,
Friday,41122,EU,3.7,3str,411,,,,,,,,,,,,
Friday,44300,EU,3.7,2str,44,,,,,,,,,,,,
Friday,41210,EU,3.7,2str,41,,,,,,,,,,,,
Friday,41000,EU,3.7,2str,41,,,,,,,,,,,,
Friday,44400,EU,3.7,2str,44,,,,,,,,,,,,
Friday,43110,EU,3.7,2str,43,,,,,,,,,,,,
Friday,43000,EU,3.7,2str,43,,,,,,,,,,,,
Friday,43140,EU,3.7,2str,43,,,,,,,,,,,,
Friday,41330,EU,3.7,2str,41,,,,,,,,,,,,
Friday,42300,EU,3.7,2str,42,,,,,,,,,,,,
Friday,42000,EU,3.7,2str,42,,,,,,,,,,,,
Friday,43000,EU,3.7,2str,43,,,,,,,,,,,,
Friday,41000,EU,3.7,2str,41,,,,,,,,,,,,
Friday,43000,EU,3.7,2str,43,,,,,,,,,,,,
Friday,41000,EU,3.7,2str,41,,,,,,,,,,,,
Friday,41000,EU,3.7,2str,41,,,,,,,,,,,,
Friday,42000,EU,3.7,2str,42,,,,,,,,,,,,
Friday,41000,EU,3.7,2str,41,,,,,,,,,,,,
Friday,41300,EU,3.7,2str,41,,,,,,,,,,,,
Friday,44000,EU,3.7,2str,44,,,,,,,,,,,,
Friday,43000,EU,3.7,2str,43,,,,,,,,,,,,
Friday,44000,EU,3.7,2str,44,,,,,,,,,,,,
Friday,44000,EU,3.7,2str,44,,,,,,,,,,,,
Friday,44300,EU,3.7,2str,44,,,,,,,,,,,,
Friday,43000,EU,3.7,2str,43,,,,,,,,,,,,
Friday,44000,EU,3.7,2str,44,,,,,,,,,,,,
Friday,43000,EU,3.7,2str,43,,,,,,,,,,,,
Friday,44400,EU,3.7,2str,44,,,,,,,,,,,,
Friday,43100,EU,3.7,2str,43,,,,,,,,,,,,
Friday,43000,EU,3.7,2str,43,,,,,,,,,,,,
Friday,41210,EU,3.7,2str,41,,,,,,,,,,,,
Friday,44300,EU,3.7,2str,44,,,,,,,,,,,,
Friday,42000,EU,3.7,2str,42,,,,,,,,,,,,
Friday,41000,EU,3.7,2str,41,,,,,,,,,,,,
Friday,44100,EU,3.7,2str,44,,,,,,,,,,,,
Friday,44300,EU,3.7,2str,44,,,,,,,,,,,,
Friday,42300,EU,3.7,2str,42,,,,,,,,,,,,
Friday,44200,EU,3.7,2str,44,,,,,,,,,,,,
Friday,44200,EU,3.7,2str,44,,,,,,,,,,,,
Friday,42230,EU,3.7,2str,42,,,,,,,,,,,,
Friday,42000,EU,3.7,2str,42,,,,,,,,,,,,
Monday,44330,EU,3.7,2str,44,,,,,,,,,,,,
Monday,42240,EU,3.7,2str,42,,,,,,,,,,,,
Monday,42330,EU,3.7,2str,42,,,,,,,,,,,,
Monday,41210,EU,3.7,2str,41,,,,,,,,,,,,
Monday,42340,EU,3.7,2str,42,,,,,,,,,,,,
Monday,42310,EU,3.7,2str,42,,,,,,,,,,,,
Monday,41200,EU,3.7,2str,41,,,,,,,,,,,,
Monday,42200,EU,3.7,2str,42,,,,,,,,,,,,
Monday,41410,EU,3.7,2str,41,,,,,,,,,,,,
Monday,42110,EU,3.7,2str,42,,,,,,,,,,,,
Monday,43140,EU,3.7,2str,43,,,,,,,,,,,,
Monday,42100,EU,3.7,2str,42,,,,,,,,,,,,
Monday,43400,EU,3.7,2str,43,,,,,,,,,,,,
Monday,43300,EU,3.7,2str,43,,,,,,,,,,,,
Monday,41200,EU,3.7,2str,41,,,,,,,,,,,,
Monday,41410,EU,3.7,2str,41,,,,,,,,,,,,
Monday,42230,EU,3.7,2str,42,,,,,,,,,,,,
Monday,43220,EU,3.7,2str,43,,,,,,,,,,,,
Monday,44330,EU,3.7,2str,44,,,,,,,,,,,,
Monday,41130,EU,3.7,2str,41,,,,,,,,,,,,
Monday,42440,EU,3.7,2str,42,,,,,,,,,,,,
Monday,41230,EU,3.7,2str,41,,,,,,,,,,,,
Monday,44110,EU,3.7,2str,44,,,,,,,,,,,,
Monday,42310,EU,3.7,2str,42,,,,,,,,,,,,
Monday,42440,EU,3.7,2str,42,,,,,,,,,,,,
Monday,44340,EU,3.7,2str,44,,,,,,,,,,,,
Monday,42110,EU,3.7,2str,42,,,,,,,,,,,,
Monday,42120,EU,3.7,2str,42,,,,,,,,,,,,
Monday,41430,EU,3.7,2str,41,,,,,,,,,,,,
Monday,42410,EU,3.7,2str,42,,,,,,,,,,,,
Monday,41110,EU,3.7,2str,41,,,,,,,,,,,,
Monday,44330,EU,3.7,2str,44,,,,,,,,,,,,
Monday,42130,EU,3.7,2str,42,,,,,,,,,,,,
Monday,44440,EU,3.7,2str,44,,,,,,,,,,,,
Monday,42110,EU,3.7,2str,42,,,,,,,,,,,,
Monday,43410,EU,3.7,2str,43,,,,,,,,,,,,
Friday,42100,EU,3.7,2str,42,,,,,,,,,,,,
Friday,44000,EU,3.7,2str,44,,,,,,,,,,,,
Friday,42000,EU,3.7,2str,42,,,,,,,,,,,,
Friday,44000,EU,3.7,2str,44,,,,,,,,,,,,
Friday,44000,EU,3.7,2str,44,,,,,,,,,,,,
Friday,43000,EU,3.7,2str,43,,,,,,,,,,,,
Friday,44000,EU,3.7,2str,44,,,,,,,,,,,,
Friday,43000,EU,3.7,2str,43,,,,,,,,,,,,
Friday,41000,EU,3.7,2str,41,,,,,,,,,,,,
Friday,41444,EU,3.7,3str,414,,,,,,,,,,,,
Friday,41000,EU,3.7,2str,41,,,,,,,,,,,,
Friday,42100,EU,3.7,2str,42,,,,,,,,,,,,
Friday,41000,EU,3.7,2str,41,,,,,,,,,,,,
Friday,43341,EU,3.7,3str,433,,,,,,,,,,,,
Friday,41412,EU,3.7,3str,414,,,,,,,,,,,,
Friday,43100,EU,3.7,2str,43,,,,,,,,,,,,
Friday,42110,EU,3.7,2str,42,,,,,,,,,,,,
Friday,43000,EU,3.7,2str,43,,,,,,,,,,,,
Friday,42320,EU,3.7,2str,42,,,,,,,,,,,,
Friday,42442,EU,3.7,3str,424,,,,,,,,,,,,
Friday,42124,EU,3.7,3str,421,,,,,,,,,,,,
Friday,44000,EU,3.7,2str,44,,,,,,,,,,,,
Friday,43000,EU,3.7,2str,43,,,,,,,,,,,,
Friday,41113,EU,3.7,3str,411,,,,,,,,,,,,
Friday,41300,EU,3.7,2str,41,,,,,,,,,,,,
Friday,41000,EU,3.7,2str,41,,,,,,,,,,,,
Friday,43400,EU,3.7,2str,43,,,,,,,,,,,,
Friday,43100,EU,3.7,2str,43,,,,,,,,,,,,
Friday,43300,EU,3.7,2str,43,,,,,,,,,,,,
Friday,42000,EU,3.7,2str,42,,,,,,,,,,,,
Friday,44400,EU,3.7,2str,44,,,,,,,,,,,,
Friday,43310,EU,3.7,2str,43,,,,,,,,,,,,
Friday,43000,EU,3.7,2str,43,,,,,,,,,,,,
Friday,42000,EU,3.7,2str,42,,,,,,,,,,,,
Friday,44300,EU,3.7,2str,44,,,,,,,,,,,,
Friday,42100,EU,3.7,2str,42,,,,,,,,,,,,
Friday,44200,EU,3.7,2str,44,,,,,,,,,,,,
Friday,42000,EU,3.7,2str,42,,,,,,,,,,,,
Friday,44200,EU,3.7,2str,44,,,,,,,,,,,,
Friday,41320,EU,3.7,2str,41,,,,,,,,,,,,
Friday,41000,EU,3.7,2str,41,,,,,,,,,,,,
Friday,43200,EU,3.7,2str,43,,,,,,,,,,,,
Friday,41400,EU,3.7,2str,41,,,,,,,,,,,,
Friday,44000,EU,3.7,2str,44,,,,,,,,,,,,
Friday,42000,EU,3.7,2str,42,,,,,,,,,,,,
Friday,41300,EU,3.7,2str,41,,,,,,,,,,,,
Friday,44000,EU,3.7,2str,44,,,,,,,,,,,,
Friday,43000,EU,3.7,2str,43,,,,,,,,,,,,
Friday,44000,EU,3.7,2str,44,,,,,,,,,,,,
Friday,41000,EU,3.7,2str,41,,,,,,,,,,,,
Friday,43000,EU,3.7,2str,43,,,,,,,,,,,,
Friday,41000,EU,3.7,2str,41,,,,,,,,,,,,
Friday,44000,EU,3.7,2str,44,,,,,,,,,,,,
Friday,42000,EU,3.7,2str,42,,,,,,,,,,,,
Friday,41000,EU,3.7,2str,41,,,,,,,,,,,,
Friday,42000,EU,3.7,2str,42,,,,,,,,,,,,
Friday,41000,EU,3.7,2str,41,,,,,,,,,,,,
Friday,42000,EU,3.7,2str,42,,,,,,,,,,,,
Friday,43400,EU,3.7,2str,43,,,,,,,,,,,,
Friday,43210,EU,3.7,2str,43,,,,,,,,,,,,
Friday,44100,EU,3.7,2str,44,,,,,,,,,,,,
Friday,41000,EU,3.7,2str,41,,,,,,,,,,,,
Friday,42300,EU,3.7,2str,42,,,,,,,,,,,,
Friday,41300,EU,3.7,2str,41,,,,,,,,,,,,
Friday,44300,EU,3.7,2str,44,,,,,,,,,,,,
Friday,44324,EU,3.7,3str,443,,,,,,,,,,,,
Friday,43100,EU,3.7,2str,43,,,,,,,,,,,,
Friday,42000,EU,3.7,2str,42,,,,,,,,,,,,
Friday,44220,EU,3.7,2str,44,,,,,,,,,,,,
Friday,42300,EU,3.7,2str,42,,,,,,,,,,,,
Friday,44100,EU,3.7,2str,44,,,,,,,,,,,,
Friday,41000,EU,3.7,2str,41,,,,,,,,,,,,
Friday,44411,EU,3.7,3str,444,,,,,,,,,,,,
Friday,41100,EU,3.7,2str,41,,,,,,,,,,,,
Friday,41000,EU,3.7,2str,41,,,,,,,,,,,,
Friday,44000,EU,3.7,2str,44,,,,,,,,,,,,
Friday,41400,EU,3.7,2str,41,,,,,,,,,,,,
Friday,42000,EU,3.7,2str,42,,,,,,,,,,,,
Friday,41000,EU,3.7,2str,41,,,,,,,,,,,,
Friday,41000,EU,3.7,2str,41,,,,,,,,,,,,
Friday,41000,EU,3.7,2str,41,,,,,,,,,,,,
Friday,41000,EU,3.7,2str,41,,,,,,,,,,,,
Friday,41000,EU,3.7,2str,41,,,,,,,,,,,,
Friday,41300,EU,3.7,2str,41,,,,,,,,,,,,
Friday,43000,EU,3.7,2str,43,,,,,,,,,,,,
Friday,43200,EU,3.7,2str,43,,,,,,,,,,,,
Friday,41300,EU,3.7,2str,41,,,,,,,,,,,,
Friday,42123,EU,3.7,3str,421,,,,,,,,,,,,
Friday,43000,EU,3.7,2str,43,,,,,,,,,,,,
Friday,44330,EU,3.7,2str,44,,,,,,,,,,,,
Friday,42000,EU,3.7,2str,42,,,,,,,,,,,,
Friday,42000,EU,3.7,2str,42,,,,,,,,,,,,
Friday,41400,EU,3.7,2str,41,,,,,,,,,,,,
Friday,43241,EU,3.7,3str,432,,,,,,,,,,,,
Friday,43200,EU,3.7,2str,43,,,,,,,,,,,,
Friday,41310,EU,3.7,2str,41,,,,,,,,,,,,
Friday,41100,EU,3.7,2str,41,,,,,,,,,,,,
Friday,42400,EU,3.7,2str,42,,,,,,,,,,,,
Friday,41300,EU,3.7,2str,41,,,,,,,,,,,,
Friday,43200,EU,3.7,2str,43,,,,,,,,,,,,
Friday,43200,EU,3.7,2str,43,,,,,,,,,,,,
Friday,41200,EU,3.7,2str,41,,,,,,,,,,,,
Friday,44000,EU,3.7,2str,44,,,,,,,,,,,,
Friday,44000,EU,3.7,2str,44,,,,,,,,,,,,
Friday,42000,EU,3.7,2str,42,,,,,,,,,,,,
Friday,43000,EU,3.7,2str,43,,,,,,,,,,,,
Friday,41000,EU,3.7,2str,41,,,,,,,,,,,,
Friday,43000,EU,3.7,2str,43,,,,,,,,,,,,
Friday,43000,EU,3.7,2str,43,,,,,,,,,,,,
Friday,41000,EU,3.7,2str,41,,,,,,,,,,,,
Friday,43000,EU,3.7,2str,43,,,,,,,,,,,,
Friday,44300,EU,3.7,2str,44,,,,,,,,,,,,
Friday,43300,EU,3.7,2str,43,,,,,,,,,,,,
Friday,41300,EU,3.7,2str,41,,,,,,,,,,,,
Friday,41100,EU,3.7,2str,41,,,,,,,,,,,,
Friday,43000,EU,3.7,2str,43,,,,,,,,,,,,
Friday,42000,EU,3.7,2str,42,,,,,,,,,,,,
Friday,41200,EU,3.7,2str,41,,,,,,,,,,,,
Friday,41400,EU,3.7,2str,41,,,,,,,,,,,,
Friday,44200,EU,3.7,2str,44,,,,,,,,,,,,
Friday,43000,EU,3.7,2str,43,,,,,,,,,,,,
Friday,42200,EU,3.7,2str,42,,,,,,,,,,,,
Friday,43400,EU,3.7,2str,43,,,,,,,,,,,,
Friday,42100,EU,3.7,2str,42,,,,,,,,,,,,
Friday,44000,EU,3.7,2str,44,,,,,,,,,,,,
Sunday,42211,EU,3.7,3str,422,,,,,,,,,,,,
Sunday,43221,EU,3.7,3str,432,,,,,,,,,,,,
Sunday,44200,EU,3.7,2str,44,,,,,,,,,,,,
Sunday,44200,EU,3.7,2str,44,,,,,,,,,,,,
Sunday,44313,EU,3.7,3str,443,,,,,,,,,,,,
Sunday,44314,EU,3.7,3str,443,,,,,,,,,,,,
Sunday,44432,EU,3.7,3str,444,,,,,,,,,,,,
Sunday,44442,EU,3.7,3str,444,,,,,,,,,,,,
Monday,43411,EU,3.7,3str,434,,,,,,,,,,,,
Monday,43442,EU,3.7,3str,434,,,,,,,,,,,,
Monday,44112,EU,3.7,3str,441,,,,,,,,,,,,
Monday,44210,EU,3.7,2str,44,,,,,,,,,,,,
Monday,44243,EU,3.7,3str,442,,,,,,,,,,,,
Tuesday,41321,EU,3.7,3str,413,,,,,,,,,,,,
Tuesday,43111,EU,3.7,3str,431,,,,,,,,,,,,
Tuesday,43211,EU,3.7,3str,432,,,,,,,,,,,,
Wednesday,41413,EU,3.7,3str,414,,,,,,,,,,,,
Wednesday,42224,EU,3.7,3str,422,,,,,,,,,,,,
Wednesday,42414,EU,3.7,3str,424,,,,,,,,,,,,
Wednesday,43231,EU,3.7,3str,432,,,,,,,,,,,,
Wednesday,43342,EU,3.7,3str,433,,,,,,,,,,,,
Wednesday,43433,EU,3.7,3str,434,,,,,,,,,,,,
Wednesday,44213,EU,3.7,3str,442,,,,,,,,,,,,
Wednesday,44310,EU,3.7,2str,44,,,,,,,,,,,,
Wednesday,44412,EU,3.7,3str,444,,,,,,,,,,,,
Thursday,41232,EU,3.7,3str,412,,,,,,,,,,,,
Thursday,41422,EU,3.7,3str,414,,,,,,,,,,,,
Thursday,41424,EU,3.7,3str,414,,,,,,,,,,,,
Thursday,42230,EU,3.7,2str,42,,,,,,,,,,,,
Thursday,43234,EU,3.7,3str,432,,,,,,,,,,,,
Friday,41221,EU,3.7,3str,412,,,,,,,,,,,,
Friday,41242,EU,3.7,3str,412,,,,,,,,,,,,
Friday,42111,EU,3.7,3str,421,,,,,,,,,,,,
Friday,42243,EU,3.7,3str,422,,,,,,,,,,,,
Friday,43122,EU,3.7,3str,431,,,,,,,,,,,,
Friday,43224,EU,3.7,3str,432,,,,,,,,,,,,
Saturday,43224,EU,3.7,3str,432,,,,,,,,,,,,
Saturday,43224,EU,3.7,3str,432,,,,,,,,,,,,
Sunday,42211,EU,3.7,3str,422,,,,,,,,,,,,
Sunday,43221,EU,3.7,3str,432,,,,,,,,,,,,
Sunday,44200,EU,3.7,2str,44,,,,,,,,,,,,
Sunday,44200,EU,3.7,2str,44,,,,,,,,,,,,
Sunday,44313,EU,3.7,3str,443,,,,,,,,,,,,
Sunday,44314,EU,3.7,3str,443,,,,,,,,,,,,
Sunday,44432,EU,3.7,3str,444,,,,,,,,,,,,
Sunday,44442,EU,3.7,3str,444,,,,,,,,,,,,
Monday,43411,EU,3.7,3str,434,,,,,,,,,,,,
Monday,43442,EU,3.7,3str,434,,,,,,,,,,,,
Monday,44112,EU,3.7,3str,441,,,,,,,,,,,,
Monday,44210,EU,3.7,2str,44,,,,,,,,,,,,
Monday,44243,EU,3.7,3str,442,,,,,,,,,,,,
Tuesday,41321,EU,3.7,3str,413,,,,,,,,,,,,
Tuesday,43111,EU,3.7,3str,431,,,,,,,,,,,,
Tuesday,43211,EU,3.7,3str,432,,,,,,,,,,,,
Wednesday,41413,EU,3.7,3str,414,,,,,,,,,,,,
Wednesday,42224,EU,3.7,3str,422,,,,,,,,,,,,
Wednesday,42414,EU,3.7,3str,424,,,,,,,,,,,,
Wednesday,43231,EU,3.7,3str,432,,,,,,,,,,,,
Wednesday,43242,EU,3.7,3str,432,,,,,,,,,,,,
Wednesday,43322,EU,3.7,3str,433,,,,,,,,,,,,
Wednesday,43342,EU,3.7,3str,433,,,,,,,,,,,,
Wednesday,43423,EU,3.7,3str,434,,,,,,,,,,,,
Wednesday,43433,EU,3.7,3str,434,,,,,,,,,,,,
Wednesday,44213,EU,3.7,3str,442,,,,,,,,,,,,
Wednesday,44310,EU,3.7,2str,44,,,,,,,,,,,,
Wednesday,44412,EU,3.7,3str,444,,,,,,,,,,,,
Thursday,41232,EU,3.7,3str,412,,,,,,,,,,,,
Thursday,41422,EU,3.7,3str,414,,,,,,,,,,,,
Thursday,41424,EU,3.7,3str,414,,,,,,,,,,,,
Thursday,42230,EU,3.7,2str,42,,,,,,,,,,,,
Thursday,43234,EU,3.7,3str,432,,,,,,,,,,,,
Friday,41221,EU,3.7,3str,412,,,,,,,,,,,,
Friday,41241,EU,3.7,3str,412,,,,,,,,,,,,
Friday,41242,EU,3.7,3str,412,,,,,,,,,,,,
Friday,42111,EU,3.7,3str,421,,,,,,,,,,,,
Friday,42243,EU,3.7,3str,422,,,,,,,,,,,,
Friday,43122,EU,3.7,3str,431,,,,,,,,,,,,
Friday,43224,EU,3.7,3str,432,,,,,,,,,,,,
Saturday,43224,EU,3.7,3str,432,,,,,,,,,,,,
Saturday,43224,EU,3.7,3str,432,,,,,,,,,,,,
Sunday,42400,EU,3.7,2str,42,,,,,,,,,,,,
Sunday,41300,EU,3.7,2str,41,,,,,,,,,,,,
Sunday,43400,EU,3.7,2str,43,,,,,,,,,,,,
Monday,41000,EU,3.7,2str,41,,,,,,,,,,,,
Monday,44000,EU,3.7,2str,44,,,,,,,,,,,,
Monday,43120,EU,3.7,2str,43,,,,,,,,,,,,
Monday,41243,EU,3.7,3str,412,,,,,,,,,,,,
Monday,44200,EU,3.7,2str,44,,,,,,,,,,,,
Monday,43220,EU,3.7,2str,43,,,,,,,,,,,,
Monday,41200,EU,3.7,2str,41,,,,,,,,,,,,
Tuesday,44200,EU,3.7,2str,44,,,,,,,,,,,,
Tuesday,44440,EU,3.7,2str,44,,,,,,,,,,,,
Wednesday,41100,EU,3.7,2str,41,,,,,,,,,,,,
Wednesday,44200,EU,3.7,2str,44,,,,,,,,,,,,
Wednesday,44200,EU,3.7,2str,44,,,,,,,,,,,,
Wednesday,42233,EU,3.7,3str,422,,,,,,,,,,,,
Wednesday,44432,EU,3.7,3str,444,,,,,,,,,,,,
Wednesday,41434,EU,3.7,3str,414,,,,,,,,,,,,
Wednesday,41000,EU,3.7,2str,41,,,,,,,,,,,,
Wednesday,44110,EU,3.7,2str,44,,,,,,,,,,,,
Friday,41300,EU,3.7,2str,41,,,,,,,,,,,,
Friday,44200,EU,3.7,2str,44,,,,,,,,,,,,
Friday,42400,EU,3.7,2str,42,,,,,,,,,,,,
Friday,42200,EU,3.7,2str,42,,,,,,,,,,,,
Friday,42100,EU,3.7,2str,42,,,,,,,,,,,,
Friday,44100,EU,3.7,2str,44,,,,,,,,,,,,
Friday,43300,EU,3.7,2str,43,,,,,,,,,,,,
Friday,41300,EU,3.7,2str,41,,,,,,,,,,,,
Friday,41200,EU,3.7,2str,41,,,,,,,,,,,,
Saturday,44000,EU,3.7,2str,44,,,,,,,,,,,,
Saturday,41400,EU,3.7,2str,41,,,,,,,,,,,,
Saturday,43300,EU,3.7,2str,43,,,,,,,,,,,,
Saturday,42141,EU,3.7,3str,421,,,,,,,,,,,,
Saturday,42000,EU,3.7,2str,42,,,,,,,,,,,,
Saturday,42000,EU,3.7,2str,42,,,,,,,,,,,,
Saturday,41000,EU,3.7,2str,41,,,,,,,,,,,,
Saturday,42000,EU,3.7,2str,42,,,,,,,,,,,,
Saturday,41300,EU,3.7,2str,41,,,,,,,,,,,,
Saturday,43000,EU,3.7,2str,43,,,,,,,,,,,,
Saturday,41320,EU,3.7,2str,41,,,,,,,,,,,,
Saturday,41400,EU,3.7,2str,41,,,,,,,,,,,,
Saturday,43330,EU,3.7,2str,43,,,,,,,,,,,,
Saturday,41000,EU,3.7,2str,41,,,,,,,,,,,,
Saturday,42420,EU,3.7,2str,42,,,,,,,,,,,,
Saturday,43100,EU,3.7,2str,43,,,,,,,,,,,,
Wednesday,41300,EU,3.7,2str,41,,,,,,,,,,,,
Sunday,42400,EU,3.7,2str,42,,,,,,,,,,,,
Sunday,41300,EU,3.7,2str,41,,,,,,,,,,,,
Sunday,43400,EU,3.7,2str,43,,,,,,,,,,,,
Monday,41000,EU,3.7,2str,41,,,,,,,,,,,,
Monday,44000,EU,3.7,2str,44,,,,,,,,,,,,
Monday,43120,EU,3.7,2str,43,,,,,,,,,,,,
Monday,41243,EU,3.7,3str,412,,,,,,,,,,,,
Monday,44200,EU,3.7,2str,44,,,,,,,,,,,,
Monday,43220,EU,3.7,2str,43,,,,,,,,,,,,
Monday,41200,EU,3.7,2str,41,,,,,,,,,,,,
Tuesday,44200,EU,3.7,2str,44,,,,,,,,,,,,
Tuesday,44440,EU,3.7,2str,44,,,,,,,,,,,,
Wednesday,41100,EU,3.7,2str,41,,,,,,,,,,,,
Wednesday,44200,EU,3.7,2str,44,,,,,,,,,,,,
Wednesday,44200,EU,3.7,2str,44,,,,,,,,,,,,
Wednesday,42233,EU,3.7,3str,422,,,,,,,,,,,,
Wednesday,44432,EU,3.7,3str,444,,,,,,,,,,,,
Wednesday,41434,EU,3.7,3str,414,,,,,,,,,,,,
Wednesday,41000,EU,3.7,2str,41,,,,,,,,,,,,
Wednesday,44110,EU,3.7,2str,44,,,,,,,,,,,,
Friday,41300,EU,3.7,2str,41,,,,,,,,,,,,
Friday,44200,EU,3.7,2str,44,,,,,,,,,,,,
Friday,42400,EU,3.7,2str,42,,,,,,,,,,,,
Friday,42200,EU,3.7,2str,42,,,,,,,,,,,,
Friday,42100,EU,3.7,2str,42,,,,,,,,,,,,
Friday,44100,EU,3.7,2str,44,,,,,,,,,,,,
Friday,43300,EU,3.7,2str,43,,,,,,,,,,,,
Friday,41300,EU,3.7,2str,41,,,,,,,,,,,,
Friday,41200,EU,3.7,2str,41,,,,,,,,,,,,
Saturday,44000,EU,3.7,2str,44,,,,,,,,,,,,
Saturday,41400,EU,3.7,2str,41,,,,,,,,,,,,
Saturday,43300,EU,3.7,2str,43,,,,,,,,,,,,
Saturday,42141,EU,3.7,3str,421,,,,,,,,,,,,
Saturday,42000,EU,3.7,2str,42,,,,,,,,,,,,
Saturday,42000,EU,3.7,2str,42,,,,,,,,,,,,
Saturday,41000,EU,3.7,2str,41,,,,,,,,,,,,
Saturday,42000,EU,3.7,2str,42,,,,,,,,,,,,
Saturday,41300,EU,3.7,2str,41,,,,,,,,,,,,
Saturday,43000,EU,3.7,2str,43,,,,,,,,,,,,
Saturday,41320,EU,3.7,2str,41,,,,,,,,,,,,
Saturday,41400,EU,3.7,2str,41,,,,,,,,,,,,
Saturday,43330,EU,3.7,2str,43,,,,,,,,,,,,
Saturday,41000,EU,3.7,2str,41,,,,,,,,,,,,
Saturday,42420,EU,3.7,2str,42,,,,,,,,,,,,
Saturday,43100,EU,3.7,2str,43,,,,,,,,,,,,
Wednesday,41300,EU,3.7,2str,41,,,,,,,,,,,,
Friday,43000,EU,3.7,2str,43,,,,,,,,,,,,
Friday,44000,EU,3.7,2str,44,,,,,,,,,,,,
Friday,42000,EU,3.7,2str,42,,,,,,,,,,,,
Friday,42000,EU,3.7,2str,42,,,,,,,,,,,,
Friday,41000,EU,3.7,2str,41,,,,,,,,,,,,
Friday,42000,EU,3.7,2str,42,,,,,,,,,,,,
Friday,43000,EU,3.7,2str,43,,,,,,,,,,,,
Friday,43110,EU,3.7,2str,43,,,,,,,,,,,,
Friday,43000,EU,3.7,2str,43,,,,,,,,,,,,
Friday,44000,EU,3.7,2str,44,,,,,,,,,,,,
Friday,44000,EU,3.7,2str,44,,,,,,,,,,,,
Friday,44000,EU,3.7,2str,44,,,,,,,,,,,,
Friday,43000,EU,3.7,2str,43,,,,,,,,,,,,
Friday,41000,EU,3.7,2str,41,,,,,,,,,,,,
Friday,43000,EU,3.7,2str,43,,,,,,,,,,,,
Friday,41000,EU,3.7,2str,41,,,,,,,,,,,,
Friday,42000,EU,3.7,2str,42,,,,,,,,,,,,
Friday,41120,EU,3.7,2str,41,,,,,,,,,,,,
Friday,43200,EU,3.7,2str,43,,,,,,,,,,,,
Friday,41000,EU,3.7,2str,41,,,,,,,,,,,,
Friday,44000,EU,3.7,2str,44,,,,,,,,,,,,
Friday,41000,EU,3.7,2str,41,,,,,,,,,,,,
Friday,44440,EU,3.7,2str,44,,,,,,,,,,,,
Friday,44420,EU,3.7,2str,44,,,,,,,,,,,,
Friday,41000,EU,3.7,2str,41,,,,,,,,,,,,
Friday,44440,EU,3.7,2str,44,,,,,,,,,,,,
Friday,41420,EU,3.7,2str,41,,,,,,,,,,,,
Friday,44100,EU,3.7,2str,44,,,,,,,,,,,,
Friday,44400,EU,3.7,2str,44,,,,,,,,,,,,
Friday,44420,EU,3.7,2str,44,,,,,,,,,,,,
Friday,43000,EU,3.7,2str,43,,,,,,,,,,,,
Friday,42200,EU,3.7,2str,42,,,,,,,,,,,,
Friday,41400,EU,3.7,2str,41,,,,,,,,,,,,
Friday,44000,EU,3.7,2str,44,,,,,,,,,,,,
Friday,44300,EU,3.7,2str,44,,,,,,,,,,,,
Friday,42320,EU,3.7,2str,42,,,,,,,,,,,,
Friday,44200,EU,3.7,2str,44,,,,,,,,,,,,
Friday,42000,EU,3.7,2str,42,,,,,,,,,,,,
Friday,43300,EU,3.7,2str,43,,,,,,,,,,,,
Friday,44400,EU,3.7,2str,44,,,,,,,,,,,,
Friday,44400,EU,3.7,2str,44,,,,,,,,,,,,
Friday,43000,EU,3.7,2str,43,,,,,,,,,,,,
Friday,42000,EU,3.7,2str,42,,,,,,,,,,,,
Friday,41000,EU,3.7,2str,41,,,,,,,,,,,,
Friday,43300,EU,3.7,2str,43,,,,,,,,,,,,
Friday,42000,EU,3.7,2str,42,,,,,,,,,,,,
Friday,42000,EU,3.7,2str,42,,,,,,,,,,,,
Friday,42000,EU,3.7,2str,42,,,,,,,,,,,,
Friday,41000,EU,3.7,2str,41,,,,,,,,,,,,
Friday,43200,EU,3.7,2str,43,,,,,,,,,,,,
Friday,43000,EU,3.7,2str,43,,,,,,,,,,,,
Friday,41000,EU,3.7,2str,41,,,,,,,,,,,,
Friday,43100,EU,3.7,2str,43,,,,,,,,,,,,
Friday,42300,EU,3.7,2str,42,,,,,,,,,,,,
Friday,42200,EU,3.7,2str,42,,,,,,,,,,,,
Friday,44100,EU,3.7,2str,44,,,,,,,,,,,,
Friday,43000,EU,3.7,2str,43,,,,,,,,,,,,
Friday,44100,EU,3.7,2str,44,,,,,,,,,,,,
Friday,42130,EU,3.7,2str,42,,,,,,,,,,,,
Friday,44000,EU,3.7,2str,44,,,,,,,,,,,,
Friday,43000,EU,3.7,2str,43,,,,,,,,,,,,
Friday,42000,EU,3.7,2str,42,,,,,,,,,,,,
Friday,43000,EU,3.7,2str,43,,,,,,,,,,,,
Friday,44000,EU,3.7,2str,44,,,,,,,,,,,,
Friday,41400,EU,3.7,2str,41,,,,,,,,,,,,
Friday,44300,EU,3.7,2str,44,,,,,,,,,,,,
Friday,43000,EU,3.7,2str,43,,,,,,,,,,,,
Friday,44300,EU,3.7,2str,44,,,,,,,,,,,,
Friday,43000,EU,3.7,2str,43,,,,,,,,,,,,
Friday,44300,EU,3.7,2str,44,,,,,,,,,,,,
Friday,44000,EU,3.7,2str,44,,,,,,,,,,,,
Friday,42100,EU,3.7,2str,42,,,,,,,,,,,,
Friday,44300,EU,3.7,2str,44,,,,,,,,,,,,
Friday,44400,EU,3.7,2str,44,,,,,,,,,,,,
Friday,44200,EU,3.7,2str,44,,,,,,,,,,,,
Friday,42300,EU,3.7,2str,42,,,,,,,,,,,,
Friday,43300,EU,3.7,2str,43,,,,,,,,,,,,
Friday,41000,EU,3.7,2str,41,,,,,,,,,,,,
Friday,44400,EU,3.7,2str,44,,,,,,,,,,,,
Friday,44000,EU,3.7,2str,44,,,,,,,,,,,,
Friday,43230,EU,3.7,2str,43,,,,,,,,,,,,
Friday,41122,EU,3.7,3str,411,,,,,,,,,,,,
Friday,44300,EU,3.7,2str,44,,,,,,,,,,,,
Friday,41210,EU,3.7,2str,41,,,,,,,,,,,,
Friday,41000,EU,3.7,2str,41,,,,,,,,,,,,
Friday,44400,EU,3.7,2str,44,,,,,,,,,,,,
Friday,43110,EU,3.7,2str,43,,,,,,,,,,,,
Friday,43000,EU,3.7,2str,43,,,,,,,,,,,,
Friday,43140,EU,3.7,2str,43,,,,,,,,,,,,
Friday,41330,EU,3.7,2str,41,,,,,,,,,,,,
Friday,42300,EU,3.7,2str,42,,,,,,,,,,,,
Friday,42000,EU,3.7,2str,42,,,,,,,,,,,,
Friday,43000,EU,3.7,2str,43,,,,,,,,,,,,
Friday,41000,EU,3.7,2str,41,,,,,,,,,,,,
Friday,43000,EU,3.7,2str,43,,,,,,,,,,,,
Friday,41000,EU,3.7,2str,41,,,,,,,,,,,,
Friday,41000,EU,3.7,2str,41,,,,,,,,,,,,
Friday,42000,EU,3.7,2str,42,,,,,,,,,,,,
Friday,41000,EU,3.7,2str,41,,,,,,,,,,,,
Friday,41300,EU,3.7,2str,41,,,,,,,,,,,,
Friday,44000,EU,3.7,2str,44,,,,,,,,,,,,
Friday,43000,EU,3.7,2str,43,,,,,,,,,,,,
Friday,44000,EU,3.7,2str,44,,,,,,,,,,,,
Friday,44000,EU,3.7,2str,44,,,,,,,,,,,,
Friday,44300,EU,3.7,2str,44,,,,,,,,,,,,
Friday,43000,EU,3.7,2str,43,,,,,,,,,,,,
Friday,44000,EU,3.7,2str,44,,,,,,,,,,,,
Friday,43000,EU,3.7,2str,43,,,,,,,,,,,,
Friday,44400,EU,3.7,2str,44,,,,,,,,,,,,
Friday,43100,EU,3.7,2str,43,,,,,,,,,,,,
Friday,43000,EU,3.7,2str,43,,,,,,,,,,,,
Friday,41210,EU,3.7,2str,41,,,,,,,,,,,,
Friday,44300,EU,3.7,2str,44,,,,,,,,,,,,
Friday,42000,EU,3.7,2str,42,,,,,,,,,,,,
Friday,41000,EU,3.7,2str,41,,,,,,,,,,,,
Friday,44100,EU,3.7,2str,44,,,,,,,,,,,,
Friday,44300,EU,3.7,2str,44,,,,,,,,,,,,
Friday,42300,EU,3.7,2str,42,,,,,,,,,,,,
Friday,44200,EU,3.7,2str,44,,,,,,,,,,,,
Friday,44200,EU,3.7,2str,44,,,,,,,,,,,,
Friday,42230,EU,3.7,2str,42,,,,,,,,,,,,
Friday,42000,EU,3.7,2str,42,,,,,,,,,,,,
Monday,44330,EU,3.7,2str,44,,,,,,,,,,,,
Monday,42240,EU,3.7,2str,42,,,,,,,,,,,,
Monday,42330,EU,3.7,2str,42,,,,,,,,,,,,
Monday,41210,EU,3.7,2str,41,,,,,,,,,,,,
Monday,42340,EU,3.7,2str,42,,,,,,,,,,,,
Monday,42310,EU,3.7,2str,42,,,,,,,,,,,,
Monday,41200,EU,3.7,2str,41,,,,,,,,,,,,
Monday,42200,EU,3.7,2str,42,,,,,,,,,,,,
Monday,41410,EU,3.7,2str,41,,,,,,,,,,,,
Monday,42110,EU,3.7,2str,42,,,,,,,,,,,,
Monday,43140,EU,3.7,2str,43,,,,,,,,,,,,
Monday,42100,EU,3.7,2str,42,,,,,,,,,,,,
Monday,43400,EU,3.7,2str,43,,,,,,,,,,,,
Monday,43300,EU,3.7,2str,43,,,,,,,,,,,,
Monday,41200,EU,3.7,2str,41,,,,,,,,,,,,
Monday,41410,EU,3.7,2str,41,,,,,,,,,,,,
Monday,42230,EU,3.7,2str,42,,,,,,,,,,,,
Monday,43220,EU,3.7,2str,43,,,,,,,,,,,,
Monday,44330,EU,3.7,2str,44,,,,,,,,,,,,
Monday,41130,EU,3.7,2str,41,,,,,,,,,,,,
Monday,42440,EU,3.7,2str,42,,,,,,,,,,,,
Monday,41230,EU,3.7,2str,41,,,,,,,,,,,,
Monday,44110,EU,3.7,2str,44,,,,,,,,,,,,
Monday,42310,EU,3.7,2str,42,,,,,,,,,,,,
Monday,42440,EU,3.7,2str,42,,,,,,,,,,,,
Monday,44340,EU,3.7,2str,44,,,,,,,,,,,,
Monday,42110,EU,3.7,2str,42,,,,,,,,,,,,
Monday,42120,EU,3.7,2str,42,,,,,,,,,,,,
Monday,41430,EU,3.7,2str,41,,,,,,,,,,,,
Monday,42410,EU,3.7,2str,42,,,,,,,,,,,,
Monday,41110,EU,3.7,2str,41,,,,,,,,,,,,
Monday,44330,EU,3.7,2str,44,,,,,,,,,,,,
Monday,42130,EU,3.7,2str,42,,,,,,,,,,,,
Monday,44440,EU,3.7,2str,44,,,,,,,,,,,,
Monday,42110,EU,3.7,2str,42,,,,,,,,,,,,
Monday,43410,EU,3.7,2str,43,,,,,,,,,,,,
Friday,42100,EU,3.7,2str,42,,,,,,,,,,,,
Friday,44000,EU,3.7,2str,44,,,,,,,,,,,,
Friday,42000,EU,3.7,2str,42,,,,,,,,,,,,
Friday,44000,EU,3.7,2str,44,,,,,,,,,,,,
Friday,44000,EU,3.7,2str,44,,,,,,,,,,,,
Friday,43000,EU,3.7,2str,43,,,,,,,,,,,,
Friday,44000,EU,3.7,2str,44,,,,,,,,,,,,
Friday,43000,EU,3.7,2str,43,,,,,,,,,,,,
Friday,41000,EU,3.7,2str,41,,,,,,,,,,,,
Friday,41444,EU,3.7,3str,414,,,,,,,,,,,,
Friday,41000,EU,3.7,2str,41,,,,,,,,,,,,
Friday,42100,EU,3.7,2str,42,,,,,,,,,,,,
Friday,41000,EU,3.7,2str,41,,,,,,,,,,,,
Friday,43341,EU,3.7,3str,433,,,,,,,,,,,,
Friday,41412,EU,3.7,3str,414,,,,,,,,,,,,
Friday,43100,EU,3.7,2str,43,,,,,,,,,,,,
Friday,42110,EU,3.7,2str,42,,,,,,,,,,,,
Friday,43000,EU,3.7,2str,43,,,,,,,,,,,,
Friday,42320,EU,3.7,2str,42,,,,,,,,,,,,
Friday,42442,EU,3.7,3str,424,,,,,,,,,,,,
Friday,42124,EU,3.7,3str,421,,,,,,,,,,,,
Friday,44000,EU,3.7,2str,44,,,,,,,,,,,,
Friday,43000,EU,3.7,2str,43,,,,,,,,,,,,
Friday,41113,EU,3.7,3str,411,,,,,,,,,,,,
Friday,41300,EU,3.7,2str,41,,,,,,,,,,,,
Friday,41000,EU,3.7,2str,41,,,,,,,,,,,,
Friday,43400,EU,3.7,2str,43,,,,,,,,,,,,
Friday,43100,EU,3.7,2str,43,,,,,,,,,,,,
Friday,43300,EU,3.7,2str,43,,,,,,,,,,,,
Friday,42000,EU,3.7,2str,42,,,,,,,,,,,,
Friday,44400,EU,3.7,2str,44,,,,,,,,,,,,
Friday,43310,EU,3.7,2str,43,,,,,,,,,,,,
Friday,43000,EU,3.7,2str,43,,,,,,,,,,,,
Friday,42000,EU,3.7,2str,42,,,,,,,,,,,,
Friday,44300,EU,3.7,2str,44,,,,,,,,,,,,
Friday,42100,EU,3.7,2str,42,,,,,,,,,,,,
Friday,44200,EU,3.7,2str,44,,,,,,,,,,,,
Friday,42000,EU,3.7,2str,42,,,,,,,,,,,,
Friday,44200,EU,3.7,2str,44,,,,,,,,,,,,
Friday,41320,EU,3.7,2str,41,,,,,,,,,,,,
Friday,41000,EU,3.7,2str,41,,,,,,,,,,,,
Friday,43200,EU,3.7,2str,43,,,,,,,,,,,,
Friday,41400,EU,3.7,2str,41,,,,,,,,,,,,
Friday,44000,EU,3.7,2str,44,,,,,,,,,,,,
Friday,42000,EU,3.7,2str,42,,,,,,,,,,,,
Friday,41300,EU,3.7,2str,41,,,,,,,,,,,,
Friday,44000,EU,3.7,2str,44,,,,,,,,,,,,
Friday,43000,EU,3.7,2str,43,,,,,,,,,,,,
Friday,44000,EU,3.7,2str,44,,,,,,,,,,,,
Friday,41000,EU,3.7,2str,41,,,,,,,,,,,,
Friday,43000,EU,3.7,2str,43,,,,,,,,,,,,
Friday,41000,EU,3.7,2str,41,,,,,,,,,,,,
Friday,44000,EU,3.7,2str,44,,,,,,,,,,,,
Friday,42000,EU,3.7,2str,42,,,,,,,,,,,,
Friday,41000,EU,3.7,2str,41,,,,,,,,,,,,
Friday,42000,EU,3.7,2str,42,,,,,,,,,,,,
Friday,41000,EU,3.7,2str,41,,,,,,,,,,,,
Friday,42000,EU,3.7,2str,42,,,,,,,,,,,,
Friday,43400,EU,3.7,2str,43,,,,,,,,,,,,
Friday,43210,EU,3.7,2str,43,,,,,,,,,,,,
Friday,44100,EU,3.7,2str,44,,,,,,,,,,,,
Friday,41000,EU,3.7,2str,41,,,,,,,,,,,,
Friday,42300,EU,3.7,2str,42,,,,,,,,,,,,
Friday,41300,EU,3.7,2str,41,,,,,,,,,,,,
Friday,44300,EU,3.7,2str,44,,,,,,,,,,,,
Friday,44324,EU,3.7,3str,443,,,,,,,,,,,,
Friday,43100,EU,3.7,2str,43,,,,,,,,,,,,
Friday,42000,EU,3.7,2str,42,,,,,,,,,,,,
Friday,44220,EU,3.7,2str,44,,,,,,,,,,,,
Friday,42300,EU,3.7,2str,42,,,,,,,,,,,,
Friday,44100,EU,3.7,2str,44,,,,,,,,,,,,
Friday,41000,EU,3.7,2str,41,,,,,,,,,,,,
Friday,44411,EU,3.7,3str,444,,,,,,,,,,,,
Friday,41100,EU,3.7,2str,41,,,,,,,,,,,,
Friday,41000,EU,3.7,2str,41,,,,,,,,,,,,
Friday,44000,EU,3.7,2str,44,,,,,,,,,,,,
Friday,41400,EU,3.7,2str,41,,,,,,,,,,,,
Friday,42000,EU,3.7,2str,42,,,,,,,,,,,,
Friday,41000,EU,3.7,2str,41,,,,,,,,,,,,
Friday,41000,EU,3.7,2str,41,,,,,,,,,,,,
Friday,41000,EU,3.7,2str,41,,,,,,,,,,,,
Friday,41000,EU,3.7,2str,41,,,,,,,,,,,,
Friday,41000,EU,3.7,2str,41,,,,,,,,,,,,
Friday,41300,EU,3.7,2str,41,,,,,,,,,,,,
Friday,43000,EU,3.7,2str,43,,,,,,,,,,,,
Friday,43200,EU,3.7,2str,43,,,,,,,,,,,,
Friday,41300,EU,3.7,2str,41,,,,,,,,,,,,
Friday,42123,EU,3.7,3str,421,,,,,,,,,,,,
Friday,43000,EU,3.7,2str,43,,,,,,,,,,,,
Friday,44330,EU,3.7,2str,44,,,,,,,,,,,,
Friday,42000,EU,3.7,2str,42,,,,,,,,,,,,
Friday,42000,EU,3.7,2str,42,,,,,,,,,,,,
Friday,41400,EU,3.7,2str,41,,,,,,,,,,,,
Friday,43241,EU,3.7,3str,432,,,,,,,,,,,,
Friday,43200,EU,3.7,2str,43,,,,,,,,,,,,
Friday,41310,EU,3.7,2str,41,,,,,,,,,,,,
Friday,41100,EU,3.7,2str,41,,,,,,,,,,,,
Friday,42400,EU,3.7,2str,42,,,,,,,,,,,,
Friday,41300,EU,3.7,2str,41,,,,,,,,,,,,
Friday,43200,EU,3.7,2str,43,,,,,,,,,,,,
Friday,43200,EU,3.7,2str,43,,,,,,,,,,,,
Friday,41200,EU,3.7,2str,41,,,,,,,,,,,,
Friday,44000,EU,3.7,2str,44,,,,,,,,,,,,
Friday,44000,EU,3.7,2str,44,,,,,,,,,,,,
Friday,42000,EU,3.7,2str,42,,,,,,,,,,,,
Friday,43000,EU,3.7,2str,43,,,,,,,,,,,,
Friday,41000,EU,3.7,2str,41,,,,,,,,,,,,
Friday,43000,EU,3.7,2str,43,,,,,,,,,,,,
Friday,43000,EU,3.7,2str,43,,,,,,,,,,,,
Friday,41000,EU,3.7,2str,41,,,,,,,,,,,,
Friday,43000,EU,3.7,2str,43,,,,,,,,,,,,
Friday,44300,EU,3.7,2str,44,,,,,,,,,,,,
Friday,43300,EU,3.7,2str,43,,,,,,,,,,,,
Friday,41300,EU,3.7,2str,41,,,,,,,,,,,,
Friday,41100,EU,3.7,2str,41,,,,,,,,,,,,
Friday,43000,EU,3.7,2str,43,,,,,,,,,,,,
Friday,42000,EU,3.7,2str,42,,,,,,,,,,,,
Friday,41200,EU,3.7,2str,41,,,,,,,,,,,,
Friday,41400,EU,3.7,2str,41,,,,,,,,,,,,
Friday,44200,EU,3.7,2str,44,,,,,,,,,,,,
Friday,43000,EU,3.7,2str,43,,,,,,,,,,,,
Friday,42200,EU,3.7,2str,42,,,,,,,,,,,,
Friday,43400,EU,3.7,2str,43,,,,,,,,,,,,
Friday,42100,EU,3.7,2str,42,,,,,,,,,,,,
Friday,44000,EU,3.7,2str,44,,,,,,,,,,,,
Sunday,42211,EU,3.7,3str,422,,,,,,,,,,,,
Sunday,43221,EU,3.7,3str,432,,,,,,,,,,,,
Sunday,44200,EU,3.7,2str,44,,,,,,,,,,,,
Sunday,44200,EU,3.7,2str,44,,,,,,,,,,,,
Sunday,44313,EU,3.7,3str,443,,,,,,,,,,,,
Sunday,44314,EU,3.7,3str,443,,,,,,,,,,,,
Sunday,44432,EU,3.7,3str,444,,,,,,,,,,,,
Sunday,44442,EU,3.7,3str,444,,,,,,,,,,,,
Monday,43411,EU,3.7,3str,434,,,,,,,,,,,,
Monday,43442,EU,3.7,3str,434,,,,,,,,,,,,
Monday,44112,EU,3.7,3str,441,,,,,,,,,,,,
Monday,44210,EU,3.7,2str,44,,,,,,,,,,,,
Monday,44243,EU,3.7,3str,442,,,,,,,,,,,,
Tuesday,41321,EU,3.7,3str,413,,,,,,,,,,,,
Tuesday,43111,EU,3.7,3str,431,,,,,,,,,,,,
Tuesday,43211,EU,3.7,3str,432,,,,,,,,,,,,
Wednesday,41413,EU,3.7,3str,414,,,,,,,,,,,,
Wednesday,42224,EU,3.7,3str,422,,,,,,,,,,,,
Wednesday,42414,EU,3.7,3str,424,,,,,,,,,,,,
Wednesday,43231,EU,3.7,3str,432,,,,,,,,,,,,
Wednesday,43342,EU,3.7,3str,433,,,,,,,,,,,,
Wednesday,43433,EU,3.7,3str,434,,,,,,,,,,,,
Wednesday,44213,EU,3.7,3str,442,,,,,,,,,,,,
Wednesday,44310,EU,3.7,2str,44,,,,,,,,,,,,
Wednesday,44412,EU,3.7,3str,444,,,,,,,,,,,,
Thursday,41232,EU,3.7,3str,412,,,,,,,,,,,,
Thursday,41422,EU,3.7,3str,414,,,,,,,,,,,,
Thursday,41424,EU,3.7,3str,414,,,,,,,,,,,,
Thursday,42230,EU,3.7,2str,42,,,,,,,,,,,,
Thursday,43234,EU,3.7,3str,432,,,,,,,,,,,,
Friday,41221,EU,3.7,3str,412,,,,,,,,,,,,
Friday,41242,EU,3.7,3str,412,,,,,,,,,,,,
Friday,42111,EU,3.7,3str,421,,,,,,,,,,,,
Friday,42243,EU,3.7,3str,422,,,,,,,,,,,,
Friday,43122,EU,3.7,3str,431,,,,,,,,,,,,
Friday,43224,EU,3.7,3str,432,,,,,,,,,,,,
Saturday,43224,EU,3.7,3str,432,,,,,,,,,,,,
Saturday,43224,EU,3.7,3str,432,,,,,,,,,,,,
Sunday,42211,EU,3.7,3str,422,,,,,,,,,,,,
Sunday,43221,EU,3.7,3str,432,,,,,,,,,,,,
Sunday,44200,EU,3.7,2str,44,,,,,,,,,,,,
Sunday,44200,EU,3.7,2str,44,,,,,,,,,,,,
Sunday,44313,EU,3.7,3str,443,,,,,,,,,,,,
Sunday,44314,EU,3.7,3str,443,,,,,,,,,,,,
Sunday,44432,EU,3.7,3str,444,,,,,,,,,,,,
Sunday,44442,EU,3.7,3str,444,,,,,,,,,,,,
Monday,43411,EU,3.7,3str,434,,,,,,,,,,,,
Monday,43442,EU,3.7,3str,434,,,,,,,,,,,,
Monday,44112,EU,3.7,3str,441,,,,,,,,,,,,
Monday,44210,EU,3.7,2str,44,,,,,,,,,,,,
Monday,44243,EU,3.7,3str,442,,,,,,,,,,,,
Tuesday,41321,EU,3.7,3str,413,,,,,,,,,,,,
Tuesday,43111,EU,3.7,3str,431,,,,,,,,,,,,
Tuesday,43211,EU,3.7,3str,432,,,,,,,,,,,,
Wednesday,41413,EU,3.7,3str,414,,,,,,,,,,,,
Wednesday,42224,EU,3.7,3str,422,,,,,,,,,,,,
Wednesday,42414,EU,3.7,3str,424,,,,,,,,,,,,
Wednesday,43231,EU,3.7,3str,432,,,,,,,,,,,,
Wednesday,43242,EU,3.7,3str,432,,,,,,,,,,,,
Wednesday,43322,EU,3.7,3str,433,,,,,,,,,,,,
Wednesday,43342,EU,3.7,3str,433,,,,,,,,,,,,
Wednesday,43423,EU,3.7,3str,434,,,,,,,,,,,,
Wednesday,43433,EU,3.7,3str,434,,,,,,,,,,,,
Wednesday,44213,EU,3.7,3str,442,,,,,,,,,,,,
Wednesday,44310,EU,3.7,2str,44,,,,,,,,,,,,
Wednesday,44412,EU,3.7,3str,444,,,,,,,,,,,,
Thursday,41232,EU,3.7,3str,412,,,,,,,,,,,,
Thursday,41422,EU,3.7,3str,414,,,,,,,,,,,,
Thursday,41424,EU,3.7,3str,414,,,,,,,,,,,,
Thursday,42230,EU,3.7,2str,42,,,,,,,,,,,,
Thursday,43234,EU,3.7,3str,432,,,,,,,,,,,,
Friday,41221,EU,3.7,3str,412,,,,,,,,,,,,
Friday,41241,EU,3.7,3str,412,,,,,,,,,,,,
Friday,41242,EU,3.7,3str,412,,,,,,,,,,,,
Friday,42111,EU,3.7,3str,421,,,,,,,,,,,,
Friday,42243,EU,3.7,3str,422,,,,,,,,,,,,
Friday,43122,EU,3.7,3str,431,,,,,,,,,,,,
Friday,43224,EU,3.7,3str,432,,,,,,,,,,,,
Saturday,43224,EU,3.7,3str,432,,,,,,,,,,,,
Saturday,43224,EU,3.7,3str,432,,,,,,,,,,,,
Sunday,42400,EU,3.7,2str,42,,,,,,,,,,,,
Sunday,41300,EU,3.7,2str,41,,,,,,,,,,,,
Sunday,43400,EU,3.7,2str,43,,,,,,,,,,,,
Monday,41000,EU,3.7,2str,41,,,,,,,,,,,,
Monday,44000,EU,3.7,2str,44,,,,,,,,,,,,
Monday,43120,EU,3.7,2str,43,,,,,,,,,,,,
Monday,41243,EU,3.7,3str,412,,,,,,,,,,,,
Monday,44200,EU,3.7,2str,44,,,,,,,,,,,,
Monday,43220,EU,3.7,2str,43,,,,,,,,,,,,
Monday,41200,EU,3.7,2str,41,,,,,,,,,,,,
Tuesday,44200,EU,3.7,2str,44,,,,,,,,,,,,
Tuesday,44440,EU,3.7,2str,44,,,,,,,,,,,,
Wednesday,41100,EU,3.7,2str,41,,,,,,,,,,,,
Wednesday,44200,EU,3.7,2str,44,,,,,,,,,,,,
Wednesday,44200,EU,3.7,2str,44,,,,,,,,,,,,
Wednesday,42233,EU,3.7,3str,422,,,,,,,,,,,,
Wednesday,44432,EU,3.7,3str,444,,,,,,,,,,,,
Wednesday,41434,EU,3.7,3str,414,,,,,,,,,,,,
Wednesday,41000,EU,3.7,2str,41,,,,,,,,,,,,
Wednesday,44110,EU,3.7,2str,44,,,,,,,,,,,,
Friday,41300,EU,3.7,2str,41,,,,,,,,,,,,
Friday,44200,EU,3.7,2str,44,,,,,,,,,,,,
Friday,42400,EU,3.7,2str,42,,,,,,,,,,,,
Friday,42200,EU,3.7,2str,42,,,,,,,,,,,,
Friday,42100,EU,3.7,2str,42,,,,,,,,,,,,
Friday,44100,EU,3.7,2str,44,,,,,,,,,,,,
Friday,43300,EU,3.7,2str,43,,,,,,,,,,,,
Friday,41300,EU,3.7,2str,41,,,,,,,,,,,,
Friday,41200,EU,3.7,2str,41,,,,,,,,,,,,
Saturday,44000,EU,3.7,2str,44,,,,,,,,,,,,
Saturday,41400,EU,3.7,2str,41,,,,,,,,,,,,
Saturday,43300,EU,3.7,2str,43,,,,,,,,,,,,
Saturday,42141,EU,3.7,3str,421,,,,,,,,,,,,
Saturday,42000,EU,3.7,2str,42,,,,,,,,,,,,
Saturday,42000,EU,3.7,2str,42,,,,,,,,,,,,
Saturday,41000,EU,3.7,2str,41,,,,,,,,,,,,
Saturday,42000,EU,3.7,2str,42,,,,,,,,,,,,
Saturday,41300,EU,3.7,2str,41,,,,,,,,,,,,
Saturday,43000,EU,3.7,2str,43,,,,,,,,,,,,
Saturday,41320,EU,3.7,2str,41,,,,,,,,,,,,
Saturday,41400,EU,3.7,2str,41,,,,,,,,,,,,
Saturday,43330,EU,3.7,2str,43,,,,,,,,,,,,
Saturday,41000,EU,3.7,2str,41,,,,,,,,,,,,
Saturday,42420,EU,3.7,2str,42,,,,,,,,,,,,
Saturday,43100,EU,3.7,2str,43,,,,,,,,,,,,
Wednesday,41300,EU,3.7,2str,41,,,,,,,,,,,,
Sunday,42400,EU,3.7,2str,42,,,,,,,,,,,,
Sunday,41300,EU,3.7,2str,41,,,,,,,,,,,,
Sunday,43400,EU,3.7,2str,43,,,,,,,,,,,,
Monday,41000,EU,3.7,2str,41,,,,,,,,,,,,
Monday,44000,EU,3.7,2str,44,,,,,,,,,,,,
Monday,43120,EU,3.7,2str,43,,,,,,,,,,,,
Monday,41243,EU,3.7,3str,412,,,,,,,,,,,,
Monday,44200,EU,3.7,2str,44,,,,,,,,,,,,
Monday,43220,EU,3.7,2str,43,,,,,,,,,,,,
Monday,41200,EU,3.7,2str,41,,,,,,,,,,,,
Tuesday,44200,EU,3.7,2str,44,,,,,,,,,,,,
Tuesday,44440,EU,3.7,2str,44,,,,,,,,,,,,
Wednesday,41100,EU,3.7,2str,41,,,,,,,,,,,,
Wednesday,44200,EU,3.7,2str,44,,,,,,,,,,,,
Wednesday,44200,EU,3.7,2str,44,,,,,,,,,,,,
Wednesday,42233,EU,3.7,3str,422,,,,,,,,,,,,
Wednesday,44432,EU,3.7,3str,444,,,,,,,,,,,,
Wednesday,41434,EU,3.7,3str,414,,,,,,,,,,,,
Wednesday,41000,EU,3.7,2str,41,,,,,,,,,,,,
Wednesday,44110,EU,3.7,2str,44,,,,,,,,,,,,
Friday,41300,EU,3.7,2str,41,,,,,,,,,,,,
Friday,44200,EU,3.7,2str,44,,,,,,,,,,,,
Friday,42400,EU,3.7,2str,42,,,,,,,,,,,,
Friday,42200,EU,3.7,2str,42,,,,,,,,,,,,
Friday,42100,EU,3.7,2str,42,,,,,,,,,,,,
Friday,44100,EU,3.7,2str,44,,,,,,,,,,,,
Friday,43300,EU,3.7,2str,43,,,,,,,,,,,,
Friday,41300,EU,3.7,2str,41,,,,,,,,,,,,
Friday,41200,EU,3.7,2str,41,,,,,,,,,,,,
Saturday,44000,EU,3.7,2str,44,,,,,,,,,,,,
Saturday,41400,EU,3.7,2str,41,,,,,,,,,,,,
Saturday,43300,EU,3.7,2str,43,,,,,,,,,,,,
Saturday,42141,EU,3.7,3str,421,,,,,,,,,,,,
Saturday,42000,EU,3.7,2str,42,,,,,,,,,,,,
Saturday,42000,EU,3.7,2str,42,,,,,,,,,,,,
Saturday,41000,EU,3.7,2str,41,,,,,,,,,,,,
Saturday,42000,EU,3.7,2str,42,,,,,,,,,,,,
Saturday,41300,EU,3.7,2str,41,,,,,,,,,,,,
Saturday,43000,EU,3.7,2str,43,,,,,,,,,,,,
Saturday,41320,EU,3.7,2str,41,,,,,,,,,,,,
Saturday,41400,EU,3.7,2str,41,,,,,,,,,,,,
Saturday,43330,EU,3.7,2str,43,,,,,,,,,,,,
Saturday,41000,EU,3.7,2str,41,,,,,,,,,,,,
Saturday,42420,EU,3.7,2str,42,,,,,,,,,,,,
Saturday,43100,EU,3.7,2str,43,,,,,,,,,,,,
Wednesday,41300,EU,3.7,2str,41,,,,,,,,,,,,
Friday,43000,EU,3.7,2str,43,,,,,,,,,,,,
Friday,44000,EU,3.7,2str,44,,,,,,,,,,,,
Friday,42000,EU,3.7,2str,42,,,,,,,,,,,,
Friday,42000,EU,3.7,2str,42,,,,,,,,,,,,
Friday,41000,EU,3.7,2str,41,,,,,,,,,,,,
Friday,42000,EU,3.7,2str,42,,,,,,,,,,,,
Friday,43000,EU,3.7,2str,43,,,,,,,,,,,,
Friday,43110,EU,3.7,2str,43,,,,,,,,,,,,
Friday,43000,EU,3.7,2str,43,,,,,,,,,,,,
Friday,44000,EU,3.7,2str,44,,,,,,,,,,,,
Friday,44000,EU,3.7,2str,44,,,,,,,,,,,,
Friday,44000,EU,3.7,2str,44,,,,,,,,,,,,
Friday,43000,EU,3.7,2str,43,,,,,,,,,,,,
Friday,41000,EU,3.7,2str,41,,,,,,,,,,,,
Friday,43000,EU,3.7,2str,43,,,,,,,,,,,,
Friday,41000,EU,3.7,2str,41,,,,,,,,,,,,
Friday,42000,EU,3.7,2str,42,,,,,,,,,,,,
Friday,41120,EU,3.7,2str,41,,,,,,,,,,,,
Friday,43200,EU,3.7,2str,43,,,,,,,,,,,,
Friday,41000,EU,3.7,2str,41,,,,,,,,,,,,
Friday,44000,EU,3.7,2str,44,,,,,,,,,,,,
Friday,41000,EU,3.7,2str,41,,,,,,,,,,,,
Friday,44440,EU,3.7,2str,44,,,,,,,,,,,,
Friday,44420,EU,3.7,2str,44,,,,,,,,,,,,
Friday,41000,EU,3.7,2str,41,,,,,,,,,,,,
Friday,44440,EU,3.7,2str,44,,,,,,,,,,,,
Friday,41420,EU,3.7,2str,41,,,,,,,,,,,,
Friday,44100,EU,3.7,2str,44,,,,,,,,,,,,
Friday,44400,EU,3.7,2str,44,,,,,,,,,,,,
Friday,44420,EU,3.7,2str,44,,,,,,,,,,,,
Friday,43000,EU,3.7,2str,43,,,,,,,,,,,,
Friday,42200,EU,3.7,2str,42,,,,,,,,,,,,
Friday,41400,EU,3.7,2str,41,,,,,,,,,,,,
Friday,44000,EU,3.7,2str,44,,,,,,,,,,,,
Friday,44300,EU,3.7,2str,44,,,,,,,,,,,,
Friday,42320,EU,3.7,2str,42,,,,,,,,,,,,
Friday,44200,EU,3.7,2str,44,,,,,,,,,,,,
Friday,42000,EU,3.7,2str,42,,,,,,,,,,,,
Friday,43300,EU,3.7,2str,43,,,,,,,,,,,,
Friday,44400,EU,3.7,2str,44,,,,,,,,,,,,
Friday,44400,EU,3.7,2str,44,,,,,,,,,,,,
Friday,43000,EU,3.7,2str,43,,,,,,,,,,,,
Friday,42000,EU,3.7,2str,42,,,,,,,,,,,,
Friday,41000,EU,3.7,2str,41,,,,,,,,,,,,
Friday,43300,EU,3.7,2str,43,,,,,,,,,,,,
Friday,42000,EU,3.7,2str,42,,,,,,,,,,,,
Friday,42000,EU,3.7,2str,42,,,,,,,,,,,,
Friday,42000,EU,3.7,2str,42,,,,,,,,,,,,
Friday,41000,EU,3.7,2str,41,,,,,,,,,,,,
Friday,43200,EU,3.7,2str,43,,,,,,,,,,,,
Friday,43000,EU,3.7,2str,43,,,,,,,,,,,,
Friday,41000,EU,3.7,2str,41,,,,,,,,,,,,
Friday,43100,EU,3.7,2str,43,,,,,,,,,,,,
Friday,42300,EU,3.7,2str,42,,,,,,,,,,,,
Friday,42200,EU,3.7,2str,42,,,,,,,,,,,,
Friday,44100,EU,3.7,2str,44,,,,,,,,,,,,
Friday,43000,EU,3.7,2str,43,,,,,,,,,,,,
Friday,44100,EU,3.7,2str,44,,,,,,,,,,,,
Friday,42130,EU,3.7,2str,42,,,,,,,,,,,,
Friday,44000,EU,3.7,2str,44,,,,,,,,,,,,
Friday,43000,EU,3.7,2str,43,,,,,,,,,,,,
Friday,42000,EU,3.7,2str,42,,,,,,,,,,,,
Friday,43000,EU,3.7,2str,43,,,,,,,,,,,,
Friday,44000,EU,3.7,2str,44,,,,,,,,,,,,
Friday,41400,EU,3.7,2str,41,,,,,,,,,,,,
Friday,44300,EU,3.7,2str,44,,,,,,,,,,,,
Friday,43000,EU,3.7,2str,43,,,,,,,,,,,,
Friday,44300,EU,3.7,2str,44,,,,,,,,,,,,
Friday,43000,EU,3.7,2str,43,,,,,,,,,,,,
Friday,44300,EU,3.7,2str,44,,,,,,,,,,,,
Friday,44000,EU,3.7,2str,44,,,,,,,,,,,,
Friday,42100,EU,3.7,2str,42,,,,,,,,,,,,
Friday,44300,EU,3.7,2str,44,,,,,,,,,,,,
Friday,44400,EU,3.7,2str,44,,,,,,,,,,,,
Friday,44200,EU,3.7,2str,44,,,,,,,,,,,,
Friday,42300,EU,3.7,2str,42,,,,,,,,,,,,
Friday,43300,EU,3.7,2str,43,,,,,,,,,,,,
Friday,41000,EU,3.7,2str,41,,,,,,,,,,,,
Friday,44400,EU,3.7,2str,44,,,,,,,,,,,,
Friday,44000,EU,3.7,2str,44,,,,,,,,,,,,
Friday,43230,EU,3.7,2str,43,,,,,,,,,,,,
Friday,41122,EU,3.7,3str,411,,,,,,,,,,,,
Friday,44300,EU,3.7,2str,44,,,,,,,,,,,,
Friday,41210,EU,3.7,2str,41,,,,,,,,,,,,
Friday,41000,EU,3.7,2str,41,,,,,,,,,,,,
Friday,44400,EU,3.7,2str,44,,,,,,,,,,,,
Friday,43110,EU,3.7,2str,43,,,,,,,,,,,,
Friday,43000,EU,3.7,2str,43,,,,,,,,,,,,
Friday,43140,EU,3.7,2str,43,,,,,,,,,,,,
Friday,41330,EU,3.7,2str,41,,,,,,,,,,,,
Friday,42300,EU,3.7,2str,42,,,,,,,,,,,,
Friday,42000,EU,3.7,2str,42,,,,,,,,,,,,
Friday,43000,EU,3.7,2str,43,,,,,,,,,,,,
Friday,41000,EU,3.7,2str,41,,,,,,,,,,,,
Friday,43000,EU,3.7,2str,43,,,,,,,,,,,,
Friday,41000,EU,3.7,2str,41,,,,,,,,,,,,
Friday,41000,EU,3.7,2str,41,,,,,,,,,,,,
Friday,42000,EU,3.7,2str,42,,,,,,,,,,,,
Friday,41000,EU,3.7,2str,41,,,,,,,,,,,,
Friday,41300,EU,3.7,2str,41,,,,,,,,,,,,
Friday,44000,EU,3.7,2str,44,,,,,,,,,,,,
Friday,43000,EU,3.7,2str,43,,,,,,,,,,,,
Friday,44000,EU,3.7,2str,44,,,,,,,,,,,,
Friday,44000,EU,3.7,2str,44,,,,,,,,,,,,
Friday,44300,EU,3.7,2str,44,,,,,,,,,,,,
Friday,43000,EU,3.7,2str,43,,,,,,,,,,,,
Friday,44000,EU,3.7,2str,44,,,,,,,,,,,,
Friday,43000,EU,3.7,2str,43,,,,,,,,,,,,
Friday,44400,EU,3.7,2str,44,,,,,,,,,,,,
Friday,43100,EU,3.7,2str,43,,,,,,,,,,,,
Friday,43000,EU,3.7,2str,43,,,,,,,,,,,,
Friday,41210,EU,3.7,2str,41,,,,,,,,,,,,
Friday,44300,EU,3.7,2str,44,,,,,,,,,,,,
Friday,42000,EU,3.7,2str,42,,,,,,,,,,,,
Friday,41000,EU,3.7,2str,41,,,,,,,,,,,,
Friday,44100,EU,3.7,2str,44,,,,,,,,,,,,
Friday,44300,EU,3.7,2str,44,,,,,,,,,,,,
Friday,42300,EU,3.7,2str,42,,,,,,,,,,,,
Friday,44200,EU,3.7,2str,44,,,,,,,,,,,,
Friday,44200,EU,3.7,2str,44,,,,,,,,,,,,
Friday,42230,EU,3.7,2str,42,,,,,,,,,,,,
Friday,42000,EU,3.7,2str,42,,,,,,,,,,,,
Monday,44330,EU,3.7,2str,44,,,,,,,,,,,,
Monday,42240,EU,3.7,2str,42,,,,,,,,,,,,
Monday,42330,EU,3.7,2str,42,,,,,,,,,,,,
Monday,41210,EU,3.7,2str,41,,,,,,,,,,,,
Monday,42340,EU,3.7,2str,42,,,,,,,,,,,,
Monday,42310,EU,3.7,2str,42,,,,,,,,,,,,
Monday,41200,EU,3.7,2str,41,,,,,,,,,,,,
Monday,42200,EU,3.7,2str,42,,,,,,,,,,,,
Monday,41410,EU,3.7,2str,41,,,,,,,,,,,,
Monday,42110,EU,3.7,2str,42,,,,,,,,,,,,
Monday,43140,EU,3.7,2str,43,,,,,,,,,,,,
Monday,42100,EU,3.7,2str,42,,,,,,,,,,,,
Monday,43400,EU,3.7,2str,43,,,,,,,,,,,,
Monday,43300,EU,3.7,2str,43,,,,,,,,,,,,
Monday,41200,EU,3.7,2str,41,,,,,,,,,,,,
Monday,41410,EU,3.7,2str,41,,,,,,,,,,,,
Monday,42230,EU,3.7,2str,42,,,,,,,,,,,,
Monday,43220,EU,3.7,2str,43,,,,,,,,,,,,
Monday,44330,EU,3.7,2str,44,,,,,,,,,,,,
Monday,41130,EU,3.7,2str,41,,,,,,,,,,,,
Monday,42440,EU,3.7,2str,42,,,,,,,,,,,,
Monday,41230,EU,3.7,2str,41,,,,,,,,,,,,
Monday,44110,EU,3.7,2str,44,,,,,,,,,,,,
Monday,42310,EU,3.7,2str,42,,,,,,,,,,,,
Monday,42440,EU,3.7,2str,42,,,,,,,,,,,,
Monday,44340,EU,3.7,2str,44,,,,,,,,,,,,
Monday,42110,EU,3.7,2str,42,,,,,,,,,,,,
Monday,42120,EU,3.7,2str,42,,,,,,,,,,,,
Monday,41430,EU,3.7,2str,41,,,,,,,,,,,,
Monday,42410,EU,3.7,2str,42,,,,,,,,,,,,
Monday,41110,EU,3.7,2str,41,,,,,,,,,,,,
Monday,44330,EU,3.7,2str,44,,,,,,,,,,,,
Monday,42130,EU,3.7,2str,42,,,,,,,,,,,,
Monday,44440,EU,3.7,2str,44,,,,,,,,,,,,
Monday,42110,EU,3.7,2str,42,,,,,,,,,,,,
Monday,43410,EU,3.7,2str,43,,,,,,,,,,,,
Friday,42100,EU,3.7,2str,42,,,,,,,,,,,,
Friday,44000,EU,3.7,2str,44,,,,,,,,,,,,
Friday,42000,EU,3.7,2str,42,,,,,,,,,,,,
Friday,44000,EU,3.7,2str,44,,,,,,,,,,,,
Friday,44000,EU,3.7,2str,44,,,,,,,,,,,,
Friday,43000,EU,3.7,2str,43,,,,,,,,,,,,
Friday,44000,EU,3.7,2str,44,,,,,,,,,,,,
Friday,43000,EU,3.7,2str,43,,,,,,,,,,,,
Friday,41000,EU,3.7,2str,41,,,,,,,,,,,,
Friday,41444,EU,3.7,3str,414,,,,,,,,,,,,
Friday,41000,EU,3.7,2str,41,,,,,,,,,,,,
Friday,42100,EU,3.7,2str,42,,,,,,,,,,,,
Friday,41000,EU,3.7,2str,41,,,,,,,,,,,,
Friday,43341,EU,3.7,3str,433,,,,,,,,,,,,
Friday,41412,EU,3.7,3str,414,,,,,,,,,,,,
Friday,43100,EU,3.7,2str,43,,,,,,,,,,,,
Friday,42110,EU,3.7,2str,42,,,,,,,,,,,,
Friday,43000,EU,3.7,2str,43,,,,,,,,,,,,
Friday,42320,EU,3.7,2str,42,,,,,,,,,,,,
Friday,42442,EU,3.7,3str,424,,,,,,,,,,,,
Friday,42124,EU,3.7,3str,421,,,,,,,,,,,,
Friday,44000,EU,3.7,2str,44,,,,,,,,,,,,
Friday,43000,EU,3.7,2str,43,,,,,,,,,,,,
Friday,41113,EU,3.7,3str,411,,,,,,,,,,,,
Friday,41300,EU,3.7,2str,41,,,,,,,,,,,,
Friday,41000,EU,3.7,2str,41,,,,,,,,,,,,
Friday,43400,EU,3.7,2str,43,,,,,,,,,,,,
Friday,43100,EU,3.7,2str,43,,,,,,,,,,,,
Friday,43300,EU,3.7,2str,43,,,,,,,,,,,,
Friday,42000,EU,3.7,2str,42,,,,,,,,,,,,
Friday,44400,EU,3.7,2str,44,,,,,,,,,,,,
Friday,43310,EU,3.7,2str,43,,,,,,,,,,,,
Friday,43000,EU,3.7,2str,43,,,,,,,,,,,,
Friday,42000,EU,3.7,2str,42,,,,,,,,,,,,
Friday,44300,EU,3.7,2str,44,,,,,,,,,,,,
Friday,42100,EU,3.7,2str,42,,,,,,,,,,,,
Friday,44200,EU,3.7,2str,44,,,,,,,,,,,,
Friday,42000,EU,3.7,2str,42,,,,,,,,,,,,
Friday,44200,EU,3.7,2str,44,,,,,,,,,,,,
Friday,41320,EU,3.7,2str,41,,,,,,,,,,,,
Friday,41000,EU,3.7,2str,41,,,,,,,,,,,,
Friday,43200,EU,3.7,2str,43,,,,,,,,,,,,
Friday,41400,EU,3.7,2str,41,,,,,,,,,,,,
Friday,44000,EU,3.7,2str,44,,,,,,,,,,,,
Friday,42000,EU,3.7,2str,42,,,,,,,,,,,,
Friday,41300,EU,3.7,2str,41,,,,,,,,,,,,
Friday,44000,EU,3.7,2str,44,,,,,,,,,,,,
Friday,43000,EU,3.7,2str,43,,,,,,,,,,,,
Friday,44000,EU,3.7,2str,44,,,,,,,,,,,,
Friday,41000,EU,3.7,2str,41,,,,,,,,,,,,
Friday,43000,EU,3.7,2str,43,,,,,,,,,,,,
Friday,41000,EU,3.7,2str,41,,,,,,,,,,,,
Friday,44000,EU,3.7,2str,44,,,,,,,,,,,,
Friday,42000,EU,3.7,2str,42,,,,,,,,,,,,
Friday,41000,EU,3.7,2str,41,,,,,,,,,,,,
Friday,42000,EU,3.7,2str,42,,,,,,,,,,,,
Friday,41000,EU,3.7,2str,41,,,,,,,,,,,,
Friday,42000,EU,3.7,2str,42,,,,,,,,,,,,
Friday,43400,EU,3.7,2str,43,,,,,,,,,,,,
Friday,43210,EU,3.7,2str,43,,,,,,,,,,,,
Friday,44100,EU,3.7,2str,44,,,,,,,,,,,,
Friday,41000,EU,3.7,2str,41,,,,,,,,,,,,
Friday,42300,EU,3.7,2str,42,,,,,,,,,,,,
Friday,41300,EU,3.7,2str,41,,,,,,,,,,,,
Friday,44300,EU,3.7,2str,44,,,,,,,,,,,,
Friday,44324,EU,3.7,3str,443,,,,,,,,,,,,
Friday,43100,EU,3.7,2str,43,,,,,,,,,,,,
Friday,42000,EU,3.7,2str,42,,,,,,,,,,,,
Friday,44220,EU,3.7,2str,44,,,,,,,,,,,,
Friday,42300,EU,3.7,2str,42,,,,,,,,,,,,
Friday,44100,EU,3.7,2str,44,,,,,,,,,,,,
Friday,41000,EU,3.7,2str,41,,,,,,,,,,,,
Friday,44411,EU,3.7,3str,444,,,,,,,,,,,,
Friday,41100,EU,3.7,2str,41,,,,,,,,,,,,
Friday,41000,EU,3.7,2str,41,,,,,,,,,,,,
Friday,44000,EU,3.7,2str,44,,,,,,,,,,,,
Friday,41400,EU,3.7,2str,41,,,,,,,,,,,,
Friday,42000,EU,3.7,2str,42,,,,,,,,,,,,
Friday,41000,EU,3.7,2str,41,,,,,,,,,,,,
Friday,41000,EU,3.7,2str,41,,,,,,,,,,,,
Friday,41000,EU,3.7,2str,41,,,,,,,,,,,,
Friday,41000,EU,3.7,2str,41,,,,,,,,,,,,
Friday,41000,EU,3.7,2str,41,,,,,,,,,,,,
Friday,41300,EU,3.7,2str,41,,,,,,,,,,,,
Friday,43000,EU,3.7,2str,43,,,,,,,,,,,,
Friday,43200,EU,3.7,2str,43,,,,,,,,,,,,
Friday,41300,EU,3.7,2str,41,,,,,,,,,,,,
Friday,42123,EU,3.7,3str,421,,,,,,,,,,,,
Friday,43000,EU,3.7,2str,43,,,,,,,,,,,,
Friday,44330,EU,3.7,2str,44,,,,,,,,,,,,
Friday,42000,EU,3.7,2str,42,,,,,,,,,,,,
Friday,42000,EU,3.7,2str,42,,,,,,,,,,,,
Friday,41400,EU,3.7,2str,41,,,,,,,,,,,,
Friday,43241,EU,3.7,3str,432,,,,,,,,,,,,
Friday,43200,EU,3.7,2str,43,,,,,,,,,,,,
Friday,41310,EU,3.7,2str,41,,,,,,,,,,,,
Friday,41100,EU,3.7,2str,41,,,,,,,,,,,,
Friday,42400,EU,3.7,2str,42,,,,,,,,,,,,
Friday,41300,EU,3.7,2str,41,,,,,,,,,,,,
Friday,43200,EU,3.7,2str,43,,,,,,,,,,,,
Friday,43200,EU,3.7,2str,43,,,,,,,,,,,,
Friday,41200,EU,3.7,2str,41,,,,,,,,,,,,
Friday,44000,EU,3.7,2str,44,,,,,,,,,,,,
Friday,44000,EU,3.7,2str,44,,,,,,,,,,,,
Friday,42000,EU,3.7,2str,42,,,,,,,,,,,,
Friday,43000,EU,3.7,2str,43,,,,,,,,,,,,
Friday,41000,EU,3.7,2str,41,,,,,,,,,,,,
Friday,43000,EU,3.7,2str,43,,,,,,,,,,,,
Friday,43000,EU,3.7,2str,43,,,,,,,,,,,,
Friday,41000,EU,3.7,2str,41,,,,,,,,,,,,
Friday,43000,EU,3.7,2str,43,,,,,,,,,,,,
Friday,44300,EU,3.7,2str,44,,,,,,,,,,,,
Friday,43300,EU,3.7,2str,43,,,,,,,,,,,,
Friday,41300,EU,3.7,2str,41,,,,,,,,,,,,
Friday,41100,EU,3.7,2str,41,,,,,,,,,,,,
Friday,43000,EU,3.7,2str,43,,,,,,,,,,,,
Friday,42000,EU,3.7,2str,42,,,,,,,,,,,,
Friday,41200,EU,3.7,2str,41,,,,,,,,,,,,
Friday,41400,EU,3.7,2str,41,,,,,,,,,,,,
Friday,44200,EU,3.7,2str,44,,,,,,,,,,,,
Friday,43000,EU,3.7,2str,43,,,,,,,,,,,,
Friday,42200,EU,3.7,2str,42,,,,,,,,,,,,
Friday,43400,EU,3.7,2str,43,,,,,,,,,,,,
Friday,42100,EU,3.7,2str,42,,,,,,,,,,,,
Friday,44000,EU,3.7,2str,44,,,,,,,,,,,,
Friday,44111,EU,3.7,3str,441,,,,,,,,,,,,
Friday,44424,EU,3.7,3str,444,,,,,,,,,,,,
Friday,44331,EU,3.7,3str,443,,,,,,,,,,,,
Friday,41223,EU,3.7,3str,412,,,,,,,,,,,,
Friday,43412,EU,3.7,3str,434,,,,,,,,,,,,
Friday,42132,EU,3.7,3str,421,,,,,,,,,,,,
Friday,43411,EU,3.7,3str,434,,,,,,,,,,,,
Friday,42211,EU,3.7,3str,422,,,,,,,,,,,,
Friday,43334,EU,3.7,3str,433,,,,,,,,,,,,
Friday,41123,EU,3.7,3str,411,,,,,,,,,,,,
Friday,42122,EU,3.7,3str,421,,,,,,,,,,,,
Friday,43414,EU,3.7,3str,434,,,,,,,,,,,,
Friday,43122,EU,3.7,3str,431,,,,,,,,,,,,
Friday,44121,EU,3.7,3str,441,,,,,,,,,,,,
Friday,42341,EU,3.7,3str,423,,,,,,,,,,,,
Friday,43422,EU,3.7,3str,434,,,,,,,,,,,,
Friday,44434,EU,3.7,3str,444,,,,,,,,,,,,
Friday,44221,EU,3.7,3str,442,,,,,,,,,,,,
Friday,44314,EU,3.7,3str,443,,,,,,,,,,,,
Friday,42421,EU,3.7,3str,424,,,,,,,,,,,,
Friday,44213,EU,3.7,3str,442,,,,,,,,,,,,
Friday,43313,EU,3.7,3str,433,,,,,,,,,,,,
Friday,41412,EU,3.7,3str,414,,,,,,,,,,,,
Friday,41432,EU,3.7,3str,414,,,,,,,,,,,,
Friday,41121,EU,3.7,3str,411,,,,,,,,,,,,
Friday,41432,EU,3.7,3str,414,,,,,,,,,,,,
Friday,41133,EU,3.7,3str,411,,,,,,,,,,,,
Friday,44410,EU,3.7,2str,44,,,,,,,,,,,,
Friday,42414,EU,3.7,3str,424,,,,,,,,,,,,
Friday,42224,EU,3.7,3str,422,,,,,,,,,,,,
Friday,43124,EU,3.7,3str,431,,,,,,,,,,,,
Friday,44413,EU,3.7,3str,444,,,,,,,,,,,,
Friday,43134,EU,3.7,3str,431,,,,,,,,,,,,
Friday,42221,EU,3.7,3str,422,,,,,,,,,,,,
Friday,44343,EU,3.7,3str,443,,,,,,,,,,,,
Friday,44414,EU,3.7,3str,444,,,,,,,,,,,,
Friday,44444,EU,3.7,3str,444,,,,,,,,,,,,
Friday,44332,EU,3.7,3str,443,,,,,,,,,,,,
Friday,44323,EU,3.7,3str,443,,,,,,,,,,,,
Friday,43221,EU,3.7,3str,432,,,,,,,,,,,,
Friday,43332,EU,3.7,3str,433,,,,,,,,,,,,
Friday,43444,EU,3.7,3str,434,,,,,,,,,,,,
Friday,41124,EU,3.7,3str,411,,,,,,,,,,,,
Friday,41233,EU,3.7,3str,412,,,,,,,,,,,,
Friday,43434,EU,3.7,3str,434,,,,,,,,,,,,
Friday,42000,EU,3.7,2str,42,,,,,,,,,,,,
Friday,43421,EU,3.7,3str,434,,,,,,,,,,,,
Friday,43332,EU,3.7,3str,433,,,,,,,,,,,,
Friday,43234,EU,3.7,3str,432,,,,,,,,,,,,
Friday,43221,EU,3.7,3str,432,,,,,,,,,,,,
Friday,43141,EU,3.7,3str,431,,,,,,,,,,,,
Friday,42414,EU,3.7,3str,424,,,,,,,,,,,,
Friday,44313,EU,3.7,3str,443,,,,,,,,,,,,
Friday,41414,EU,3.7,3str,414,,,,,,,,,,,,
Friday,43442,EU,3.7,3str,434,,,,,,,,,,,,
Friday,42222,EU,3.7,3str,422,,,,,,,,,,,,
Friday,43123,EU,3.7,3str,431,,,,,,,,,,,,
Friday,43431,EU,3.7,3str,434,,,,,,,,,,,,
Friday,41242,EU,3.7,3str,412,,,,,,,,,,,,
Friday,44232,EU,3.7,3str,442,,,,,,,,,,,,
Friday,41224,EU,3.7,3str,412,,,,,,,,,,,,
Friday,41120,EU,3.7,2str,41,,,,,,,,,,,,
Friday,44311,EU,3.7,3str,443,,,,,,,,,,,,
Friday,41212,EU,3.7,3str,412,,,,,,,,,,,,
Friday,43133,EU,3.7,3str,431,,,,,,,,,,,,
Friday,44133,EU,3.7,3str,441,,,,,,,,,,,,
Friday,43132,EU,3.7,3str,431,,,,,,,,,,,,
Friday,42312,EU,3.7,3str,423,,,,,,,,,,,,
Friday,42243,EU,3.7,3str,422,,,,,,,,,,,,
Friday,43441,EU,3.7,3str,434,,,,,,,,,,,,
Friday,43223,EU,3.7,3str,432,,,,,,,,,,,,
Friday,41141,EU,3.7,3str,411,,,,,,,,,,,,
Friday,44344,EU,3.7,3str,443,,,,,,,,,,,,
Friday,42311,EU,3.7,3str,423,,,,,,,,,,,,
Friday,41214,EU,3.7,3str,412,,,,,,,,,,,,
Friday,43310,EU,3.7,2str,43,,,,,,,,,,,,
Friday,42433,EU,3.7,3str,424,,,,,,,,,,,,
Friday,43141,EU,3.7,3str,431,,,,,,,,,,,,
Friday,41342,EU,3.7,3str,413,,,,,,,,,,,,
Friday,43141,EU,3.7,3str,431,,,,,,,,,,,,
Friday,42341,EU,3.7,3str,423,,,,,,,,,,,,
Friday,43244,EU,3.7,3str,432,,,,,,,,,,,,
Friday,42224,EU,3.7,3str,422,,,,,,,,,,,,
Friday,43114,EU,3.7,3str,431,,,,,,,,,,,,
Friday,41144,EU,3.7,3str,411,,,,,,,,,,,,
Friday,42144,EU,3.7,3str,421,,,,,,,,,,,,
Friday,43321,EU,3.7,3str,433,,,,,,,,,,,,
Friday,44243,EU,3.7,3str,442,,,,,,,,,,,,
Friday,43323,EU,3.7,3str,433,,,,,,,,,,,,
Friday,43221,EU,3.7,3str,432,,,,,,,,,,,,
Friday,41323,EU,3.7,3str,413,,,,,,,,,,,,
Friday,43242,EU,3.7,3str,432,,,,,,,,,,,,
Friday,42113,EU,3.7,3str,421,,,,,,,,,,,,
Friday,41441,EU,3.7,3str,414,,,,,,,,,,,,
Friday,42133,EU,3.7,3str,421,,,,,,,,,,,,
Friday,43132,EU,3.7,3str,431,,,,,,,,,,,,
Friday,41421,EU,3.7,3str,414,,,,,,,,,,,,
Friday,43111,EU,3.7,3str,431,,,,,,,,,,,,
Friday,41321,EU,3.7,3str,413,,,,,,,,,,,,
Friday,41124,EU,3.7,3str,411,,,,,,,,,,,,
Friday,43221,EU,3.7,3str,432,,,,,,,,,,,,
Friday,43431,EU,3.7,3str,434,,,,,,,,,,,,
Friday,42131,EU,3.7,3str,421,,,,,,,,,,,,
Friday,44131,EU,3.7,3str,441,,,,,,,,,,,,
Friday,41411,EU,3.7,3str,414,,,,,,,,,,,,
Friday,43411,EU,3.7,3str,434,,,,,,,,,,,,
Friday,43233,EU,3.7,3str,432,,,,,,,,,,,,
Friday,43414,EU,3.7,3str,434,,,,,,,,,,,,
Friday,43000,EU,3.7,2str,43,,,,,,,,,,,,
Thursday,41000,EU,3.7,2str,41,,,,,,,,,,,,
Thursday,44000,EU,3.7,2str,44,,,,,,,,,,,,
Thursday,41000,EU,3.7,2str,41,,,,,,,,,,,,
Thursday,44000,EU,3.7,2str,44,,,,,,,,,,,,
Thursday,42000,EU,3.7,2str,42,,,,,,,,,,,,
Thursday,42000,EU,3.7,2str,42,,,,,,,,,,,,
Thursday,44000,EU,3.7,2str,44,,,,,,,,,,,,
Thursday,41000,EU,3.7,2str,41,,,,,,,,,,,,
Thursday,44000,EU,3.7,2str,44,,,,,,,,,,,,
Thursday,41000,EU,3.7,2str,41,,,,,,,,,,,,
Thursday,44000,EU,3.7,2str,44,,,,,,,,,,,,
Thursday,41000,EU,3.7,2str,41,,,,,,,,,,,,
Thursday,42000,EU,3.7,2str,42,,,,,,,,,,,,
Thursday,43000,EU,3.7,2str,43,,,,,,,,,,,,
Thursday,43000,EU,3.7,2str,43,,,,,,,,,,,,
Thursday,43000,EU,3.7,2str,43,,,,,,,,,,,,
Thursday,44000,EU,3.7,2str,44,,,,,,,,,,,,
Thursday,41000,EU,3.7,2str,41,,,,,,,,,,,,
Thursday,43000,EU,3.7,2str,43,,,,,,,,,,,,
Thursday,43000,EU,3.7,2str,43,,,,,,,,,,,,
Thursday,42000,EU,3.7,2str,42,,,,,,,,,,,,
Thursday,41000,EU,3.7,2str,41,,,,,,,,,,,,
Thursday,44000,EU,3.7,2str,44,,,,,,,,,,,,
Thursday,43000,EU,3.7,2str,43,,,,,,,,,,,,
Thursday,41000,EU,3.7,2str,41,,,,,,,,,,,,
Thursday,43000,EU,3.7,2str,43,,,,,,,,,,,,
Thursday,41000,EU,3.7,2str,41,,,,,,,,,,,,
Thursday,42000,EU,3.7,2str,42,,,,,,,,,,,,
Thursday,43210,EU,3.7,2str,43,,,,,,,,,,,,
Thursday,41200,EU,3.7,2str,41,,,,,,,,,,,,
Thursday,41000,EU,3.7,2str,41,,,,,,,,,,,,
Thursday,42000,EU,3.7,2str,42,,,,,,,,,,,,
Thursday,41000,EU,3.7,2str,41,,,,,,,,,,,,
Thursday,41000,EU,3.7,2str,41,,,,,,,,,,,,
Thursday,43000,EU,3.7,2str,43,,,,,,,,,,,,
Thursday,42000,EU,3.7,2str,42,,,,,,,,,,,,
Thursday,43000,EU,3.7,2str,43,,,,,,,,,,,,
Thursday,41000,EU,3.7,2str,41,,,,,,,,,,,,
Thursday,42300,EU,3.7,2str,42,,,,,,,,,,,,
Thursday,44000,EU,3.7,2str,44,,,,,,,,,,,,
Thursday,44000,EU,3.7,2str,44,,,,,,,,,,,,
Thursday,43000,EU,3.7,2str,43,,,,,,,,,,,,
Thursday,42000,EU,3.7,2str,42,,,,,,,,,,,,
Thursday,43000,EU,3.7,2str,43,,,,,,,,,,,,
Thursday,44000,EU,3.7,2str,44,,,,,,,,,,,,
Thursday,42200,EU,3.7,2str,42,,,,,,,,,,,,
Thursday,44000,EU,3.7,2str,44,,,,,,,,,,,,
Thursday,43000,EU,3.7,2str,43,,,,,,,,,,,,
Thursday,41000,EU,3.7,2str,41,,,,,,,,,,,,
Thursday,44000,EU,3.7,2str,44,,,,,,,,,,,,
Thursday,44000,EU,3.7,2str,44,,,,,,,,,,,,
Thursday,43000,EU,3.7,2str,43,,,,,,,,,,,,
Thursday,41000,EU,3.7,2str,41,,,,,,,,,,,,
Thursday,42200,EU,3.7,2str,42,,,,,,,,,,,,
Thursday,42100,EU,3.7,2str,42,,,,,,,,,,,,
Thursday,43000,EU,3.7,2str,43,,,,,,,,,,,,
Thursday,44200,EU,3.7,2str,44,,,,,,,,,,,,
Thursday,43000,EU,3.7,2str,43,,,,,,,,,,,,
Thursday,44000,EU,3.7,2str,44,,,,,,,,,,,,
Thursday,42300,EU,3.7,2str,42,,,,,,,,,,,,
Thursday,41400,EU,3.7,2str,41,,,,,,,,,,,,
Thursday,42200,EU,3.7,2str,42,,,,,,,,,,,,
Thursday,43300,EU,3.7,2str,43,,,,,,,,,,,,
Thursday,44200,EU,3.7,2str,44,,,,,,,,,,,,
Thursday,41100,EU,3.7,2str,41,,,,,,,,,,,,
Thursday,42000,EU,3.7,2str,42,,,,,,,,,,,,
Thursday,43000,EU,3.7,2str,43,,,,,,,,,,,,
Thursday,44100,EU,3.7,2str,44,,,,,,,,,,,,
Thursday,43100,EU,3.7,2str,43,,,,,,,,,,,,
Thursday,43000,EU,3.7,2str,43,,,,,,,,,,,,
Thursday,41100,EU,3.7,2str,41,,,,,,,,,,,,
Thursday,44000,EU,3.7,2str,44,,,,,,,,,,,,
Thursday,41000,EU,3.7,2str,41,,,,,,,,,,,,
Thursday,42000,EU,3.7,2str,42,,,,,,,,,,,,
Thursday,41000,EU,3.7,2str,41,,,,,,,,,,,,
Thursday,41300,EU,3.7,2str,41,,,,,,,,,,,,
Thursday,41300,EU,3.7,2str,41,,,,,,,,,,,,
Thursday,44000,EU,3.7,2str,44,,,,,,,,,,,,
Thursday,44000,EU,3.7,2str,44,,,,,,,,,,,,
Thursday,44000,EU,3.7,2str,44,,,,,,,,,,,,
Thursday,44000,EU,3.7,2str,44,,,,,,,,,,,,
Thursday,44000,EU,3.7,2str,44,,,,,,,,,,,,
Thursday,41000,EU,3.7,2str,41,,,,,,,,,,,,
Thursday,43000,EU,3.7,2str,43,,,,,,,,,,,,
Thursday,43000,EU,3.7,2str,43,,,,,,,,,,,,
Thursday,43000,EU,3.7,2str,43,,,,,,,,,,,,
Thursday,43000,EU,3.7,2str,43,,,,,,,,,,,,
Thursday,42000,EU,3.7,2str,42,,,,,,,,,,,,
Thursday,42000,EU,3.7,2str,42,,,,,,,,,,,,
Thursday,44000,EU,3.7,2str,44,,,,,,,,,,,,
Thursday,44000,EU,3.7,2str,44,,,,,,,,,,,,
Thursday,43000,EU,3.7,2str,43,,,,,,,,,,,,
Thursday,41000,EU,3.7,2str,41,,,,,,,,,,,,
Thursday,44000,EU,3.7,2str,44,,,,,,,,,,,,
Thursday,44000,EU,3.7,2str,44,,,,,,,,,,,,
Thursday,42000,EU,3.7,2str,42,,,,,,,,,,,,
Thursday,43000,EU,3.7,2str,43,,,,,,,,,,,,
Thursday,41000,EU,3.7,2str,41,,,,,,,,,,,,
Thursday,41000,EU,3.7,2str,41,,,,,,,,,,,,
Thursday,42000,EU,3.7,2str,42,,,,,,,,,,,,
Thursday,43200,EU,3.7,2str,43,,,,,,,,,,,,
Thursday,43000,EU,3.7,2str,43,,,,,,,,,,,,
Thursday,44000,EU,3.7,2str,44,,,,,,,,,,,,
Thursday,41000,EU,3.7,2str,41,,,,,,,,,,,,
Thursday,42000,EU,3.7,2str,42,,,,,,,,,,,,
Thursday,41000,EU,3.7,2str,41,,,,,,,,,,,,
Thursday,42000,EU,3.7,2str,42,,,,,,,,,,,,
Thursday,44000,EU,3.7,2str,44,,,,,,,,,,,,
Thursday,41000,EU,3.7,2str,41,,,,,,,,,,,,
Thursday,43000,EU,3.7,2str,43,,,,,,,,,,,,
Thursday,42100,EU,3.7,2str,42,,,,,,,,,,,,
Thursday,44200,EU,3.7,2str,44,,,,,,,,,,,,
Thursday,43200,EU,3.7,2str,43,,,,,,,,,,,,
Thursday,44000,EU,3.7,2str,44,,,,,,,,,,,,
Thursday,41400,EU,3.7,2str,41,,,,,,,,,,,,
Thursday,44000,EU,3.7,2str,44,,,,,,,,,,,,
Thursday,41400,EU,3.7,2str,41,,,,,,,,,,,,
Thursday,41400,EU,3.7,2str,41,,,,,,,,,,,,